snapshot_time,node_id,league_name,is_live,team_home,player_home,team_away,player_away,participant_home,participant_away,period_name,result_home,result_away,start_date_formatted,game_type_id,game_type_name,market_line,outcome_name,odd,is_locked
2026-08-12T19:56:40.552005+00:00,13673684912,GG League - 4x5 Min de juego,True,Cleveland Cavaliers,AZURE,Phoenix Suns,SIGNAL,Cleveland Cavaliers (AZURE),Phoenix Suns (SIGNAL),1º cuarto,17,12,12/08/2026 19:51:00,97,moneyline_1x2,,Cleveland Cavaliers (AZURE),1.45,False
2026-08-12T19:56:40.552005+00:00,13673684912,GG League - 4x5 Min de juego,True,Cleveland Cavaliers,AZURE,Phoenix Suns,SIGNAL,Cleveland Cavaliers (AZURE),Phoenix Suns (SIGNAL),1º cuarto,17,12,12/08/2026 19:51:00,97,moneyline_1x2,,Phoenix Suns (SIGNAL),2.4,False
2026-08-12T19:56:40.552005+00:00,13673685705,GG League - 4x5 Min de juego,False,Oklahoma City Thunder,AZURE,Boston Celtics,PHARAOH,Oklahoma City Thunder (AZURE),Boston Celtics (PHARAOH),,,,12/08/2026 20:23:00,97,moneyline_1x2,,Oklahoma City Thunder (AZURE),1.5,False
2026-08-12T19:56:40.552005+00:00,13673685705,GG League - 4x5 Min de juego,False,Oklahoma City Thunder,AZURE,Boston Celtics,PHARAOH,Oklahoma City Thunder (AZURE),Boston Celtics (PHARAOH),,,,12/08/2026 20:23:00,97,moneyline_1x2,,Boston Celtics (PHARAOH),2.3,False
2026-08-12T19:56:40.552005+00:00,13673685693,GG League - 4x5 Min de juego,False,Miami Heat,UNDERRATED,Chicago Bulls,OREZ,Miami Heat (UNDERRATED),Chicago Bulls (OREZ),,,,12/08/2026 20:07:00,97,moneyline_1x2,,Miami Heat (UNDERRATED),1.57,False
2026-08-12T19:56:40.552005+00:00,13673685693,GG League - 4x5 Min de juego,False,Miami Heat,UNDERRATED,Chicago Bulls,OREZ,Miami Heat (UNDERRATED),Chicago Bulls (OREZ),,,,12/08/2026 20:07:00,97,moneyline_1x2,,Chicago Bulls (OREZ),2.15,False
2026-08-12T19:56:40.552005+00:00,13673685748,GG League - 4x5 Min de juego,False,Boston Celtics,HUNCHO,New York Knicks,JACKAL,Boston Celtics (HUNCHO),New York Knicks (JACKAL),,,,12/08/2026 20:35:00,97,moneyline_1x2,,Boston Celtics (HUNCHO),1.57,False
2026-08-12T19:56:40.552005+00:00,13673685748,GG League - 4x5 Min de juego,False,Boston Celtics,HUNCHO,New York Knicks,JACKAL,Boston Celtics (HUNCHO),New York Knicks (JACKAL),,,,12/08/2026 20:35:00,97,moneyline_1x2,,New York Knicks (JACKAL),2.15,False
2026-08-12T19:56:40.552005+00:00,13673685707,GG League - 4x5 Min de juego,False,Dallas Mavericks,RADIANT,Denver Nuggets,ADMIRAL,Dallas Mavericks (RADIANT),Denver Nuggets (ADMIRAL),,,,12/08/2026 20:51:00,97,moneyline_1x2,,Dallas Mavericks (RADIANT),1.43,False
2026-08-12T19:56:40.552005+00:00,13673685707,GG League - 4x5 Min de juego,False,Dallas Mavericks,RADIANT,Denver Nuggets,ADMIRAL,Dallas Mavericks (RADIANT),Denver Nuggets (ADMIRAL),,,,12/08/2026 20:51:00,97,moneyline_1x2,,Denver Nuggets (ADMIRAL),2.5,False
2026-08-12T19:56:40.552005+00:00,13673683272,GG League - 4x5 Min de juego,False,Toronto Raptors,SPARKZ,Brooklyn Nets,MARINE,Toronto Raptors (SPARKZ),Brooklyn Nets (MARINE),,,,12/08/2026 20:39:00,97,moneyline_1x2,,Toronto Raptors (SPARKZ),1.55,False
2026-08-12T19:56:40.552005+00:00,13673683272,GG League - 4x5 Min de juego,False,Toronto Raptors,SPARKZ,Brooklyn Nets,MARINE,Toronto Raptors (SPARKZ),Brooklyn Nets (MARINE),,,,12/08/2026 20:39:00,97,moneyline_1x2,,Brooklyn Nets (MARINE),2.2,False
2026-08-12T19:56:40.552005+00:00,13673685735,GG League - 4x5 Min de juego,True,Miami Heat,UNDERRATED,Brooklyn Nets,MARINE,Miami Heat (UNDERRATED),Brooklyn Nets (MARINE),4º cuarto,42,46,12/08/2026 19:35:00,97,moneyline_1x2,,Miami Heat (UNDERRATED),6.0,False
2026-08-12T19:56:40.552005+00:00,13673685735,GG League - 4x5 Min de juego,True,Miami Heat,UNDERRATED,Brooklyn Nets,MARINE,Miami Heat (UNDERRATED),Brooklyn Nets (MARINE),4º cuarto,42,46,12/08/2026 19:35:00,97,moneyline_1x2,,Brooklyn Nets (MARINE),1.07,False
2026-08-12T19:56:40.552005+00:00,13673685747,GG League - 4x5 Min de juego,True,Charlotte Hornets,GENERAL,Denver Nuggets,DAGGER,Charlotte Hornets (GENERAL),Denver Nuggets (DAGGER),3º Cuarto,30,37,12/08/2026 19:43:00,97,moneyline_1x2,,Charlotte Hornets (GENERAL),5.5,False
2026-08-12T19:56:40.552005+00:00,13673685747,GG League - 4x5 Min de juego,True,Charlotte Hornets,GENERAL,Denver Nuggets,DAGGER,Charlotte Hornets (GENERAL),Denver Nuggets (DAGGER),3º Cuarto,30,37,12/08/2026 19:43:00,97,moneyline_1x2,,Denver Nuggets (DAGGER),1.09,False
2026-08-12T19:56:40.552005+00:00,13673685700,GG League - 4x5 Min de juego,False,Oklahoma City Thunder,STING,New York Knicks,RADIANT,Oklahoma City Thunder (STING),New York Knicks (RADIANT),,,,12/08/2026 20:19:00,97,moneyline_1x2,,Oklahoma City Thunder (STING),1.5,False
2026-08-12T19:56:40.552005+00:00,13673685700,GG League - 4x5 Min de juego,False,Oklahoma City Thunder,STING,New York Knicks,RADIANT,Oklahoma City Thunder (STING),New York Knicks (RADIANT),,,,12/08/2026 20:19:00,97,moneyline_1x2,,New York Knicks (RADIANT),2.3,False
2026-08-12T19:56:40.552005+00:00,13673684970,GG League - 4x5 Min de juego,False,Oklahoma City Thunder,CALAMITY,Los Angeles Lakers,CURSE,Oklahoma City Thunder (CALAMITY),Los Angeles Lakers (CURSE),,,,12/08/2026 20:03:00,97,moneyline_1x2,,Oklahoma City Thunder (CALAMITY),1.62,False
2026-08-12T19:56:40.552005+00:00,13673684970,GG League - 4x5 Min de juego,False,Oklahoma City Thunder,CALAMITY,Los Angeles Lakers,CURSE,Oklahoma City Thunder (CALAMITY),Los Angeles Lakers (CURSE),,,,12/08/2026 20:03:00,97,moneyline_1x2,,Los Angeles Lakers (CURSE),2.05,False
2026-08-12T19:56:40.552005+00:00,13673685746,GG League - 4x5 Min de juego,True,Oklahoma City Thunder,CYPHER,New York Knicks,MYTH,Oklahoma City Thunder (CYPHER),New York Knicks (MYTH),3º Cuarto,38,31,12/08/2026 19:39:00,97,moneyline_1x2,,Oklahoma City Thunder (CYPHER),1.06,False
2026-08-12T19:56:40.552005+00:00,13673685746,GG League - 4x5 Min de juego,True,Oklahoma City Thunder,CYPHER,New York Knicks,MYTH,Oklahoma City Thunder (CYPHER),New York Knicks (MYTH),3º Cuarto,38,31,12/08/2026 19:39:00,97,moneyline_1x2,,New York Knicks (MYTH),6.5,False
2026-08-12T19:56:40.552005+00:00,13673683093,GG League - 4x5 Min de juego,True,Charlotte Hornets,STING,Denver Nuggets,ADMIRAL,Charlotte Hornets (STING),Denver Nuggets (ADMIRAL),2º cuarto,17,23,12/08/2026 19:47:00,97,moneyline_1x2,,Charlotte Hornets (STING),2.95,False
2026-08-12T19:56:40.552005+00:00,13673683093,GG League - 4x5 Min de juego,True,Charlotte Hornets,STING,Denver Nuggets,ADMIRAL,Charlotte Hornets (STING),Denver Nuggets (ADMIRAL),2º cuarto,17,23,12/08/2026 19:47:00,97,moneyline_1x2,,Denver Nuggets (ADMIRAL),1.3,False
2026-08-12T19:56:40.552005+00:00,13673685698,GG League - 4x5 Min de juego,False,Toronto Raptors,CYPHER,Chicago Bulls,AIRFORCE,Toronto Raptors (CYPHER),Chicago Bulls (AIRFORCE),,,,12/08/2026 20:11:00,97,moneyline_1x2,,Toronto Raptors (CYPHER),1.57,False
2026-08-12T19:56:40.552005+00:00,13673685698,GG League - 4x5 Min de juego,False,Toronto Raptors,CYPHER,Chicago Bulls,AIRFORCE,Toronto Raptors (CYPHER),Chicago Bulls (AIRFORCE),,,,12/08/2026 20:11:00,97,moneyline_1x2,,Chicago Bulls (AIRFORCE),2.15,False
2026-08-12T19:56:40.552005+00:00,13673684971,GG League - 4x5 Min de juego,False,Milwaukee Bucks,GENERAL,Memphis Grizzlies,JUGGERNAUT,Milwaukee Bucks (GENERAL),Memphis Grizzlies (JUGGERNAUT),,,,12/08/2026 20:15:00,97,moneyline_1x2,,Milwaukee Bucks (GENERAL),2.3,False
2026-08-12T19:56:40.552005+00:00,13673684971,GG League - 4x5 Min de juego,False,Milwaukee Bucks,GENERAL,Memphis Grizzlies,JUGGERNAUT,Milwaukee Bucks (GENERAL),Memphis Grizzlies (JUGGERNAUT),,,,12/08/2026 20:15:00,97,moneyline_1x2,,Memphis Grizzlies (JUGGERNAUT),1.5,False
2026-08-12T19:56:40.552005+00:00,13673685714,GG League - 4x5 Min de juego,False,Milwaukee Bucks,PATIENCE,Phoenix Suns,SIGNAL,Milwaukee Bucks (PATIENCE),Phoenix Suns (SIGNAL),,,,12/08/2026 20:55:00,97,moneyline_1x2,,Milwaukee Bucks (PATIENCE),1.43,False
2026-08-12T19:56:40.552005+00:00,13673685714,GG League - 4x5 Min de juego,False,Milwaukee Bucks,PATIENCE,Phoenix Suns,SIGNAL,Milwaukee Bucks (PATIENCE),Phoenix Suns (SIGNAL),,,,12/08/2026 20:55:00,97,moneyline_1x2,,Phoenix Suns (SIGNAL),2.5,False
2026-08-12T19:56:40.552005+00:00,13673683502,GG League - 4x5 Min de juego,False,Orlando Magic,NIGHTHAWK,Denver Nuggets,DAGGER,Orlando Magic (NIGHTHAWK),Denver Nuggets (DAGGER),,,,12/08/2026 20:47:00,97,moneyline_1x2,,Orlando Magic (NIGHTHAWK),1.55,False
2026-08-12T19:56:40.552005+00:00,13673683502,GG League - 4x5 Min de juego,False,Orlando Magic,NIGHTHAWK,Denver Nuggets,DAGGER,Orlando Magic (NIGHTHAWK),Denver Nuggets (DAGGER),,,,12/08/2026 20:47:00,97,moneyline_1x2,,Denver Nuggets (DAGGER),2.2,False
2026-08-12T19:56:40.552005+00:00,13673683501,GG League - 4x5 Min de juego,False,Boston Celtics,KARMA,New York Knicks,MYTH,Boston Celtics (KARMA),New York Knicks (MYTH),,,,12/08/2026 20:43:00,97,moneyline_1x2,,Boston Celtics (KARMA),1.5,False
2026-08-12T19:56:40.552005+00:00,13673683501,GG League - 4x5 Min de juego,False,Boston Celtics,KARMA,New York Knicks,MYTH,Boston Celtics (KARMA),New York Knicks (MYTH),,,,12/08/2026 20:43:00,97,moneyline_1x2,,New York Knicks (MYTH),2.3,False
2026-08-12T20:43:27.993787+00:00,13673685760,GG League - 4x5 Min de juego,False,Dallas Mavericks,JUGGERNAUT,Orlando Magic,NIGHTHAWK,Dallas Mavericks (JUGGERNAUT),Orlando Magic (NIGHTHAWK),,,,12/08/2026 21:51:00,97,moneyline_1x2,,Dallas Mavericks (JUGGERNAUT),2.4,False
2026-08-12T20:43:27.993787+00:00,13673685760,GG League - 4x5 Min de juego,False,Dallas Mavericks,JUGGERNAUT,Orlando Magic,NIGHTHAWK,Dallas Mavericks (JUGGERNAUT),Orlando Magic (NIGHTHAWK),,,,12/08/2026 21:51:00,97,moneyline_1x2,,Orlando Magic (NIGHTHAWK),1.45,False
2026-08-12T20:43:27.993787+00:00,13673685773,GG League - 4x5 Min de juego,False,Memphis Grizzlies,PHARAOH,Milwaukee Bucks,PATIENCE,Memphis Grizzlies (PHARAOH),Milwaukee Bucks (PATIENCE),,,,12/08/2026 21:59:00,97,moneyline_1x2,,Memphis Grizzlies (PHARAOH),2.3,False
2026-08-12T20:43:27.993787+00:00,13673685773,GG League - 4x5 Min de juego,False,Memphis Grizzlies,PHARAOH,Milwaukee Bucks,PATIENCE,Memphis Grizzlies (PHARAOH),Milwaukee Bucks (PATIENCE),,,,12/08/2026 21:59:00,97,moneyline_1x2,,Milwaukee Bucks (PATIENCE),1.5,False
2026-08-12T20:43:27.993787+00:00,13673685173,GG League - 4x5 Min de juego,False,Los Angeles Lakers,CURSE,New York Knicks,JACKAL,Los Angeles Lakers (CURSE),New York Knicks (JACKAL),,,,12/08/2026 21:07:00,97,moneyline_1x2,,Los Angeles Lakers (CURSE),2.05,False
2026-08-12T20:43:27.993787+00:00,13673685173,GG League - 4x5 Min de juego,False,Los Angeles Lakers,CURSE,New York Knicks,JACKAL,Los Angeles Lakers (CURSE),New York Knicks (JACKAL),,,,12/08/2026 21:07:00,97,moneyline_1x2,,New York Knicks (JACKAL),1.62,False
2026-08-12T20:43:27.993787+00:00,13673683632,GG League - 4x5 Min de juego,False,Chicago Bulls,OREZ,Brooklyn Nets,MARINE,Chicago Bulls (OREZ),Brooklyn Nets (MARINE),,,,12/08/2026 21:11:00,97,moneyline_1x2,,Chicago Bulls (OREZ),2.2,False
2026-08-12T20:43:27.993787+00:00,13673683632,GG League - 4x5 Min de juego,False,Chicago Bulls,OREZ,Brooklyn Nets,MARINE,Chicago Bulls (OREZ),Brooklyn Nets (MARINE),,,,12/08/2026 21:11:00,97,moneyline_1x2,,Brooklyn Nets (MARINE),1.55,False
2026-08-12T20:43:27.993787+00:00,13673685748,GG League - 4x5 Min de juego,True,Boston Celtics,HUNCHO,New York Knicks,JACKAL,Boston Celtics (HUNCHO),New York Knicks (JACKAL),2º cuarto,14,16,12/08/2026 20:35:00,97,moneyline_1x2,,Boston Celtics (HUNCHO),2.0,False
2026-08-12T20:43:27.993787+00:00,13673685748,GG League - 4x5 Min de juego,True,Boston Celtics,HUNCHO,New York Knicks,JACKAL,Boston Celtics (HUNCHO),New York Knicks (JACKAL),2º cuarto,14,16,12/08/2026 20:35:00,97,moneyline_1x2,,New York Knicks (JACKAL),1.67,False
2026-08-12T20:43:27.993787+00:00,13673685707,GG League - 4x5 Min de juego,False,Dallas Mavericks,RADIANT,Denver Nuggets,ADMIRAL,Dallas Mavericks (RADIANT),Denver Nuggets (ADMIRAL),,,,12/08/2026 20:51:00,97,moneyline_1x2,,Dallas Mavericks (RADIANT),1.43,False
2026-08-12T20:43:27.993787+00:00,13673685707,GG League - 4x5 Min de juego,False,Dallas Mavericks,RADIANT,Denver Nuggets,ADMIRAL,Dallas Mavericks (RADIANT),Denver Nuggets (ADMIRAL),,,,12/08/2026 20:51:00,97,moneyline_1x2,,Denver Nuggets (ADMIRAL),2.5,False
2026-08-12T20:43:27.993787+00:00,13673683272,GG League - 4x5 Min de juego,True,Toronto Raptors,SPARKZ,Brooklyn Nets,MARINE,Toronto Raptors (SPARKZ),Brooklyn Nets (MARINE),1º cuarto,12,10,12/08/2026 20:39:00,97,moneyline_1x2,,Toronto Raptors (SPARKZ),1.5,False
2026-08-12T20:43:27.993787+00:00,13673683272,GG League - 4x5 Min de juego,True,Toronto Raptors,SPARKZ,Brooklyn Nets,MARINE,Toronto Raptors (SPARKZ),Brooklyn Nets (MARINE),1º cuarto,12,10,12/08/2026 20:39:00,97,moneyline_1x2,,Brooklyn Nets (MARINE),2.3,False
2026-08-12T20:43:27.993787+00:00,13673685174,GG League - 4x5 Min de juego,False,Boston Celtics,PHARAOH,Los Angeles Lakers,SIGNAL,Boston Celtics (PHARAOH),Los Angeles Lakers (SIGNAL),,,,12/08/2026 21:27:00,97,moneyline_1x2,,Boston Celtics (PHARAOH),2.3,False
2026-08-12T20:43:27.993787+00:00,13673685174,GG League - 4x5 Min de juego,False,Boston Celtics,PHARAOH,Los Angeles Lakers,SIGNAL,Boston Celtics (PHARAOH),Los Angeles Lakers (SIGNAL),,,,12/08/2026 21:27:00,97,moneyline_1x2,,Los Angeles Lakers (SIGNAL),1.5,False
2026-08-12T20:43:27.993787+00:00,13673685749,GG League - 4x5 Min de juego,False,Chicago Bulls,AIRFORCE,Miami Heat,MYTH,Chicago Bulls (AIRFORCE),Miami Heat (MYTH),,,,12/08/2026 21:15:00,97,moneyline_1x2,,Chicago Bulls (AIRFORCE),2.05,False
2026-08-12T20:43:27.993787+00:00,13673685749,GG League - 4x5 Min de juego,False,Chicago Bulls,AIRFORCE,Miami Heat,MYTH,Chicago Bulls (AIRFORCE),Miami Heat (MYTH),,,,12/08/2026 21:15:00,97,moneyline_1x2,,Miami Heat (MYTH),1.62,False
2026-08-12T20:43:27.993787+00:00,13673685378,GG League - 4x5 Min de juego,False,Chicago Bulls,OREZ,Toronto Raptors,SPARKZ,Chicago Bulls (OREZ),Toronto Raptors (SPARKZ),,,,12/08/2026 21:43:00,97,moneyline_1x2,,Chicago Bulls (OREZ),2.3,False
2026-08-12T20:43:27.993787+00:00,13673685378,GG League - 4x5 Min de juego,False,Chicago Bulls,OREZ,Toronto Raptors,SPARKZ,Chicago Bulls (OREZ),Toronto Raptors (SPARKZ),,,,12/08/2026 21:43:00,97,moneyline_1x2,,Toronto Raptors (SPARKZ),1.5,False
2026-08-12T20:43:27.993787+00:00,13673685751,GG League - 4x5 Min de juego,False,Memphis Grizzlies,JUGGERNAUT,Cleveland Cavaliers,DAGGER,Memphis Grizzlies (JUGGERNAUT),Cleveland Cavaliers (DAGGER),,,,12/08/2026 21:19:00,97,moneyline_1x2,,Memphis Grizzlies (JUGGERNAUT),1.5,False
2026-08-12T20:43:27.993787+00:00,13673685751,GG League - 4x5 Min de juego,False,Memphis Grizzlies,JUGGERNAUT,Cleveland Cavaliers,DAGGER,Memphis Grizzlies (JUGGERNAUT),Cleveland Cavaliers (DAGGER),,,,12/08/2026 21:19:00,97,moneyline_1x2,,Cleveland Cavaliers (DAGGER),2.3,False
2026-08-12T20:43:27.993787+00:00,13673683710,GG League - 4x5 Min de juego,False,Oklahoma City Thunder,STING,Los Angeles Lakers,ADMIRAL,Oklahoma City Thunder (STING),Los Angeles Lakers (ADMIRAL),,,,12/08/2026 21:23:00,97,moneyline_1x2,,Oklahoma City Thunder (STING),1.62,False
2026-08-12T20:43:27.993787+00:00,13673683710,GG League - 4x5 Min de juego,False,Oklahoma City Thunder,STING,Los Angeles Lakers,ADMIRAL,Oklahoma City Thunder (STING),Los Angeles Lakers (ADMIRAL),,,,12/08/2026 21:23:00,97,moneyline_1x2,,Los Angeles Lakers (ADMIRAL),2.05,False
2026-08-12T20:43:27.993787+00:00,13673685379,GG League - 4x5 Min de juego,False,New York Knicks,JACKAL,Oklahoma City Thunder,CALAMITY,New York Knicks (JACKAL),Oklahoma City Thunder (CALAMITY),,,,12/08/2026 22:11:00,97,moneyline_1x2,,New York Knicks (JACKAL),2.3,False
2026-08-12T20:43:27.993787+00:00,13673685379,GG League - 4x5 Min de juego,False,New York Knicks,JACKAL,Oklahoma City Thunder,CALAMITY,New York Knicks (JACKAL),Oklahoma City Thunder (CALAMITY),,,,12/08/2026 22:11:00,97,moneyline_1x2,,Oklahoma City Thunder (CALAMITY),1.5,False
2026-08-12T20:43:27.993787+00:00,13673683712,GG League - 4x5 Min de juego,False,Charlotte Hornets,STING,Dallas Mavericks,RADIANT,Charlotte Hornets (STING),Dallas Mavericks (RADIANT),,,,12/08/2026 21:55:00,97,moneyline_1x2,,Charlotte Hornets (STING),2.2,False
2026-08-12T20:43:27.993787+00:00,13673683712,GG League - 4x5 Min de juego,False,Charlotte Hornets,STING,Dallas Mavericks,RADIANT,Charlotte Hornets (STING),Dallas Mavericks (RADIANT),,,,12/08/2026 21:55:00,97,moneyline_1x2,,Dallas Mavericks (RADIANT),1.55,False
2026-08-12T20:43:27.993787+00:00,13673685714,GG League - 4x5 Min de juego,False,Milwaukee Bucks,PATIENCE,Phoenix Suns,SIGNAL,Milwaukee Bucks (PATIENCE),Phoenix Suns (SIGNAL),,,,12/08/2026 20:55:00,97,moneyline_1x2,,Milwaukee Bucks (PATIENCE),1.43,False
2026-08-12T20:43:27.993787+00:00,13673685714,GG League - 4x5 Min de juego,False,Milwaukee Bucks,PATIENCE,Phoenix Suns,SIGNAL,Milwaukee Bucks (PATIENCE),Phoenix Suns (SIGNAL),,,,12/08/2026 20:55:00,97,moneyline_1x2,,Phoenix Suns (SIGNAL),2.5,False
2026-08-12T20:43:27.993787+00:00,13673685754,GG League - 4x5 Min de juego,False,Los Angeles Lakers,CURSE,Boston Celtics,HUNCHO,Los Angeles Lakers (CURSE),Boston Celtics (HUNCHO),,,,12/08/2026 21:39:00,97,moneyline_1x2,,Los Angeles Lakers (CURSE),2.35,False
2026-08-12T20:43:27.993787+00:00,13673685754,GG League - 4x5 Min de juego,False,Los Angeles Lakers,CURSE,Boston Celtics,HUNCHO,Los Angeles Lakers (CURSE),Boston Celtics (HUNCHO),,,,12/08/2026 21:39:00,97,moneyline_1x2,,Boston Celtics (HUNCHO),1.5,False
2026-08-12T20:43:27.993787+00:00,13673683502,GG League - 4x5 Min de juego,False,Orlando Magic,NIGHTHAWK,Denver Nuggets,DAGGER,Orlando Magic (NIGHTHAWK),Denver Nuggets (DAGGER),,,,12/08/2026 20:47:00,97,moneyline_1x2,,Orlando Magic (NIGHTHAWK),1.55,False
2026-08-12T20:43:27.993787+00:00,13673683502,GG League - 4x5 Min de juego,False,Orlando Magic,NIGHTHAWK,Denver Nuggets,DAGGER,Orlando Magic (NIGHTHAWK),Denver Nuggets (DAGGER),,,,12/08/2026 20:47:00,97,moneyline_1x2,,Denver Nuggets (DAGGER),2.2,False
2026-08-12T20:43:27.993787+00:00,13673683501,GG League - 4x5 Min de juego,False,Boston Celtics,KARMA,New York Knicks,MYTH,Boston Celtics (KARMA),New York Knicks (MYTH),,,,12/08/2026 20:43:00,97,moneyline_1x2,,Boston Celtics (KARMA),1.43,False
2026-08-12T20:43:27.993787+00:00,13673683501,GG League - 4x5 Min de juego,False,Boston Celtics,KARMA,New York Knicks,MYTH,Boston Celtics (KARMA),New York Knicks (MYTH),,,,12/08/2026 20:43:00,97,moneyline_1x2,,New York Knicks (MYTH),2.5,False
2026-08-12T20:46:47.400331+00:00,13673685760,GG League - 4x5 Min de juego,False,Dallas Mavericks,JUGGERNAUT,Orlando Magic,NIGHTHAWK,Dallas Mavericks (JUGGERNAUT),Orlando Magic (NIGHTHAWK),,,,12/08/2026 21:51:00,97,moneyline_1x2,,Dallas Mavericks (JUGGERNAUT),2.4,False
2026-08-12T20:46:47.400331+00:00,13673685760,GG League - 4x5 Min de juego,False,Dallas Mavericks,JUGGERNAUT,Orlando Magic,NIGHTHAWK,Dallas Mavericks (JUGGERNAUT),Orlando Magic (NIGHTHAWK),,,,12/08/2026 21:51:00,97,moneyline_1x2,,Orlando Magic (NIGHTHAWK),1.45,False
2026-08-12T20:46:47.400331+00:00,13673685773,GG League - 4x5 Min de juego,False,Memphis Grizzlies,PHARAOH,Milwaukee Bucks,PATIENCE,Memphis Grizzlies (PHARAOH),Milwaukee Bucks (PATIENCE),,,,12/08/2026 21:59:00,97,moneyline_1x2,,Memphis Grizzlies (PHARAOH),2.3,False
2026-08-12T20:46:47.400331+00:00,13673685773,GG League - 4x5 Min de juego,False,Memphis Grizzlies,PHARAOH,Milwaukee Bucks,PATIENCE,Memphis Grizzlies (PHARAOH),Milwaukee Bucks (PATIENCE),,,,12/08/2026 21:59:00,97,moneyline_1x2,,Milwaukee Bucks (PATIENCE),1.5,False
2026-08-12T20:46:47.400331+00:00,13673685173,GG League - 4x5 Min de juego,False,Los Angeles Lakers,CURSE,New York Knicks,JACKAL,Los Angeles Lakers (CURSE),New York Knicks (JACKAL),,,,12/08/2026 21:07:00,97,moneyline_1x2,,Los Angeles Lakers (CURSE),2.05,False
2026-08-12T20:46:47.400331+00:00,13673685173,GG League - 4x5 Min de juego,False,Los Angeles Lakers,CURSE,New York Knicks,JACKAL,Los Angeles Lakers (CURSE),New York Knicks (JACKAL),,,,12/08/2026 21:07:00,97,moneyline_1x2,,New York Knicks (JACKAL),1.62,False
2026-08-12T20:46:47.400331+00:00,13673683632,GG League - 4x5 Min de juego,False,Chicago Bulls,OREZ,Brooklyn Nets,MARINE,Chicago Bulls (OREZ),Brooklyn Nets (MARINE),,,,12/08/2026 21:11:00,97,moneyline_1x2,,Chicago Bulls (OREZ),2.2,False
2026-08-12T20:46:47.400331+00:00,13673683632,GG League - 4x5 Min de juego,False,Chicago Bulls,OREZ,Brooklyn Nets,MARINE,Chicago Bulls (OREZ),Brooklyn Nets (MARINE),,,,12/08/2026 21:11:00,97,moneyline_1x2,,Brooklyn Nets (MARINE),1.55,False
2026-08-12T20:46:47.400331+00:00,13673685748,GG League - 4x5 Min de juego,True,Boston Celtics,HUNCHO,New York Knicks,JACKAL,Boston Celtics (HUNCHO),New York Knicks (JACKAL),2º cuarto,23,21,12/08/2026 20:35:00,97,moneyline_1x2,,Boston Celtics (HUNCHO),1.5,False
2026-08-12T20:46:47.400331+00:00,13673685748,GG League - 4x5 Min de juego,True,Boston Celtics,HUNCHO,New York Knicks,JACKAL,Boston Celtics (HUNCHO),New York Knicks (JACKAL),2º cuarto,23,21,12/08/2026 20:35:00,97,moneyline_1x2,,New York Knicks (JACKAL),2.35,False
2026-08-12T20:46:47.400331+00:00,13673685707,GG League - 4x5 Min de juego,False,Dallas Mavericks,RADIANT,Denver Nuggets,ADMIRAL,Dallas Mavericks (RADIANT),Denver Nuggets (ADMIRAL),,,,12/08/2026 20:51:00,97,moneyline_1x2,,Dallas Mavericks (RADIANT),1.43,False
2026-08-12T20:46:47.400331+00:00,13673685707,GG League - 4x5 Min de juego,False,Dallas Mavericks,RADIANT,Denver Nuggets,ADMIRAL,Dallas Mavericks (RADIANT),Denver Nuggets (ADMIRAL),,,,12/08/2026 20:51:00,97,moneyline_1x2,,Denver Nuggets (ADMIRAL),2.5,False
2026-08-12T20:46:47.400331+00:00,13673685174,GG League - 4x5 Min de juego,False,Boston Celtics,PHARAOH,Los Angeles Lakers,SIGNAL,Boston Celtics (PHARAOH),Los Angeles Lakers (SIGNAL),,,,12/08/2026 21:27:00,97,moneyline_1x2,,Boston Celtics (PHARAOH),2.3,False
2026-08-12T20:46:47.400331+00:00,13673685174,GG League - 4x5 Min de juego,False,Boston Celtics,PHARAOH,Los Angeles Lakers,SIGNAL,Boston Celtics (PHARAOH),Los Angeles Lakers (SIGNAL),,,,12/08/2026 21:27:00,97,moneyline_1x2,,Los Angeles Lakers (SIGNAL),1.5,False
2026-08-12T20:46:47.400331+00:00,13673685749,GG League - 4x5 Min de juego,False,Chicago Bulls,AIRFORCE,Miami Heat,MYTH,Chicago Bulls (AIRFORCE),Miami Heat (MYTH),,,,12/08/2026 21:15:00,97,moneyline_1x2,,Chicago Bulls (AIRFORCE),2.05,False
2026-08-12T20:46:47.400331+00:00,13673685749,GG League - 4x5 Min de juego,False,Chicago Bulls,AIRFORCE,Miami Heat,MYTH,Chicago Bulls (AIRFORCE),Miami Heat (MYTH),,,,12/08/2026 21:15:00,97,moneyline_1x2,,Miami Heat (MYTH),1.62,False
2026-08-12T20:46:47.400331+00:00,13673685378,GG League - 4x5 Min de juego,False,Chicago Bulls,OREZ,Toronto Raptors,SPARKZ,Chicago Bulls (OREZ),Toronto Raptors (SPARKZ),,,,12/08/2026 21:43:00,97,moneyline_1x2,,Chicago Bulls (OREZ),2.3,False
2026-08-12T20:46:47.400331+00:00,13673685378,GG League - 4x5 Min de juego,False,Chicago Bulls,OREZ,Toronto Raptors,SPARKZ,Chicago Bulls (OREZ),Toronto Raptors (SPARKZ),,,,12/08/2026 21:43:00,97,moneyline_1x2,,Toronto Raptors (SPARKZ),1.5,False
2026-08-12T20:46:47.400331+00:00,13673685751,GG League - 4x5 Min de juego,False,Memphis Grizzlies,JUGGERNAUT,Cleveland Cavaliers,DAGGER,Memphis Grizzlies (JUGGERNAUT),Cleveland Cavaliers (DAGGER),,,,12/08/2026 21:19:00,97,moneyline_1x2,,Memphis Grizzlies (JUGGERNAUT),1.5,False
2026-08-12T20:46:47.400331+00:00,13673685751,GG League - 4x5 Min de juego,False,Memphis Grizzlies,JUGGERNAUT,Cleveland Cavaliers,DAGGER,Memphis Grizzlies (JUGGERNAUT),Cleveland Cavaliers (DAGGER),,,,12/08/2026 21:19:00,97,moneyline_1x2,,Cleveland Cavaliers (DAGGER),2.3,False
2026-08-12T20:46:47.400331+00:00,13673683710,GG League - 4x5 Min de juego,False,Oklahoma City Thunder,STING,Los Angeles Lakers,ADMIRAL,Oklahoma City Thunder (STING),Los Angeles Lakers (ADMIRAL),,,,12/08/2026 21:23:00,97,moneyline_1x2,,Oklahoma City Thunder (STING),1.62,False
2026-08-12T20:46:47.400331+00:00,13673683710,GG League - 4x5 Min de juego,False,Oklahoma City Thunder,STING,Los Angeles Lakers,ADMIRAL,Oklahoma City Thunder (STING),Los Angeles Lakers (ADMIRAL),,,,12/08/2026 21:23:00,97,moneyline_1x2,,Los Angeles Lakers (ADMIRAL),2.05,False
2026-08-12T20:46:47.400331+00:00,13673685379,GG League - 4x5 Min de juego,False,New York Knicks,JACKAL,Oklahoma City Thunder,CALAMITY,New York Knicks (JACKAL),Oklahoma City Thunder (CALAMITY),,,,12/08/2026 22:11:00,97,moneyline_1x2,,New York Knicks (JACKAL),2.3,False
2026-08-12T20:46:47.400331+00:00,13673685379,GG League - 4x5 Min de juego,False,New York Knicks,JACKAL,Oklahoma City Thunder,CALAMITY,New York Knicks (JACKAL),Oklahoma City Thunder (CALAMITY),,,,12/08/2026 22:11:00,97,moneyline_1x2,,Oklahoma City Thunder (CALAMITY),1.5,False
2026-08-12T20:46:47.400331+00:00,13673683712,GG League - 4x5 Min de juego,False,Charlotte Hornets,STING,Dallas Mavericks,RADIANT,Charlotte Hornets (STING),Dallas Mavericks (RADIANT),,,,12/08/2026 21:55:00,97,moneyline_1x2,,Charlotte Hornets (STING),2.2,False
2026-08-12T20:46:47.400331+00:00,13673683712,GG League - 4x5 Min de juego,False,Charlotte Hornets,STING,Dallas Mavericks,RADIANT,Charlotte Hornets (STING),Dallas Mavericks (RADIANT),,,,12/08/2026 21:55:00,97,moneyline_1x2,,Dallas Mavericks (RADIANT),1.55,False
2026-08-12T20:46:47.400331+00:00,13673685714,GG League - 4x5 Min de juego,False,Milwaukee Bucks,PATIENCE,Phoenix Suns,SIGNAL,Milwaukee Bucks (PATIENCE),Phoenix Suns (SIGNAL),,,,12/08/2026 20:55:00,97,moneyline_1x2,,Milwaukee Bucks (PATIENCE),1.43,False
2026-08-12T20:46:47.400331+00:00,13673685714,GG League - 4x5 Min de juego,False,Milwaukee Bucks,PATIENCE,Phoenix Suns,SIGNAL,Milwaukee Bucks (PATIENCE),Phoenix Suns (SIGNAL),,,,12/08/2026 20:55:00,97,moneyline_1x2,,Phoenix Suns (SIGNAL),2.5,False
2026-08-12T20:46:47.400331+00:00,13673685754,GG League - 4x5 Min de juego,False,Los Angeles Lakers,CURSE,Boston Celtics,HUNCHO,Los Angeles Lakers (CURSE),Boston Celtics (HUNCHO),,,,12/08/2026 21:39:00,97,moneyline_1x2,,Los Angeles Lakers (CURSE),2.35,False
2026-08-12T20:46:47.400331+00:00,13673685754,GG League - 4x5 Min de juego,False,Los Angeles Lakers,CURSE,Boston Celtics,HUNCHO,Los Angeles Lakers (CURSE),Boston Celtics (HUNCHO),,,,12/08/2026 21:39:00,97,moneyline_1x2,,Boston Celtics (HUNCHO),1.5,False
2026-08-12T20:46:47.400331+00:00,13673683502,GG League - 4x5 Min de juego,False,Orlando Magic,NIGHTHAWK,Denver Nuggets,DAGGER,Orlando Magic (NIGHTHAWK),Denver Nuggets (DAGGER),,,,12/08/2026 20:47:00,97,moneyline_1x2,,Orlando Magic (NIGHTHAWK),1.55,False
2026-08-12T20:46:47.400331+00:00,13673683502,GG League - 4x5 Min de juego,False,Orlando Magic,NIGHTHAWK,Denver Nuggets,DAGGER,Orlando Magic (NIGHTHAWK),Denver Nuggets (DAGGER),,,,12/08/2026 20:47:00,97,moneyline_1x2,,Denver Nuggets (DAGGER),2.2,False
2026-08-12T20:46:47.400331+00:00,13673683501,GG League - 4x5 Min de juego,True,Boston Celtics,KARMA,New York Knicks,MYTH,Boston Celtics (KARMA),New York Knicks (MYTH),1º cuarto,7,7,12/08/2026 20:43:00,97,moneyline_1x2,,Boston Celtics (KARMA),1.43,False
2026-08-12T20:46:47.400331+00:00,13673683501,GG League - 4x5 Min de juego,True,Boston Celtics,KARMA,New York Knicks,MYTH,Boston Celtics (KARMA),New York Knicks (MYTH),1º cuarto,7,7,12/08/2026 20:43:00,97,moneyline_1x2,,New York Knicks (MYTH),2.5,False
2026-08-12T20:48:47.301752+00:00,13673685760,GG League - 4x5 Min de juego,False,Dallas Mavericks,JUGGERNAUT,Orlando Magic,NIGHTHAWK,Dallas Mavericks (JUGGERNAUT),Orlando Magic (NIGHTHAWK),,,,12/08/2026 21:51:00,97,moneyline_1x2,,Dallas Mavericks (JUGGERNAUT),2.4,False
2026-08-12T20:48:47.301752+00:00,13673685760,GG League - 4x5 Min de juego,False,Dallas Mavericks,JUGGERNAUT,Orlando Magic,NIGHTHAWK,Dallas Mavericks (JUGGERNAUT),Orlando Magic (NIGHTHAWK),,,,12/08/2026 21:51:00,97,moneyline_1x2,,Orlando Magic (NIGHTHAWK),1.45,False
2026-08-12T20:48:47.301752+00:00,13673685773,GG League - 4x5 Min de juego,False,Memphis Grizzlies,PHARAOH,Milwaukee Bucks,PATIENCE,Memphis Grizzlies (PHARAOH),Milwaukee Bucks (PATIENCE),,,,12/08/2026 21:59:00,97,moneyline_1x2,,Memphis Grizzlies (PHARAOH),2.3,False
2026-08-12T20:48:47.301752+00:00,13673685773,GG League - 4x5 Min de juego,False,Memphis Grizzlies,PHARAOH,Milwaukee Bucks,PATIENCE,Memphis Grizzlies (PHARAOH),Milwaukee Bucks (PATIENCE),,,,12/08/2026 21:59:00,97,moneyline_1x2,,Milwaukee Bucks (PATIENCE),1.5,False
2026-08-12T20:48:47.301752+00:00,13673685173,GG League - 4x5 Min de juego,False,Los Angeles Lakers,CURSE,New York Knicks,JACKAL,Los Angeles Lakers (CURSE),New York Knicks (JACKAL),,,,12/08/2026 21:07:00,97,moneyline_1x2,,Los Angeles Lakers (CURSE),2.05,False
2026-08-12T20:48:47.301752+00:00,13673685173,GG League - 4x5 Min de juego,False,Los Angeles Lakers,CURSE,New York Knicks,JACKAL,Los Angeles Lakers (CURSE),New York Knicks (JACKAL),,,,12/08/2026 21:07:00,97,moneyline_1x2,,New York Knicks (JACKAL),1.62,False
2026-08-12T20:48:47.301752+00:00,13673683632,GG League - 4x5 Min de juego,False,Chicago Bulls,OREZ,Brooklyn Nets,MARINE,Chicago Bulls (OREZ),Brooklyn Nets (MARINE),,,,12/08/2026 21:11:00,97,moneyline_1x2,,Chicago Bulls (OREZ),2.2,False
2026-08-12T20:48:47.301752+00:00,13673683632,GG League - 4x5 Min de juego,False,Chicago Bulls,OREZ,Brooklyn Nets,MARINE,Chicago Bulls (OREZ),Brooklyn Nets (MARINE),,,,12/08/2026 21:11:00,97,moneyline_1x2,,Brooklyn Nets (MARINE),1.55,False
2026-08-12T20:48:47.301752+00:00,13673685748,GG League - 4x5 Min de juego,True,Boston Celtics,HUNCHO,New York Knicks,JACKAL,Boston Celtics (HUNCHO),New York Knicks (JACKAL),3º Cuarto,28,28,12/08/2026 20:35:00,97,moneyline_1x2,,Boston Celtics (HUNCHO),1.72,False
2026-08-12T20:48:47.301752+00:00,13673685748,GG League - 4x5 Min de juego,True,Boston Celtics,HUNCHO,New York Knicks,JACKAL,Boston Celtics (HUNCHO),New York Knicks (JACKAL),3º Cuarto,28,28,12/08/2026 20:35:00,97,moneyline_1x2,,New York Knicks (JACKAL),1.91,False
2026-08-12T20:48:47.301752+00:00,13673685707,GG League - 4x5 Min de juego,False,Dallas Mavericks,RADIANT,Denver Nuggets,ADMIRAL,Dallas Mavericks (RADIANT),Denver Nuggets (ADMIRAL),,,,12/08/2026 20:51:00,97,moneyline_1x2,,Dallas Mavericks (RADIANT),1.43,False
2026-08-12T20:48:47.301752+00:00,13673685707,GG League - 4x5 Min de juego,False,Dallas Mavericks,RADIANT,Denver Nuggets,ADMIRAL,Dallas Mavericks (RADIANT),Denver Nuggets (ADMIRAL),,,,12/08/2026 20:51:00,97,moneyline_1x2,,Denver Nuggets (ADMIRAL),2.5,False
2026-08-12T20:48:47.301752+00:00,13673685174,GG League - 4x5 Min de juego,False,Boston Celtics,PHARAOH,Los Angeles Lakers,SIGNAL,Boston Celtics (PHARAOH),Los Angeles Lakers (SIGNAL),,,,12/08/2026 21:27:00,97,moneyline_1x2,,Boston Celtics (PHARAOH),2.3,False
2026-08-12T20:48:47.301752+00:00,13673685174,GG League - 4x5 Min de juego,False,Boston Celtics,PHARAOH,Los Angeles Lakers,SIGNAL,Boston Celtics (PHARAOH),Los Angeles Lakers (SIGNAL),,,,12/08/2026 21:27:00,97,moneyline_1x2,,Los Angeles Lakers (SIGNAL),1.5,False
2026-08-12T20:48:47.301752+00:00,13673685749,GG League - 4x5 Min de juego,False,Chicago Bulls,AIRFORCE,Miami Heat,MYTH,Chicago Bulls (AIRFORCE),Miami Heat (MYTH),,,,12/08/2026 21:15:00,97,moneyline_1x2,,Chicago Bulls (AIRFORCE),2.05,False
2026-08-12T20:48:47.301752+00:00,13673685749,GG League - 4x5 Min de juego,False,Chicago Bulls,AIRFORCE,Miami Heat,MYTH,Chicago Bulls (AIRFORCE),Miami Heat (MYTH),,,,12/08/2026 21:15:00,97,moneyline_1x2,,Miami Heat (MYTH),1.62,False
2026-08-12T20:48:47.301752+00:00,13673685378,GG League - 4x5 Min de juego,False,Chicago Bulls,OREZ,Toronto Raptors,SPARKZ,Chicago Bulls (OREZ),Toronto Raptors (SPARKZ),,,,12/08/2026 21:43:00,97,moneyline_1x2,,Chicago Bulls (OREZ),2.3,False
2026-08-12T20:48:47.301752+00:00,13673685378,GG League - 4x5 Min de juego,False,Chicago Bulls,OREZ,Toronto Raptors,SPARKZ,Chicago Bulls (OREZ),Toronto Raptors (SPARKZ),,,,12/08/2026 21:43:00,97,moneyline_1x2,,Toronto Raptors (SPARKZ),1.5,False
2026-08-12T20:48:47.301752+00:00,13673685751,GG League - 4x5 Min de juego,False,Memphis Grizzlies,JUGGERNAUT,Cleveland Cavaliers,DAGGER,Memphis Grizzlies (JUGGERNAUT),Cleveland Cavaliers (DAGGER),,,,12/08/2026 21:19:00,97,moneyline_1x2,,Memphis Grizzlies (JUGGERNAUT),1.5,False
2026-08-12T20:48:47.301752+00:00,13673685751,GG League - 4x5 Min de juego,False,Memphis Grizzlies,JUGGERNAUT,Cleveland Cavaliers,DAGGER,Memphis Grizzlies (JUGGERNAUT),Cleveland Cavaliers (DAGGER),,,,12/08/2026 21:19:00,97,moneyline_1x2,,Cleveland Cavaliers (DAGGER),2.3,False
2026-08-12T20:48:47.301752+00:00,13673683710,GG League - 4x5 Min de juego,False,Oklahoma City Thunder,STING,Los Angeles Lakers,ADMIRAL,Oklahoma City Thunder (STING),Los Angeles Lakers (ADMIRAL),,,,12/08/2026 21:23:00,97,moneyline_1x2,,Oklahoma City Thunder (STING),1.62,False
2026-08-12T20:48:47.301752+00:00,13673683710,GG League - 4x5 Min de juego,False,Oklahoma City Thunder,STING,Los Angeles Lakers,ADMIRAL,Oklahoma City Thunder (STING),Los Angeles Lakers (ADMIRAL),,,,12/08/2026 21:23:00,97,moneyline_1x2,,Los Angeles Lakers (ADMIRAL),2.05,False
2026-08-12T20:48:47.301752+00:00,13673685379,GG League - 4x5 Min de juego,False,New York Knicks,JACKAL,Oklahoma City Thunder,CALAMITY,New York Knicks (JACKAL),Oklahoma City Thunder (CALAMITY),,,,12/08/2026 22:11:00,97,moneyline_1x2,,New York Knicks (JACKAL),2.3,False
2026-08-12T20:48:47.301752+00:00,13673685379,GG League - 4x5 Min de juego,False,New York Knicks,JACKAL,Oklahoma City Thunder,CALAMITY,New York Knicks (JACKAL),Oklahoma City Thunder (CALAMITY),,,,12/08/2026 22:11:00,97,moneyline_1x2,,Oklahoma City Thunder (CALAMITY),1.5,False
2026-08-12T20:48:47.301752+00:00,13673683712,GG League - 4x5 Min de juego,False,Charlotte Hornets,STING,Dallas Mavericks,RADIANT,Charlotte Hornets (STING),Dallas Mavericks (RADIANT),,,,12/08/2026 21:55:00,97,moneyline_1x2,,Charlotte Hornets (STING),2.2,False
2026-08-12T20:48:47.301752+00:00,13673683712,GG League - 4x5 Min de juego,False,Charlotte Hornets,STING,Dallas Mavericks,RADIANT,Charlotte Hornets (STING),Dallas Mavericks (RADIANT),,,,12/08/2026 21:55:00,97,moneyline_1x2,,Dallas Mavericks (RADIANT),1.55,False
2026-08-12T20:48:47.301752+00:00,13673685714,GG League - 4x5 Min de juego,False,Milwaukee Bucks,PATIENCE,Phoenix Suns,SIGNAL,Milwaukee Bucks (PATIENCE),Phoenix Suns (SIGNAL),,,,12/08/2026 20:55:00,97,moneyline_1x2,,Milwaukee Bucks (PATIENCE),1.43,False
2026-08-12T20:48:47.301752+00:00,13673685714,GG League - 4x5 Min de juego,False,Milwaukee Bucks,PATIENCE,Phoenix Suns,SIGNAL,Milwaukee Bucks (PATIENCE),Phoenix Suns (SIGNAL),,,,12/08/2026 20:55:00,97,moneyline_1x2,,Phoenix Suns (SIGNAL),2.5,False
2026-08-12T20:48:47.301752+00:00,13673685754,GG League - 4x5 Min de juego,False,Los Angeles Lakers,CURSE,Boston Celtics,HUNCHO,Los Angeles Lakers (CURSE),Boston Celtics (HUNCHO),,,,12/08/2026 21:39:00,97,moneyline_1x2,,Los Angeles Lakers (CURSE),2.35,False
2026-08-12T20:48:47.301752+00:00,13673685754,GG League - 4x5 Min de juego,False,Los Angeles Lakers,CURSE,Boston Celtics,HUNCHO,Los Angeles Lakers (CURSE),Boston Celtics (HUNCHO),,,,12/08/2026 21:39:00,97,moneyline_1x2,,Boston Celtics (HUNCHO),1.5,False
2026-08-12T20:48:47.301752+00:00,13673683502,GG League - 4x5 Min de juego,True,Orlando Magic,NIGHTHAWK,Denver Nuggets,DAGGER,Orlando Magic (NIGHTHAWK),Denver Nuggets (DAGGER),1º cuarto,7,3,12/08/2026 20:47:00,97,moneyline_1x2,,Orlando Magic (NIGHTHAWK),1.4,False
2026-08-12T20:48:47.301752+00:00,13673683502,GG League - 4x5 Min de juego,True,Orlando Magic,NIGHTHAWK,Denver Nuggets,DAGGER,Orlando Magic (NIGHTHAWK),Denver Nuggets (DAGGER),1º cuarto,7,3,12/08/2026 20:47:00,97,moneyline_1x2,,Denver Nuggets (DAGGER),2.6,False
2026-08-12T20:51:08.611809+00:00,13673685760,GG League - 4x5 Min de juego,False,Dallas Mavericks,JUGGERNAUT,Orlando Magic,NIGHTHAWK,Dallas Mavericks (JUGGERNAUT),Orlando Magic (NIGHTHAWK),,,,12/08/2026 21:51:00,97,moneyline_1x2,,Dallas Mavericks (JUGGERNAUT),2.4,False
2026-08-12T20:51:08.611809+00:00,13673685760,GG League - 4x5 Min de juego,False,Dallas Mavericks,JUGGERNAUT,Orlando Magic,NIGHTHAWK,Dallas Mavericks (JUGGERNAUT),Orlando Magic (NIGHTHAWK),,,,12/08/2026 21:51:00,97,moneyline_1x2,,Orlando Magic (NIGHTHAWK),1.45,False
2026-08-12T20:51:08.611809+00:00,13673685773,GG League - 4x5 Min de juego,False,Memphis Grizzlies,PHARAOH,Milwaukee Bucks,PATIENCE,Memphis Grizzlies (PHARAOH),Milwaukee Bucks (PATIENCE),,,,12/08/2026 21:59:00,97,moneyline_1x2,,Memphis Grizzlies (PHARAOH),2.3,False
2026-08-12T20:51:08.611809+00:00,13673685773,GG League - 4x5 Min de juego,False,Memphis Grizzlies,PHARAOH,Milwaukee Bucks,PATIENCE,Memphis Grizzlies (PHARAOH),Milwaukee Bucks (PATIENCE),,,,12/08/2026 21:59:00,97,moneyline_1x2,,Milwaukee Bucks (PATIENCE),1.5,False
2026-08-12T20:51:08.611809+00:00,13673685173,GG League - 4x5 Min de juego,False,Los Angeles Lakers,CURSE,New York Knicks,JACKAL,Los Angeles Lakers (CURSE),New York Knicks (JACKAL),,,,12/08/2026 21:07:00,97,moneyline_1x2,,Los Angeles Lakers (CURSE),2.05,False
2026-08-12T20:51:08.611809+00:00,13673685173,GG League - 4x5 Min de juego,False,Los Angeles Lakers,CURSE,New York Knicks,JACKAL,Los Angeles Lakers (CURSE),New York Knicks (JACKAL),,,,12/08/2026 21:07:00,97,moneyline_1x2,,New York Knicks (JACKAL),1.62,False
2026-08-12T20:51:08.611809+00:00,13673683632,GG League - 4x5 Min de juego,False,Chicago Bulls,OREZ,Brooklyn Nets,MARINE,Chicago Bulls (OREZ),Brooklyn Nets (MARINE),,,,12/08/2026 21:11:00,97,moneyline_1x2,,Chicago Bulls (OREZ),2.2,False
2026-08-12T20:51:08.611809+00:00,13673683632,GG League - 4x5 Min de juego,False,Chicago Bulls,OREZ,Brooklyn Nets,MARINE,Chicago Bulls (OREZ),Brooklyn Nets (MARINE),,,,12/08/2026 21:11:00,97,moneyline_1x2,,Brooklyn Nets (MARINE),1.55,False
2026-08-12T20:51:08.611809+00:00,13673685748,GG League - 4x5 Min de juego,True,Boston Celtics,HUNCHO,New York Knicks,JACKAL,Boston Celtics (HUNCHO),New York Knicks (JACKAL),3º Cuarto,30,34,12/08/2026 20:35:00,97,moneyline_1x2,,Boston Celtics (HUNCHO),2.7,False
2026-08-12T20:51:08.611809+00:00,13673685748,GG League - 4x5 Min de juego,True,Boston Celtics,HUNCHO,New York Knicks,JACKAL,Boston Celtics (HUNCHO),New York Knicks (JACKAL),3º Cuarto,30,34,12/08/2026 20:35:00,97,moneyline_1x2,,New York Knicks (JACKAL),1.37,False
2026-08-12T20:51:08.611809+00:00,13673685174,GG League - 4x5 Min de juego,False,Boston Celtics,PHARAOH,Los Angeles Lakers,SIGNAL,Boston Celtics (PHARAOH),Los Angeles Lakers (SIGNAL),,,,12/08/2026 21:27:00,97,moneyline_1x2,,Boston Celtics (PHARAOH),2.3,False
2026-08-12T20:51:08.611809+00:00,13673685174,GG League - 4x5 Min de juego,False,Boston Celtics,PHARAOH,Los Angeles Lakers,SIGNAL,Boston Celtics (PHARAOH),Los Angeles Lakers (SIGNAL),,,,12/08/2026 21:27:00,97,moneyline_1x2,,Los Angeles Lakers (SIGNAL),1.5,False
2026-08-12T20:51:08.611809+00:00,13673685749,GG League - 4x5 Min de juego,False,Chicago Bulls,AIRFORCE,Miami Heat,MYTH,Chicago Bulls (AIRFORCE),Miami Heat (MYTH),,,,12/08/2026 21:15:00,97,moneyline_1x2,,Chicago Bulls (AIRFORCE),2.05,False
2026-08-12T20:51:08.611809+00:00,13673685749,GG League - 4x5 Min de juego,False,Chicago Bulls,AIRFORCE,Miami Heat,MYTH,Chicago Bulls (AIRFORCE),Miami Heat (MYTH),,,,12/08/2026 21:15:00,97,moneyline_1x2,,Miami Heat (MYTH),1.62,False
2026-08-12T20:51:08.611809+00:00,13673685378,GG League - 4x5 Min de juego,False,Chicago Bulls,OREZ,Toronto Raptors,SPARKZ,Chicago Bulls (OREZ),Toronto Raptors (SPARKZ),,,,12/08/2026 21:43:00,97,moneyline_1x2,,Chicago Bulls (OREZ),2.3,False
2026-08-12T20:51:08.611809+00:00,13673685378,GG League - 4x5 Min de juego,False,Chicago Bulls,OREZ,Toronto Raptors,SPARKZ,Chicago Bulls (OREZ),Toronto Raptors (SPARKZ),,,,12/08/2026 21:43:00,97,moneyline_1x2,,Toronto Raptors (SPARKZ),1.5,False
2026-08-12T20:51:08.611809+00:00,13673685751,GG League - 4x5 Min de juego,False,Memphis Grizzlies,JUGGERNAUT,Cleveland Cavaliers,DAGGER,Memphis Grizzlies (JUGGERNAUT),Cleveland Cavaliers (DAGGER),,,,12/08/2026 21:19:00,97,moneyline_1x2,,Memphis Grizzlies (JUGGERNAUT),1.5,False
2026-08-12T20:51:08.611809+00:00,13673685751,GG League - 4x5 Min de juego,False,Memphis Grizzlies,JUGGERNAUT,Cleveland Cavaliers,DAGGER,Memphis Grizzlies (JUGGERNAUT),Cleveland Cavaliers (DAGGER),,,,12/08/2026 21:19:00,97,moneyline_1x2,,Cleveland Cavaliers (DAGGER),2.3,False
2026-08-12T20:51:08.611809+00:00,13673683710,GG League - 4x5 Min de juego,False,Oklahoma City Thunder,STING,Los Angeles Lakers,ADMIRAL,Oklahoma City Thunder (STING),Los Angeles Lakers (ADMIRAL),,,,12/08/2026 21:23:00,97,moneyline_1x2,,Oklahoma City Thunder (STING),1.62,False
2026-08-12T20:51:08.611809+00:00,13673683710,GG League - 4x5 Min de juego,False,Oklahoma City Thunder,STING,Los Angeles Lakers,ADMIRAL,Oklahoma City Thunder (STING),Los Angeles Lakers (ADMIRAL),,,,12/08/2026 21:23:00,97,moneyline_1x2,,Los Angeles Lakers (ADMIRAL),2.05,False
2026-08-12T20:51:08.611809+00:00,13673685379,GG League - 4x5 Min de juego,False,New York Knicks,JACKAL,Oklahoma City Thunder,CALAMITY,New York Knicks (JACKAL),Oklahoma City Thunder (CALAMITY),,,,12/08/2026 22:11:00,97,moneyline_1x2,,New York Knicks (JACKAL),2.3,False
2026-08-12T20:51:08.611809+00:00,13673685379,GG League - 4x5 Min de juego,False,New York Knicks,JACKAL,Oklahoma City Thunder,CALAMITY,New York Knicks (JACKAL),Oklahoma City Thunder (CALAMITY),,,,12/08/2026 22:11:00,97,moneyline_1x2,,Oklahoma City Thunder (CALAMITY),1.5,False
2026-08-12T20:51:08.611809+00:00,13673683712,GG League - 4x5 Min de juego,False,Charlotte Hornets,STING,Dallas Mavericks,RADIANT,Charlotte Hornets (STING),Dallas Mavericks (RADIANT),,,,12/08/2026 21:55:00,97,moneyline_1x2,,Charlotte Hornets (STING),2.2,False
2026-08-12T20:51:08.611809+00:00,13673683712,GG League - 4x5 Min de juego,False,Charlotte Hornets,STING,Dallas Mavericks,RADIANT,Charlotte Hornets (STING),Dallas Mavericks (RADIANT),,,,12/08/2026 21:55:00,97,moneyline_1x2,,Dallas Mavericks (RADIANT),1.55,False
2026-08-12T20:51:08.611809+00:00,13673685714,GG League - 4x5 Min de juego,False,Milwaukee Bucks,PATIENCE,Phoenix Suns,SIGNAL,Milwaukee Bucks (PATIENCE),Phoenix Suns (SIGNAL),,,,12/08/2026 20:55:00,97,moneyline_1x2,,Milwaukee Bucks (PATIENCE),1.43,False
2026-08-12T20:51:08.611809+00:00,13673685714,GG League - 4x5 Min de juego,False,Milwaukee Bucks,PATIENCE,Phoenix Suns,SIGNAL,Milwaukee Bucks (PATIENCE),Phoenix Suns (SIGNAL),,,,12/08/2026 20:55:00,97,moneyline_1x2,,Phoenix Suns (SIGNAL),2.5,False
2026-08-12T20:51:08.611809+00:00,13673685754,GG League - 4x5 Min de juego,False,Los Angeles Lakers,CURSE,Boston Celtics,HUNCHO,Los Angeles Lakers (CURSE),Boston Celtics (HUNCHO),,,,12/08/2026 21:39:00,97,moneyline_1x2,,Los Angeles Lakers (CURSE),2.35,False
2026-08-12T20:51:08.611809+00:00,13673685754,GG League - 4x5 Min de juego,False,Los Angeles Lakers,CURSE,Boston Celtics,HUNCHO,Los Angeles Lakers (CURSE),Boston Celtics (HUNCHO),,,,12/08/2026 21:39:00,97,moneyline_1x2,,Boston Celtics (HUNCHO),1.5,False
2026-08-12T20:51:08.611809+00:00,13673683502,GG League - 4x5 Min de juego,True,Orlando Magic,NIGHTHAWK,Denver Nuggets,DAGGER,Orlando Magic (NIGHTHAWK),Denver Nuggets (DAGGER),1º cuarto,12,7,12/08/2026 20:47:00,97,moneyline_1x2,,Orlando Magic (NIGHTHAWK),1.3,False
2026-08-12T20:51:08.611809+00:00,13673683502,GG League - 4x5 Min de juego,True,Orlando Magic,NIGHTHAWK,Denver Nuggets,DAGGER,Orlando Magic (NIGHTHAWK),Denver Nuggets (DAGGER),1º cuarto,12,7,12/08/2026 20:47:00,97,moneyline_1x2,,Denver Nuggets (DAGGER),3.0,False
2026-08-12T20:51:08.611809+00:00,13673683501,GG League - 4x5 Min de juego,True,Boston Celtics,KARMA,New York Knicks,MYTH,Boston Celtics (KARMA),New York Knicks (MYTH),2º cuarto,14,13,12/08/2026 20:43:00,97,moneyline_1x2,,Boston Celtics (KARMA),1.4,False
2026-08-12T20:51:08.611809+00:00,13673683501,GG League - 4x5 Min de juego,True,Boston Celtics,KARMA,New York Knicks,MYTH,Boston Celtics (KARMA),New York Knicks (MYTH),2º cuarto,14,13,12/08/2026 20:43:00,97,moneyline_1x2,,New York Knicks (MYTH),2.6,False
2026-08-12T20:52:47.638286+00:00,13673685760,GG League - 4x5 Min de juego,False,Dallas Mavericks,JUGGERNAUT,Orlando Magic,NIGHTHAWK,Dallas Mavericks (JUGGERNAUT),Orlando Magic (NIGHTHAWK),,,,12/08/2026 21:51:00,97,moneyline_1x2,,Dallas Mavericks (JUGGERNAUT),2.4,False
2026-08-12T20:52:47.638286+00:00,13673685760,GG League - 4x5 Min de juego,False,Dallas Mavericks,JUGGERNAUT,Orlando Magic,NIGHTHAWK,Dallas Mavericks (JUGGERNAUT),Orlando Magic (NIGHTHAWK),,,,12/08/2026 21:51:00,97,moneyline_1x2,,Orlando Magic (NIGHTHAWK),1.45,False
2026-08-12T20:52:47.638286+00:00,13673685773,GG League - 4x5 Min de juego,False,Memphis Grizzlies,PHARAOH,Milwaukee Bucks,PATIENCE,Memphis Grizzlies (PHARAOH),Milwaukee Bucks (PATIENCE),,,,12/08/2026 21:59:00,97,moneyline_1x2,,Memphis Grizzlies (PHARAOH),2.3,False
2026-08-12T20:52:47.638286+00:00,13673685773,GG League - 4x5 Min de juego,False,Memphis Grizzlies,PHARAOH,Milwaukee Bucks,PATIENCE,Memphis Grizzlies (PHARAOH),Milwaukee Bucks (PATIENCE),,,,12/08/2026 21:59:00,97,moneyline_1x2,,Milwaukee Bucks (PATIENCE),1.5,False
2026-08-12T20:52:47.638286+00:00,13673685173,GG League - 4x5 Min de juego,False,Los Angeles Lakers,CURSE,New York Knicks,JACKAL,Los Angeles Lakers (CURSE),New York Knicks (JACKAL),,,,12/08/2026 21:07:00,97,moneyline_1x2,,Los Angeles Lakers (CURSE),2.05,False
2026-08-12T20:52:47.638286+00:00,13673685173,GG League - 4x5 Min de juego,False,Los Angeles Lakers,CURSE,New York Knicks,JACKAL,Los Angeles Lakers (CURSE),New York Knicks (JACKAL),,,,12/08/2026 21:07:00,97,moneyline_1x2,,New York Knicks (JACKAL),1.62,False
2026-08-12T20:52:47.638286+00:00,13673683632,GG League - 4x5 Min de juego,False,Chicago Bulls,OREZ,Brooklyn Nets,MARINE,Chicago Bulls (OREZ),Brooklyn Nets (MARINE),,,,12/08/2026 21:11:00,97,moneyline_1x2,,Chicago Bulls (OREZ),2.2,False
2026-08-12T20:52:47.638286+00:00,13673683632,GG League - 4x5 Min de juego,False,Chicago Bulls,OREZ,Brooklyn Nets,MARINE,Chicago Bulls (OREZ),Brooklyn Nets (MARINE),,,,12/08/2026 21:11:00,97,moneyline_1x2,,Brooklyn Nets (MARINE),1.55,False
2026-08-12T20:52:47.638286+00:00,13673685748,GG League - 4x5 Min de juego,True,Boston Celtics,HUNCHO,New York Knicks,JACKAL,Boston Celtics (HUNCHO),New York Knicks (JACKAL),3º Cuarto,30,39,12/08/2026 20:35:00,97,moneyline_1x2,,Boston Celtics (HUNCHO),6.75,False
2026-08-12T20:52:47.638286+00:00,13673685748,GG League - 4x5 Min de juego,True,Boston Celtics,HUNCHO,New York Knicks,JACKAL,Boston Celtics (HUNCHO),New York Knicks (JACKAL),3º Cuarto,30,39,12/08/2026 20:35:00,97,moneyline_1x2,,New York Knicks (JACKAL),1.05,False
2026-08-12T20:52:47.638286+00:00,13673685774,GG League - 4x5 Min de juego,False,Brooklyn Nets,MARINE,Miami Heat,UNDERRATED,Brooklyn Nets (MARINE),Miami Heat (UNDERRATED),,,,12/08/2026 22:15:00,97,moneyline_1x2,,Brooklyn Nets (MARINE),1.57,False
2026-08-12T20:52:47.638286+00:00,13673685774,GG League - 4x5 Min de juego,False,Brooklyn Nets,MARINE,Miami Heat,UNDERRATED,Brooklyn Nets (MARINE),Miami Heat (UNDERRATED),,,,12/08/2026 22:15:00,97,moneyline_1x2,,Miami Heat (UNDERRATED),2.15,False
2026-08-12T20:52:47.638286+00:00,13673685174,GG League - 4x5 Min de juego,False,Boston Celtics,PHARAOH,Los Angeles Lakers,SIGNAL,Boston Celtics (PHARAOH),Los Angeles Lakers (SIGNAL),,,,12/08/2026 21:27:00,97,moneyline_1x2,,Boston Celtics (PHARAOH),2.3,False
2026-08-12T20:52:47.638286+00:00,13673685174,GG League - 4x5 Min de juego,False,Boston Celtics,PHARAOH,Los Angeles Lakers,SIGNAL,Boston Celtics (PHARAOH),Los Angeles Lakers (SIGNAL),,,,12/08/2026 21:27:00,97,moneyline_1x2,,Los Angeles Lakers (SIGNAL),1.5,False
2026-08-12T20:52:47.638286+00:00,13673685749,GG League - 4x5 Min de juego,False,Chicago Bulls,AIRFORCE,Miami Heat,MYTH,Chicago Bulls (AIRFORCE),Miami Heat (MYTH),,,,12/08/2026 21:15:00,97,moneyline_1x2,,Chicago Bulls (AIRFORCE),2.05,False
2026-08-12T20:52:47.638286+00:00,13673685749,GG League - 4x5 Min de juego,False,Chicago Bulls,AIRFORCE,Miami Heat,MYTH,Chicago Bulls (AIRFORCE),Miami Heat (MYTH),,,,12/08/2026 21:15:00,97,moneyline_1x2,,Miami Heat (MYTH),1.62,False
2026-08-12T20:52:47.638286+00:00,13673685378,GG League - 4x5 Min de juego,False,Chicago Bulls,OREZ,Toronto Raptors,SPARKZ,Chicago Bulls (OREZ),Toronto Raptors (SPARKZ),,,,12/08/2026 21:43:00,97,moneyline_1x2,,Chicago Bulls (OREZ),2.3,False
2026-08-12T20:52:47.638286+00:00,13673685378,GG League - 4x5 Min de juego,False,Chicago Bulls,OREZ,Toronto Raptors,SPARKZ,Chicago Bulls (OREZ),Toronto Raptors (SPARKZ),,,,12/08/2026 21:43:00,97,moneyline_1x2,,Toronto Raptors (SPARKZ),1.5,False
2026-08-12T20:52:47.638286+00:00,13673685751,GG League - 4x5 Min de juego,False,Memphis Grizzlies,JUGGERNAUT,Cleveland Cavaliers,DAGGER,Memphis Grizzlies (JUGGERNAUT),Cleveland Cavaliers (DAGGER),,,,12/08/2026 21:19:00,97,moneyline_1x2,,Memphis Grizzlies (JUGGERNAUT),1.5,False
2026-08-12T20:52:47.638286+00:00,13673685751,GG League - 4x5 Min de juego,False,Memphis Grizzlies,JUGGERNAUT,Cleveland Cavaliers,DAGGER,Memphis Grizzlies (JUGGERNAUT),Cleveland Cavaliers (DAGGER),,,,12/08/2026 21:19:00,97,moneyline_1x2,,Cleveland Cavaliers (DAGGER),2.3,False
2026-08-12T20:52:47.638286+00:00,13673683710,GG League - 4x5 Min de juego,False,Oklahoma City Thunder,STING,Los Angeles Lakers,ADMIRAL,Oklahoma City Thunder (STING),Los Angeles Lakers (ADMIRAL),,,,12/08/2026 21:23:00,97,moneyline_1x2,,Oklahoma City Thunder (STING),1.62,False
2026-08-12T20:52:47.638286+00:00,13673683710,GG League - 4x5 Min de juego,False,Oklahoma City Thunder,STING,Los Angeles Lakers,ADMIRAL,Oklahoma City Thunder (STING),Los Angeles Lakers (ADMIRAL),,,,12/08/2026 21:23:00,97,moneyline_1x2,,Los Angeles Lakers (ADMIRAL),2.05,False
2026-08-12T20:52:47.638286+00:00,13673685379,GG League - 4x5 Min de juego,False,New York Knicks,JACKAL,Oklahoma City Thunder,CALAMITY,New York Knicks (JACKAL),Oklahoma City Thunder (CALAMITY),,,,12/08/2026 22:11:00,97,moneyline_1x2,,New York Knicks (JACKAL),2.3,False
2026-08-12T20:52:47.638286+00:00,13673685379,GG League - 4x5 Min de juego,False,New York Knicks,JACKAL,Oklahoma City Thunder,CALAMITY,New York Knicks (JACKAL),Oklahoma City Thunder (CALAMITY),,,,12/08/2026 22:11:00,97,moneyline_1x2,,Oklahoma City Thunder (CALAMITY),1.5,False
2026-08-12T20:52:47.638286+00:00,13673683712,GG League - 4x5 Min de juego,False,Charlotte Hornets,STING,Dallas Mavericks,RADIANT,Charlotte Hornets (STING),Dallas Mavericks (RADIANT),,,,12/08/2026 21:55:00,97,moneyline_1x2,,Charlotte Hornets (STING),2.2,False
2026-08-12T20:52:47.638286+00:00,13673683712,GG League - 4x5 Min de juego,False,Charlotte Hornets,STING,Dallas Mavericks,RADIANT,Charlotte Hornets (STING),Dallas Mavericks (RADIANT),,,,12/08/2026 21:55:00,97,moneyline_1x2,,Dallas Mavericks (RADIANT),1.55,False
2026-08-12T20:52:47.638286+00:00,13673685714,GG League - 4x5 Min de juego,False,Milwaukee Bucks,PATIENCE,Phoenix Suns,SIGNAL,Milwaukee Bucks (PATIENCE),Phoenix Suns (SIGNAL),,,,12/08/2026 20:55:00,97,moneyline_1x2,,Milwaukee Bucks (PATIENCE),1.43,False
2026-08-12T20:52:47.638286+00:00,13673685714,GG League - 4x5 Min de juego,False,Milwaukee Bucks,PATIENCE,Phoenix Suns,SIGNAL,Milwaukee Bucks (PATIENCE),Phoenix Suns (SIGNAL),,,,12/08/2026 20:55:00,97,moneyline_1x2,,Phoenix Suns (SIGNAL),2.5,False
2026-08-12T20:52:47.638286+00:00,13673685754,GG League - 4x5 Min de juego,False,Los Angeles Lakers,CURSE,Boston Celtics,HUNCHO,Los Angeles Lakers (CURSE),Boston Celtics (HUNCHO),,,,12/08/2026 21:39:00,97,moneyline_1x2,,Los Angeles Lakers (CURSE),2.35,False
2026-08-12T20:52:47.638286+00:00,13673685754,GG League - 4x5 Min de juego,False,Los Angeles Lakers,CURSE,Boston Celtics,HUNCHO,Los Angeles Lakers (CURSE),Boston Celtics (HUNCHO),,,,12/08/2026 21:39:00,97,moneyline_1x2,,Boston Celtics (HUNCHO),1.5,False
2026-08-12T20:52:47.638286+00:00,13673683502,GG League - 4x5 Min de juego,True,Orlando Magic,NIGHTHAWK,Denver Nuggets,DAGGER,Orlando Magic (NIGHTHAWK),Denver Nuggets (DAGGER),2º cuarto,14,12,12/08/2026 20:47:00,97,moneyline_1x2,,Orlando Magic (NIGHTHAWK),1.5,False
2026-08-12T20:52:47.638286+00:00,13673683502,GG League - 4x5 Min de juego,True,Orlando Magic,NIGHTHAWK,Denver Nuggets,DAGGER,Orlando Magic (NIGHTHAWK),Denver Nuggets (DAGGER),2º cuarto,14,12,12/08/2026 20:47:00,97,moneyline_1x2,,Denver Nuggets (DAGGER),2.35,False
2026-08-12T20:52:47.638286+00:00,13673683501,GG League - 4x5 Min de juego,True,Boston Celtics,KARMA,New York Knicks,MYTH,Boston Celtics (KARMA),New York Knicks (MYTH),2º cuarto,14,14,12/08/2026 20:43:00,97,moneyline_1x2,,Boston Celtics (KARMA),1.5,False
2026-08-12T20:52:47.638286+00:00,13673683501,GG League - 4x5 Min de juego,True,Boston Celtics,KARMA,New York Knicks,MYTH,Boston Celtics (KARMA),New York Knicks (MYTH),2º cuarto,14,14,12/08/2026 20:43:00,97,moneyline_1x2,,New York Knicks (MYTH),2.35,False
2026-08-12T20:54:50.313380+00:00,13673685760,GG League - 4x5 Min de juego,False,Dallas Mavericks,JUGGERNAUT,Orlando Magic,NIGHTHAWK,Dallas Mavericks (JUGGERNAUT),Orlando Magic (NIGHTHAWK),,,,12/08/2026 21:51:00,97,moneyline_1x2,,Dallas Mavericks (JUGGERNAUT),2.4,False
2026-08-12T20:54:50.313380+00:00,13673685760,GG League - 4x5 Min de juego,False,Dallas Mavericks,JUGGERNAUT,Orlando Magic,NIGHTHAWK,Dallas Mavericks (JUGGERNAUT),Orlando Magic (NIGHTHAWK),,,,12/08/2026 21:51:00,97,moneyline_1x2,,Orlando Magic (NIGHTHAWK),1.45,False
2026-08-12T20:54:50.313380+00:00,13673685773,GG League - 4x5 Min de juego,False,Memphis Grizzlies,PHARAOH,Milwaukee Bucks,PATIENCE,Memphis Grizzlies (PHARAOH),Milwaukee Bucks (PATIENCE),,,,12/08/2026 21:59:00,97,moneyline_1x2,,Memphis Grizzlies (PHARAOH),2.3,False
2026-08-12T20:54:50.313380+00:00,13673685773,GG League - 4x5 Min de juego,False,Memphis Grizzlies,PHARAOH,Milwaukee Bucks,PATIENCE,Memphis Grizzlies (PHARAOH),Milwaukee Bucks (PATIENCE),,,,12/08/2026 21:59:00,97,moneyline_1x2,,Milwaukee Bucks (PATIENCE),1.5,False
2026-08-12T20:54:50.313380+00:00,13673685173,GG League - 4x5 Min de juego,False,Los Angeles Lakers,CURSE,New York Knicks,JACKAL,Los Angeles Lakers (CURSE),New York Knicks (JACKAL),,,,12/08/2026 21:07:00,97,moneyline_1x2,,Los Angeles Lakers (CURSE),2.05,False
2026-08-12T20:54:50.313380+00:00,13673685173,GG League - 4x5 Min de juego,False,Los Angeles Lakers,CURSE,New York Knicks,JACKAL,Los Angeles Lakers (CURSE),New York Knicks (JACKAL),,,,12/08/2026 21:07:00,97,moneyline_1x2,,New York Knicks (JACKAL),1.62,False
2026-08-12T20:54:50.313380+00:00,13673683632,GG League - 4x5 Min de juego,False,Chicago Bulls,OREZ,Brooklyn Nets,MARINE,Chicago Bulls (OREZ),Brooklyn Nets (MARINE),,,,12/08/2026 21:11:00,97,moneyline_1x2,,Chicago Bulls (OREZ),2.2,False
2026-08-12T20:54:50.313380+00:00,13673683632,GG League - 4x5 Min de juego,False,Chicago Bulls,OREZ,Brooklyn Nets,MARINE,Chicago Bulls (OREZ),Brooklyn Nets (MARINE),,,,12/08/2026 21:11:00,97,moneyline_1x2,,Brooklyn Nets (MARINE),1.55,False
2026-08-12T20:54:50.313380+00:00,13673685748,GG League - 4x5 Min de juego,True,Boston Celtics,HUNCHO,New York Knicks,JACKAL,Boston Celtics (HUNCHO),New York Knicks (JACKAL),3º Cuarto,32,39,12/08/2026 20:35:00,97,moneyline_1x2,,Boston Celtics (HUNCHO),6.0,False
2026-08-12T20:54:50.313380+00:00,13673685748,GG League - 4x5 Min de juego,True,Boston Celtics,HUNCHO,New York Knicks,JACKAL,Boston Celtics (HUNCHO),New York Knicks (JACKAL),3º Cuarto,32,39,12/08/2026 20:35:00,97,moneyline_1x2,,New York Knicks (JACKAL),1.07,False
2026-08-12T20:54:50.313380+00:00,13673685707,GG League - 4x5 Min de juego,False,Dallas Mavericks,RADIANT,Denver Nuggets,ADMIRAL,Dallas Mavericks (RADIANT),Denver Nuggets (ADMIRAL),,,,12/08/2026 20:51:00,97,moneyline_1x2,,Dallas Mavericks (RADIANT),1.43,False
2026-08-12T20:54:50.313380+00:00,13673685707,GG League - 4x5 Min de juego,False,Dallas Mavericks,RADIANT,Denver Nuggets,ADMIRAL,Dallas Mavericks (RADIANT),Denver Nuggets (ADMIRAL),,,,12/08/2026 20:51:00,97,moneyline_1x2,,Denver Nuggets (ADMIRAL),2.5,False
2026-08-12T20:54:50.313380+00:00,13673683272,GG League - 4x5 Min de juego,True,Toronto Raptors,SPARKZ,Brooklyn Nets,MARINE,Toronto Raptors (SPARKZ),Brooklyn Nets (MARINE),3º Cuarto,32,32,12/08/2026 20:39:00,97,moneyline_1x2,,Toronto Raptors (SPARKZ),1.9,False
2026-08-12T20:54:50.313380+00:00,13673683272,GG League - 4x5 Min de juego,True,Toronto Raptors,SPARKZ,Brooklyn Nets,MARINE,Toronto Raptors (SPARKZ),Brooklyn Nets (MARINE),3º Cuarto,32,32,12/08/2026 20:39:00,97,moneyline_1x2,,Brooklyn Nets (MARINE),1.75,False
2026-08-12T20:54:50.313380+00:00,13673685774,GG League - 4x5 Min de juego,False,Brooklyn Nets,MARINE,Miami Heat,UNDERRATED,Brooklyn Nets (MARINE),Miami Heat (UNDERRATED),,,,12/08/2026 22:15:00,97,moneyline_1x2,,Brooklyn Nets (MARINE),1.57,False
2026-08-12T20:54:50.313380+00:00,13673685774,GG League - 4x5 Min de juego,False,Brooklyn Nets,MARINE,Miami Heat,UNDERRATED,Brooklyn Nets (MARINE),Miami Heat (UNDERRATED),,,,12/08/2026 22:15:00,97,moneyline_1x2,,Miami Heat (UNDERRATED),2.15,False
2026-08-12T20:54:50.313380+00:00,13673685174,GG League - 4x5 Min de juego,False,Boston Celtics,PHARAOH,Los Angeles Lakers,SIGNAL,Boston Celtics (PHARAOH),Los Angeles Lakers (SIGNAL),,,,12/08/2026 21:27:00,97,moneyline_1x2,,Boston Celtics (PHARAOH),2.3,False
2026-08-12T20:54:50.313380+00:00,13673685174,GG League - 4x5 Min de juego,False,Boston Celtics,PHARAOH,Los Angeles Lakers,SIGNAL,Boston Celtics (PHARAOH),Los Angeles Lakers (SIGNAL),,,,12/08/2026 21:27:00,97,moneyline_1x2,,Los Angeles Lakers (SIGNAL),1.5,False
2026-08-12T20:54:50.313380+00:00,13673685749,GG League - 4x5 Min de juego,False,Chicago Bulls,AIRFORCE,Miami Heat,MYTH,Chicago Bulls (AIRFORCE),Miami Heat (MYTH),,,,12/08/2026 21:15:00,97,moneyline_1x2,,Chicago Bulls (AIRFORCE),2.05,False
2026-08-12T20:54:50.313380+00:00,13673685749,GG League - 4x5 Min de juego,False,Chicago Bulls,AIRFORCE,Miami Heat,MYTH,Chicago Bulls (AIRFORCE),Miami Heat (MYTH),,,,12/08/2026 21:15:00,97,moneyline_1x2,,Miami Heat (MYTH),1.62,False
2026-08-12T20:54:50.313380+00:00,13673685378,GG League - 4x5 Min de juego,False,Chicago Bulls,OREZ,Toronto Raptors,SPARKZ,Chicago Bulls (OREZ),Toronto Raptors (SPARKZ),,,,12/08/2026 21:43:00,97,moneyline_1x2,,Chicago Bulls (OREZ),2.3,False
2026-08-12T20:54:50.313380+00:00,13673685378,GG League - 4x5 Min de juego,False,Chicago Bulls,OREZ,Toronto Raptors,SPARKZ,Chicago Bulls (OREZ),Toronto Raptors (SPARKZ),,,,12/08/2026 21:43:00,97,moneyline_1x2,,Toronto Raptors (SPARKZ),1.5,False
2026-08-12T20:54:50.313380+00:00,13673685775,GG League - 4x5 Min de juego,False,Miami Heat,MYTH,Toronto Raptors,CYPHER,Miami Heat (MYTH),Toronto Raptors (CYPHER),,,,12/08/2026 22:19:00,97,moneyline_1x2,,Miami Heat (MYTH),2.3,False
2026-08-12T20:54:50.313380+00:00,13673685775,GG League - 4x5 Min de juego,False,Miami Heat,MYTH,Toronto Raptors,CYPHER,Miami Heat (MYTH),Toronto Raptors (CYPHER),,,,12/08/2026 22:19:00,97,moneyline_1x2,,Toronto Raptors (CYPHER),1.5,False
2026-08-12T20:54:50.313380+00:00,13673685751,GG League - 4x5 Min de juego,False,Memphis Grizzlies,JUGGERNAUT,Cleveland Cavaliers,DAGGER,Memphis Grizzlies (JUGGERNAUT),Cleveland Cavaliers (DAGGER),,,,12/08/2026 21:19:00,97,moneyline_1x2,,Memphis Grizzlies (JUGGERNAUT),1.5,False
2026-08-12T20:54:50.313380+00:00,13673685751,GG League - 4x5 Min de juego,False,Memphis Grizzlies,JUGGERNAUT,Cleveland Cavaliers,DAGGER,Memphis Grizzlies (JUGGERNAUT),Cleveland Cavaliers (DAGGER),,,,12/08/2026 21:19:00,97,moneyline_1x2,,Cleveland Cavaliers (DAGGER),2.3,False
2026-08-12T20:54:50.313380+00:00,13673683710,GG League - 4x5 Min de juego,False,Oklahoma City Thunder,STING,Los Angeles Lakers,ADMIRAL,Oklahoma City Thunder (STING),Los Angeles Lakers (ADMIRAL),,,,12/08/2026 21:23:00,97,moneyline_1x2,,Oklahoma City Thunder (STING),1.62,False
2026-08-12T20:54:50.313380+00:00,13673683710,GG League - 4x5 Min de juego,False,Oklahoma City Thunder,STING,Los Angeles Lakers,ADMIRAL,Oklahoma City Thunder (STING),Los Angeles Lakers (ADMIRAL),,,,12/08/2026 21:23:00,97,moneyline_1x2,,Los Angeles Lakers (ADMIRAL),2.05,False
2026-08-12T20:54:50.313380+00:00,13673685379,GG League - 4x5 Min de juego,False,New York Knicks,JACKAL,Oklahoma City Thunder,CALAMITY,New York Knicks (JACKAL),Oklahoma City Thunder (CALAMITY),,,,12/08/2026 22:11:00,97,moneyline_1x2,,New York Knicks (JACKAL),2.3,False
2026-08-12T20:54:50.313380+00:00,13673685379,GG League - 4x5 Min de juego,False,New York Knicks,JACKAL,Oklahoma City Thunder,CALAMITY,New York Knicks (JACKAL),Oklahoma City Thunder (CALAMITY),,,,12/08/2026 22:11:00,97,moneyline_1x2,,Oklahoma City Thunder (CALAMITY),1.5,False
2026-08-12T20:54:50.313380+00:00,13673683712,GG League - 4x5 Min de juego,False,Charlotte Hornets,STING,Dallas Mavericks,RADIANT,Charlotte Hornets (STING),Dallas Mavericks (RADIANT),,,,12/08/2026 21:55:00,97,moneyline_1x2,,Charlotte Hornets (STING),2.2,False
2026-08-12T20:54:50.313380+00:00,13673683712,GG League - 4x5 Min de juego,False,Charlotte Hornets,STING,Dallas Mavericks,RADIANT,Charlotte Hornets (STING),Dallas Mavericks (RADIANT),,,,12/08/2026 21:55:00,97,moneyline_1x2,,Dallas Mavericks (RADIANT),1.55,False
2026-08-12T20:54:50.313380+00:00,13673685714,GG League - 4x5 Min de juego,False,Milwaukee Bucks,PATIENCE,Phoenix Suns,SIGNAL,Milwaukee Bucks (PATIENCE),Phoenix Suns (SIGNAL),,,,12/08/2026 20:55:00,97,moneyline_1x2,,Milwaukee Bucks (PATIENCE),1.43,False
2026-08-12T20:54:50.313380+00:00,13673685714,GG League - 4x5 Min de juego,False,Milwaukee Bucks,PATIENCE,Phoenix Suns,SIGNAL,Milwaukee Bucks (PATIENCE),Phoenix Suns (SIGNAL),,,,12/08/2026 20:55:00,97,moneyline_1x2,,Phoenix Suns (SIGNAL),2.5,False
2026-08-12T20:54:50.313380+00:00,13673685754,GG League - 4x5 Min de juego,False,Los Angeles Lakers,CURSE,Boston Celtics,HUNCHO,Los Angeles Lakers (CURSE),Boston Celtics (HUNCHO),,,,12/08/2026 21:39:00,97,moneyline_1x2,,Los Angeles Lakers (CURSE),2.35,False
2026-08-12T20:54:50.313380+00:00,13673685754,GG League - 4x5 Min de juego,False,Los Angeles Lakers,CURSE,Boston Celtics,HUNCHO,Los Angeles Lakers (CURSE),Boston Celtics (HUNCHO),,,,12/08/2026 21:39:00,97,moneyline_1x2,,Boston Celtics (HUNCHO),1.5,False
2026-08-12T20:54:50.313380+00:00,13673683502,GG League - 4x5 Min de juego,True,Orlando Magic,NIGHTHAWK,Denver Nuggets,DAGGER,Orlando Magic (NIGHTHAWK),Denver Nuggets (DAGGER),2º cuarto,19,17,12/08/2026 20:47:00,97,moneyline_1x2,,Orlando Magic (NIGHTHAWK),1.5,False
2026-08-12T20:54:50.313380+00:00,13673683502,GG League - 4x5 Min de juego,True,Orlando Magic,NIGHTHAWK,Denver Nuggets,DAGGER,Orlando Magic (NIGHTHAWK),Denver Nuggets (DAGGER),2º cuarto,19,17,12/08/2026 20:47:00,97,moneyline_1x2,,Denver Nuggets (DAGGER),2.35,False
2026-08-12T20:54:50.313380+00:00,13673683501,GG League - 4x5 Min de juego,True,Boston Celtics,KARMA,New York Knicks,MYTH,Boston Celtics (KARMA),New York Knicks (MYTH),2º cuarto,19,19,12/08/2026 20:43:00,97,moneyline_1x2,,Boston Celtics (KARMA),1.5,False
2026-08-12T20:54:50.313380+00:00,13673683501,GG League - 4x5 Min de juego,True,Boston Celtics,KARMA,New York Knicks,MYTH,Boston Celtics (KARMA),New York Knicks (MYTH),2º cuarto,19,19,12/08/2026 20:43:00,97,moneyline_1x2,,New York Knicks (MYTH),2.3,False
2026-08-12T20:56:56.786012+00:00,13673685760,GG League - 4x5 Min de juego,False,Dallas Mavericks,JUGGERNAUT,Orlando Magic,NIGHTHAWK,Dallas Mavericks (JUGGERNAUT),Orlando Magic (NIGHTHAWK),,,,12/08/2026 21:51:00,97,moneyline_1x2,,Dallas Mavericks (JUGGERNAUT),2.4,False
2026-08-12T20:56:56.786012+00:00,13673685760,GG League - 4x5 Min de juego,False,Dallas Mavericks,JUGGERNAUT,Orlando Magic,NIGHTHAWK,Dallas Mavericks (JUGGERNAUT),Orlando Magic (NIGHTHAWK),,,,12/08/2026 21:51:00,97,moneyline_1x2,,Orlando Magic (NIGHTHAWK),1.45,False
2026-08-12T20:56:56.786012+00:00,13673685773,GG League - 4x5 Min de juego,False,Memphis Grizzlies,PHARAOH,Milwaukee Bucks,PATIENCE,Memphis Grizzlies (PHARAOH),Milwaukee Bucks (PATIENCE),,,,12/08/2026 21:59:00,97,moneyline_1x2,,Memphis Grizzlies (PHARAOH),2.3,False
2026-08-12T20:56:56.786012+00:00,13673685773,GG League - 4x5 Min de juego,False,Memphis Grizzlies,PHARAOH,Milwaukee Bucks,PATIENCE,Memphis Grizzlies (PHARAOH),Milwaukee Bucks (PATIENCE),,,,12/08/2026 21:59:00,97,moneyline_1x2,,Milwaukee Bucks (PATIENCE),1.5,False
2026-08-12T20:56:56.786012+00:00,13673685173,GG League - 4x5 Min de juego,False,Los Angeles Lakers,CURSE,New York Knicks,JACKAL,Los Angeles Lakers (CURSE),New York Knicks (JACKAL),,,,12/08/2026 21:07:00,97,moneyline_1x2,,Los Angeles Lakers (CURSE),2.05,False
2026-08-12T20:56:56.786012+00:00,13673685173,GG League - 4x5 Min de juego,False,Los Angeles Lakers,CURSE,New York Knicks,JACKAL,Los Angeles Lakers (CURSE),New York Knicks (JACKAL),,,,12/08/2026 21:07:00,97,moneyline_1x2,,New York Knicks (JACKAL),1.62,False
2026-08-12T20:56:56.786012+00:00,13673683632,GG League - 4x5 Min de juego,False,Chicago Bulls,OREZ,Brooklyn Nets,MARINE,Chicago Bulls (OREZ),Brooklyn Nets (MARINE),,,,12/08/2026 21:11:00,97,moneyline_1x2,,Chicago Bulls (OREZ),2.2,False
2026-08-12T20:56:56.786012+00:00,13673683632,GG League - 4x5 Min de juego,False,Chicago Bulls,OREZ,Brooklyn Nets,MARINE,Chicago Bulls (OREZ),Brooklyn Nets (MARINE),,,,12/08/2026 21:11:00,97,moneyline_1x2,,Brooklyn Nets (MARINE),1.55,False
2026-08-12T20:56:56.786012+00:00,13673685748,GG League - 4x5 Min de juego,True,Boston Celtics,HUNCHO,New York Knicks,JACKAL,Boston Celtics (HUNCHO),New York Knicks (JACKAL),4º cuarto,34,41,12/08/2026 20:35:00,97,moneyline_1x2,,Boston Celtics (HUNCHO),7.5,False
2026-08-12T20:56:56.786012+00:00,13673685748,GG League - 4x5 Min de juego,True,Boston Celtics,HUNCHO,New York Knicks,JACKAL,Boston Celtics (HUNCHO),New York Knicks (JACKAL),4º cuarto,34,41,12/08/2026 20:35:00,97,moneyline_1x2,,New York Knicks (JACKAL),1.03,False
2026-08-12T20:56:56.786012+00:00,13673685707,GG League - 4x5 Min de juego,False,Dallas Mavericks,RADIANT,Denver Nuggets,ADMIRAL,Dallas Mavericks (RADIANT),Denver Nuggets (ADMIRAL),,,,12/08/2026 20:51:00,97,moneyline_1x2,,Dallas Mavericks (RADIANT),1.43,False
2026-08-12T20:56:56.786012+00:00,13673685707,GG League - 4x5 Min de juego,False,Dallas Mavericks,RADIANT,Denver Nuggets,ADMIRAL,Dallas Mavericks (RADIANT),Denver Nuggets (ADMIRAL),,,,12/08/2026 20:51:00,97,moneyline_1x2,,Denver Nuggets (ADMIRAL),2.5,False
2026-08-12T20:56:56.786012+00:00,13673683272,GG League - 4x5 Min de juego,True,Toronto Raptors,SPARKZ,Brooklyn Nets,MARINE,Toronto Raptors (SPARKZ),Brooklyn Nets (MARINE),3º Cuarto,38,38,12/08/2026 20:39:00,97,moneyline_1x2,,Toronto Raptors (SPARKZ),1.85,False
2026-08-12T20:56:56.786012+00:00,13673683272,GG League - 4x5 Min de juego,True,Toronto Raptors,SPARKZ,Brooklyn Nets,MARINE,Toronto Raptors (SPARKZ),Brooklyn Nets (MARINE),3º Cuarto,38,38,12/08/2026 20:39:00,97,moneyline_1x2,,Brooklyn Nets (MARINE),1.8,False
2026-08-12T20:56:56.786012+00:00,13673683915,GG League - 4x5 Min de juego,False,Cleveland Cavaliers,DAGGER,Milwaukee Bucks,GENERAL,Cleveland Cavaliers (DAGGER),Milwaukee Bucks (GENERAL),,,,12/08/2026 22:23:00,97,moneyline_1x2,,Cleveland Cavaliers (DAGGER),1.5,False
2026-08-12T20:56:56.786012+00:00,13673683915,GG League - 4x5 Min de juego,False,Cleveland Cavaliers,DAGGER,Milwaukee Bucks,GENERAL,Cleveland Cavaliers (DAGGER),Milwaukee Bucks (GENERAL),,,,12/08/2026 22:23:00,97,moneyline_1x2,,Milwaukee Bucks (GENERAL),2.3,False
2026-08-12T20:56:56.786012+00:00,13673685774,GG League - 4x5 Min de juego,False,Brooklyn Nets,MARINE,Miami Heat,UNDERRATED,Brooklyn Nets (MARINE),Miami Heat (UNDERRATED),,,,12/08/2026 22:15:00,97,moneyline_1x2,,Brooklyn Nets (MARINE),1.57,False
2026-08-12T20:56:56.786012+00:00,13673685774,GG League - 4x5 Min de juego,False,Brooklyn Nets,MARINE,Miami Heat,UNDERRATED,Brooklyn Nets (MARINE),Miami Heat (UNDERRATED),,,,12/08/2026 22:15:00,97,moneyline_1x2,,Miami Heat (UNDERRATED),2.15,False
2026-08-12T20:56:56.786012+00:00,13673685174,GG League - 4x5 Min de juego,False,Boston Celtics,PHARAOH,Los Angeles Lakers,SIGNAL,Boston Celtics (PHARAOH),Los Angeles Lakers (SIGNAL),,,,12/08/2026 21:27:00,97,moneyline_1x2,,Boston Celtics (PHARAOH),2.3,False
2026-08-12T20:56:56.786012+00:00,13673685174,GG League - 4x5 Min de juego,False,Boston Celtics,PHARAOH,Los Angeles Lakers,SIGNAL,Boston Celtics (PHARAOH),Los Angeles Lakers (SIGNAL),,,,12/08/2026 21:27:00,97,moneyline_1x2,,Los Angeles Lakers (SIGNAL),1.5,False
2026-08-12T20:56:56.786012+00:00,13673685749,GG League - 4x5 Min de juego,False,Chicago Bulls,AIRFORCE,Miami Heat,MYTH,Chicago Bulls (AIRFORCE),Miami Heat (MYTH),,,,12/08/2026 21:15:00,97,moneyline_1x2,,Chicago Bulls (AIRFORCE),2.05,False
2026-08-12T20:56:56.786012+00:00,13673685749,GG League - 4x5 Min de juego,False,Chicago Bulls,AIRFORCE,Miami Heat,MYTH,Chicago Bulls (AIRFORCE),Miami Heat (MYTH),,,,12/08/2026 21:15:00,97,moneyline_1x2,,Miami Heat (MYTH),1.62,False
2026-08-12T20:56:56.786012+00:00,13673685378,GG League - 4x5 Min de juego,False,Chicago Bulls,OREZ,Toronto Raptors,SPARKZ,Chicago Bulls (OREZ),Toronto Raptors (SPARKZ),,,,12/08/2026 21:43:00,97,moneyline_1x2,,Chicago Bulls (OREZ),2.3,False
2026-08-12T20:56:56.786012+00:00,13673685378,GG League - 4x5 Min de juego,False,Chicago Bulls,OREZ,Toronto Raptors,SPARKZ,Chicago Bulls (OREZ),Toronto Raptors (SPARKZ),,,,12/08/2026 21:43:00,97,moneyline_1x2,,Toronto Raptors (SPARKZ),1.5,False
2026-08-12T20:56:56.786012+00:00,13673685775,GG League - 4x5 Min de juego,False,Miami Heat,MYTH,Toronto Raptors,CYPHER,Miami Heat (MYTH),Toronto Raptors (CYPHER),,,,12/08/2026 22:19:00,97,moneyline_1x2,,Miami Heat (MYTH),2.3,False
2026-08-12T20:56:56.786012+00:00,13673685775,GG League - 4x5 Min de juego,False,Miami Heat,MYTH,Toronto Raptors,CYPHER,Miami Heat (MYTH),Toronto Raptors (CYPHER),,,,12/08/2026 22:19:00,97,moneyline_1x2,,Toronto Raptors (CYPHER),1.5,False
2026-08-12T20:56:56.786012+00:00,13673685751,GG League - 4x5 Min de juego,False,Memphis Grizzlies,JUGGERNAUT,Cleveland Cavaliers,DAGGER,Memphis Grizzlies (JUGGERNAUT),Cleveland Cavaliers (DAGGER),,,,12/08/2026 21:19:00,97,moneyline_1x2,,Memphis Grizzlies (JUGGERNAUT),1.5,False
2026-08-12T20:56:56.786012+00:00,13673685751,GG League - 4x5 Min de juego,False,Memphis Grizzlies,JUGGERNAUT,Cleveland Cavaliers,DAGGER,Memphis Grizzlies (JUGGERNAUT),Cleveland Cavaliers (DAGGER),,,,12/08/2026 21:19:00,97,moneyline_1x2,,Cleveland Cavaliers (DAGGER),2.3,False
2026-08-12T20:56:56.786012+00:00,13673683710,GG League - 4x5 Min de juego,False,Oklahoma City Thunder,STING,Los Angeles Lakers,ADMIRAL,Oklahoma City Thunder (STING),Los Angeles Lakers (ADMIRAL),,,,12/08/2026 21:23:00,97,moneyline_1x2,,Oklahoma City Thunder (STING),1.62,False
2026-08-12T20:56:56.786012+00:00,13673683710,GG League - 4x5 Min de juego,False,Oklahoma City Thunder,STING,Los Angeles Lakers,ADMIRAL,Oklahoma City Thunder (STING),Los Angeles Lakers (ADMIRAL),,,,12/08/2026 21:23:00,97,moneyline_1x2,,Los Angeles Lakers (ADMIRAL),2.05,False
2026-08-12T20:56:56.786012+00:00,13673685379,GG League - 4x5 Min de juego,False,New York Knicks,JACKAL,Oklahoma City Thunder,CALAMITY,New York Knicks (JACKAL),Oklahoma City Thunder (CALAMITY),,,,12/08/2026 22:11:00,97,moneyline_1x2,,New York Knicks (JACKAL),2.3,False
2026-08-12T20:56:56.786012+00:00,13673685379,GG League - 4x5 Min de juego,False,New York Knicks,JACKAL,Oklahoma City Thunder,CALAMITY,New York Knicks (JACKAL),Oklahoma City Thunder (CALAMITY),,,,12/08/2026 22:11:00,97,moneyline_1x2,,Oklahoma City Thunder (CALAMITY),1.5,False
2026-08-12T20:56:56.786012+00:00,13673683712,GG League - 4x5 Min de juego,False,Charlotte Hornets,STING,Dallas Mavericks,RADIANT,Charlotte Hornets (STING),Dallas Mavericks (RADIANT),,,,12/08/2026 21:55:00,97,moneyline_1x2,,Charlotte Hornets (STING),2.2,False
2026-08-12T20:56:56.786012+00:00,13673683712,GG League - 4x5 Min de juego,False,Charlotte Hornets,STING,Dallas Mavericks,RADIANT,Charlotte Hornets (STING),Dallas Mavericks (RADIANT),,,,12/08/2026 21:55:00,97,moneyline_1x2,,Dallas Mavericks (RADIANT),1.55,False
2026-08-12T20:56:56.786012+00:00,13673685754,GG League - 4x5 Min de juego,False,Los Angeles Lakers,CURSE,Boston Celtics,HUNCHO,Los Angeles Lakers (CURSE),Boston Celtics (HUNCHO),,,,12/08/2026 21:39:00,97,moneyline_1x2,,Los Angeles Lakers (CURSE),2.35,False
2026-08-12T20:56:56.786012+00:00,13673685754,GG League - 4x5 Min de juego,False,Los Angeles Lakers,CURSE,Boston Celtics,HUNCHO,Los Angeles Lakers (CURSE),Boston Celtics (HUNCHO),,,,12/08/2026 21:39:00,97,moneyline_1x2,,Boston Celtics (HUNCHO),1.5,False
2026-08-12T20:56:56.786012+00:00,13673683502,GG League - 4x5 Min de juego,True,Orlando Magic,NIGHTHAWK,Denver Nuggets,DAGGER,Orlando Magic (NIGHTHAWK),Denver Nuggets (DAGGER),2º cuarto,27,24,12/08/2026 20:47:00,97,moneyline_1x2,,Orlando Magic (NIGHTHAWK),1.4,False
2026-08-12T20:56:56.786012+00:00,13673683502,GG League - 4x5 Min de juego,True,Orlando Magic,NIGHTHAWK,Denver Nuggets,DAGGER,Orlando Magic (NIGHTHAWK),Denver Nuggets (DAGGER),2º cuarto,27,24,12/08/2026 20:47:00,97,moneyline_1x2,,Denver Nuggets (DAGGER),2.6,False
2026-08-12T20:56:56.786012+00:00,13673683501,GG League - 4x5 Min de juego,True,Boston Celtics,KARMA,New York Knicks,MYTH,Boston Celtics (KARMA),New York Knicks (MYTH),3º Cuarto,21,24,12/08/2026 20:43:00,97,moneyline_1x2,,Boston Celtics (KARMA),2.0,False
2026-08-12T20:56:56.786012+00:00,13673683501,GG League - 4x5 Min de juego,True,Boston Celtics,KARMA,New York Knicks,MYTH,Boston Celtics (KARMA),New York Knicks (MYTH),3º Cuarto,21,24,12/08/2026 20:43:00,97,moneyline_1x2,,New York Knicks (MYTH),1.67,False
2026-08-12T20:58:51.628099+00:00,13673685760,GG League - 4x5 Min de juego,False,Dallas Mavericks,JUGGERNAUT,Orlando Magic,NIGHTHAWK,Dallas Mavericks (JUGGERNAUT),Orlando Magic (NIGHTHAWK),,,,12/08/2026 21:51:00,97,moneyline_1x2,,Dallas Mavericks (JUGGERNAUT),2.4,False
2026-08-12T20:58:51.628099+00:00,13673685760,GG League - 4x5 Min de juego,False,Dallas Mavericks,JUGGERNAUT,Orlando Magic,NIGHTHAWK,Dallas Mavericks (JUGGERNAUT),Orlando Magic (NIGHTHAWK),,,,12/08/2026 21:51:00,97,moneyline_1x2,,Orlando Magic (NIGHTHAWK),1.45,False
2026-08-12T20:58:51.628099+00:00,13673685773,GG League - 4x5 Min de juego,False,Memphis Grizzlies,PHARAOH,Milwaukee Bucks,PATIENCE,Memphis Grizzlies (PHARAOH),Milwaukee Bucks (PATIENCE),,,,12/08/2026 21:59:00,97,moneyline_1x2,,Memphis Grizzlies (PHARAOH),2.3,False
2026-08-12T20:58:51.628099+00:00,13673685773,GG League - 4x5 Min de juego,False,Memphis Grizzlies,PHARAOH,Milwaukee Bucks,PATIENCE,Memphis Grizzlies (PHARAOH),Milwaukee Bucks (PATIENCE),,,,12/08/2026 21:59:00,97,moneyline_1x2,,Milwaukee Bucks (PATIENCE),1.5,False
2026-08-12T20:58:51.628099+00:00,13673685173,GG League - 4x5 Min de juego,False,Los Angeles Lakers,CURSE,New York Knicks,JACKAL,Los Angeles Lakers (CURSE),New York Knicks (JACKAL),,,,12/08/2026 21:07:00,97,moneyline_1x2,,Los Angeles Lakers (CURSE),2.05,False
2026-08-12T20:58:51.628099+00:00,13673685173,GG League - 4x5 Min de juego,False,Los Angeles Lakers,CURSE,New York Knicks,JACKAL,Los Angeles Lakers (CURSE),New York Knicks (JACKAL),,,,12/08/2026 21:07:00,97,moneyline_1x2,,New York Knicks (JACKAL),1.62,False
2026-08-12T20:58:51.628099+00:00,13673683632,GG League - 4x5 Min de juego,False,Chicago Bulls,OREZ,Brooklyn Nets,MARINE,Chicago Bulls (OREZ),Brooklyn Nets (MARINE),,,,12/08/2026 21:11:00,97,moneyline_1x2,,Chicago Bulls (OREZ),2.2,False
2026-08-12T20:58:51.628099+00:00,13673683632,GG League - 4x5 Min de juego,False,Chicago Bulls,OREZ,Brooklyn Nets,MARINE,Chicago Bulls (OREZ),Brooklyn Nets (MARINE),,,,12/08/2026 21:11:00,97,moneyline_1x2,,Brooklyn Nets (MARINE),1.55,False
2026-08-12T20:58:51.628099+00:00,13673685707,GG League - 4x5 Min de juego,True,Dallas Mavericks,RADIANT,Denver Nuggets,ADMIRAL,Dallas Mavericks (RADIANT),Denver Nuggets (ADMIRAL),1º cuarto,0,5,12/08/2026 20:51:00,97,moneyline_1x2,,Dallas Mavericks (RADIANT),1.9,False
2026-08-12T20:58:51.628099+00:00,13673685707,GG League - 4x5 Min de juego,True,Dallas Mavericks,RADIANT,Denver Nuggets,ADMIRAL,Dallas Mavericks (RADIANT),Denver Nuggets (ADMIRAL),1º cuarto,0,5,12/08/2026 20:51:00,97,moneyline_1x2,,Denver Nuggets (ADMIRAL),1.75,False
2026-08-12T20:58:51.628099+00:00,13673683272,GG League - 4x5 Min de juego,True,Toronto Raptors,SPARKZ,Brooklyn Nets,MARINE,Toronto Raptors (SPARKZ),Brooklyn Nets (MARINE),4º cuarto,40,41,12/08/2026 20:39:00,97,moneyline_1x2,,Toronto Raptors (SPARKZ),2.05,False
2026-08-12T20:58:51.628099+00:00,13673683272,GG League - 4x5 Min de juego,True,Toronto Raptors,SPARKZ,Brooklyn Nets,MARINE,Toronto Raptors (SPARKZ),Brooklyn Nets (MARINE),4º cuarto,40,41,12/08/2026 20:39:00,97,moneyline_1x2,,Brooklyn Nets (MARINE),1.62,False
2026-08-12T20:58:51.628099+00:00,13673683915,GG League - 4x5 Min de juego,False,Cleveland Cavaliers,DAGGER,Milwaukee Bucks,GENERAL,Cleveland Cavaliers (DAGGER),Milwaukee Bucks (GENERAL),,,,12/08/2026 22:23:00,97,moneyline_1x2,,Cleveland Cavaliers (DAGGER),1.5,False
2026-08-12T20:58:51.628099+00:00,13673683915,GG League - 4x5 Min de juego,False,Cleveland Cavaliers,DAGGER,Milwaukee Bucks,GENERAL,Cleveland Cavaliers (DAGGER),Milwaukee Bucks (GENERAL),,,,12/08/2026 22:23:00,97,moneyline_1x2,,Milwaukee Bucks (GENERAL),2.3,False
2026-08-12T20:58:51.628099+00:00,13673685774,GG League - 4x5 Min de juego,False,Brooklyn Nets,MARINE,Miami Heat,UNDERRATED,Brooklyn Nets (MARINE),Miami Heat (UNDERRATED),,,,12/08/2026 22:15:00,97,moneyline_1x2,,Brooklyn Nets (MARINE),1.57,False
2026-08-12T20:58:51.628099+00:00,13673685774,GG League - 4x5 Min de juego,False,Brooklyn Nets,MARINE,Miami Heat,UNDERRATED,Brooklyn Nets (MARINE),Miami Heat (UNDERRATED),,,,12/08/2026 22:15:00,97,moneyline_1x2,,Miami Heat (UNDERRATED),2.15,False
2026-08-12T20:58:51.628099+00:00,13673685174,GG League - 4x5 Min de juego,False,Boston Celtics,PHARAOH,Los Angeles Lakers,SIGNAL,Boston Celtics (PHARAOH),Los Angeles Lakers (SIGNAL),,,,12/08/2026 21:27:00,97,moneyline_1x2,,Boston Celtics (PHARAOH),2.3,False
2026-08-12T20:58:51.628099+00:00,13673685174,GG League - 4x5 Min de juego,False,Boston Celtics,PHARAOH,Los Angeles Lakers,SIGNAL,Boston Celtics (PHARAOH),Los Angeles Lakers (SIGNAL),,,,12/08/2026 21:27:00,97,moneyline_1x2,,Los Angeles Lakers (SIGNAL),1.5,False
2026-08-12T20:58:51.628099+00:00,13673685749,GG League - 4x5 Min de juego,False,Chicago Bulls,AIRFORCE,Miami Heat,MYTH,Chicago Bulls (AIRFORCE),Miami Heat (MYTH),,,,12/08/2026 21:15:00,97,moneyline_1x2,,Chicago Bulls (AIRFORCE),2.05,False
2026-08-12T20:58:51.628099+00:00,13673685749,GG League - 4x5 Min de juego,False,Chicago Bulls,AIRFORCE,Miami Heat,MYTH,Chicago Bulls (AIRFORCE),Miami Heat (MYTH),,,,12/08/2026 21:15:00,97,moneyline_1x2,,Miami Heat (MYTH),1.62,False
2026-08-12T20:58:51.628099+00:00,13673685378,GG League - 4x5 Min de juego,False,Chicago Bulls,OREZ,Toronto Raptors,SPARKZ,Chicago Bulls (OREZ),Toronto Raptors (SPARKZ),,,,12/08/2026 21:43:00,97,moneyline_1x2,,Chicago Bulls (OREZ),2.3,False
2026-08-12T20:58:51.628099+00:00,13673685378,GG League - 4x5 Min de juego,False,Chicago Bulls,OREZ,Toronto Raptors,SPARKZ,Chicago Bulls (OREZ),Toronto Raptors (SPARKZ),,,,12/08/2026 21:43:00,97,moneyline_1x2,,Toronto Raptors (SPARKZ),1.5,False
2026-08-12T20:58:51.628099+00:00,13673685775,GG League - 4x5 Min de juego,False,Miami Heat,MYTH,Toronto Raptors,CYPHER,Miami Heat (MYTH),Toronto Raptors (CYPHER),,,,12/08/2026 22:19:00,97,moneyline_1x2,,Miami Heat (MYTH),2.3,False
2026-08-12T20:58:51.628099+00:00,13673685775,GG League - 4x5 Min de juego,False,Miami Heat,MYTH,Toronto Raptors,CYPHER,Miami Heat (MYTH),Toronto Raptors (CYPHER),,,,12/08/2026 22:19:00,97,moneyline_1x2,,Toronto Raptors (CYPHER),1.5,False
2026-08-12T20:58:51.628099+00:00,13673685751,GG League - 4x5 Min de juego,False,Memphis Grizzlies,JUGGERNAUT,Cleveland Cavaliers,DAGGER,Memphis Grizzlies (JUGGERNAUT),Cleveland Cavaliers (DAGGER),,,,12/08/2026 21:19:00,97,moneyline_1x2,,Memphis Grizzlies (JUGGERNAUT),1.5,False
2026-08-12T20:58:51.628099+00:00,13673685751,GG League - 4x5 Min de juego,False,Memphis Grizzlies,JUGGERNAUT,Cleveland Cavaliers,DAGGER,Memphis Grizzlies (JUGGERNAUT),Cleveland Cavaliers (DAGGER),,,,12/08/2026 21:19:00,97,moneyline_1x2,,Cleveland Cavaliers (DAGGER),2.3,False
2026-08-12T20:58:51.628099+00:00,13673683710,GG League - 4x5 Min de juego,False,Oklahoma City Thunder,STING,Los Angeles Lakers,ADMIRAL,Oklahoma City Thunder (STING),Los Angeles Lakers (ADMIRAL),,,,12/08/2026 21:23:00,97,moneyline_1x2,,Oklahoma City Thunder (STING),1.62,False
2026-08-12T20:58:51.628099+00:00,13673683710,GG League - 4x5 Min de juego,False,Oklahoma City Thunder,STING,Los Angeles Lakers,ADMIRAL,Oklahoma City Thunder (STING),Los Angeles Lakers (ADMIRAL),,,,12/08/2026 21:23:00,97,moneyline_1x2,,Los Angeles Lakers (ADMIRAL),2.05,False
2026-08-12T20:58:51.628099+00:00,13673685379,GG League - 4x5 Min de juego,False,New York Knicks,JACKAL,Oklahoma City Thunder,CALAMITY,New York Knicks (JACKAL),Oklahoma City Thunder (CALAMITY),,,,12/08/2026 22:11:00,97,moneyline_1x2,,New York Knicks (JACKAL),2.3,False
2026-08-12T20:58:51.628099+00:00,13673685379,GG League - 4x5 Min de juego,False,New York Knicks,JACKAL,Oklahoma City Thunder,CALAMITY,New York Knicks (JACKAL),Oklahoma City Thunder (CALAMITY),,,,12/08/2026 22:11:00,97,moneyline_1x2,,Oklahoma City Thunder (CALAMITY),1.5,False
2026-08-12T20:58:51.628099+00:00,13673683712,GG League - 4x5 Min de juego,False,Charlotte Hornets,STING,Dallas Mavericks,RADIANT,Charlotte Hornets (STING),Dallas Mavericks (RADIANT),,,,12/08/2026 21:55:00,97,moneyline_1x2,,Charlotte Hornets (STING),2.2,False
2026-08-12T20:58:51.628099+00:00,13673683712,GG League - 4x5 Min de juego,False,Charlotte Hornets,STING,Dallas Mavericks,RADIANT,Charlotte Hornets (STING),Dallas Mavericks (RADIANT),,,,12/08/2026 21:55:00,97,moneyline_1x2,,Dallas Mavericks (RADIANT),1.55,False
2026-08-12T20:58:51.628099+00:00,13673685714,GG League - 4x5 Min de juego,True,Milwaukee Bucks,PATIENCE,Phoenix Suns,SIGNAL,Milwaukee Bucks (PATIENCE),Phoenix Suns (SIGNAL),1º cuarto,8,6,12/08/2026 20:55:00,97,moneyline_1x2,,Milwaukee Bucks (PATIENCE),1.4,False
2026-08-12T20:58:51.628099+00:00,13673685714,GG League - 4x5 Min de juego,True,Milwaukee Bucks,PATIENCE,Phoenix Suns,SIGNAL,Milwaukee Bucks (PATIENCE),Phoenix Suns (SIGNAL),1º cuarto,8,6,12/08/2026 20:55:00,97,moneyline_1x2,,Phoenix Suns (SIGNAL),2.6,False
2026-08-12T20:58:51.628099+00:00,13673685754,GG League - 4x5 Min de juego,False,Los Angeles Lakers,CURSE,Boston Celtics,HUNCHO,Los Angeles Lakers (CURSE),Boston Celtics (HUNCHO),,,,12/08/2026 21:39:00,97,moneyline_1x2,,Los Angeles Lakers (CURSE),2.35,False
2026-08-12T20:58:51.628099+00:00,13673685754,GG League - 4x5 Min de juego,False,Los Angeles Lakers,CURSE,Boston Celtics,HUNCHO,Los Angeles Lakers (CURSE),Boston Celtics (HUNCHO),,,,12/08/2026 21:39:00,97,moneyline_1x2,,Boston Celtics (HUNCHO),1.5,False
2026-08-12T20:58:51.628099+00:00,13673683502,GG League - 4x5 Min de juego,True,Orlando Magic,NIGHTHAWK,Denver Nuggets,DAGGER,Orlando Magic (NIGHTHAWK),Denver Nuggets (DAGGER),3º Cuarto,32,26,12/08/2026 20:47:00,97,moneyline_1x2,,Orlando Magic (NIGHTHAWK),1.19,False
2026-08-12T20:58:51.628099+00:00,13673683502,GG League - 4x5 Min de juego,True,Orlando Magic,NIGHTHAWK,Denver Nuggets,DAGGER,Orlando Magic (NIGHTHAWK),Denver Nuggets (DAGGER),3º Cuarto,32,26,12/08/2026 20:47:00,97,moneyline_1x2,,Denver Nuggets (DAGGER),3.9,False
2026-08-12T20:58:51.628099+00:00,13673683501,GG League - 4x5 Min de juego,True,Boston Celtics,KARMA,New York Knicks,MYTH,Boston Celtics (KARMA),New York Knicks (MYTH),3º Cuarto,26,30,12/08/2026 20:43:00,97,moneyline_1x2,,Boston Celtics (KARMA),1.9,False
2026-08-12T20:58:51.628099+00:00,13673683501,GG League - 4x5 Min de juego,True,Boston Celtics,KARMA,New York Knicks,MYTH,Boston Celtics (KARMA),New York Knicks (MYTH),3º Cuarto,26,30,12/08/2026 20:43:00,97,moneyline_1x2,,New York Knicks (MYTH),1.75,False
2026-08-12T21:01:24.189198+00:00,13673685760,GG League - 4x5 Min de juego,False,Dallas Mavericks,JUGGERNAUT,Orlando Magic,NIGHTHAWK,Dallas Mavericks (JUGGERNAUT),Orlando Magic (NIGHTHAWK),,,,12/08/2026 21:51:00,97,moneyline_1x2,,Dallas Mavericks (JUGGERNAUT),2.4,False
2026-08-12T21:01:24.189198+00:00,13673685760,GG League - 4x5 Min de juego,False,Dallas Mavericks,JUGGERNAUT,Orlando Magic,NIGHTHAWK,Dallas Mavericks (JUGGERNAUT),Orlando Magic (NIGHTHAWK),,,,12/08/2026 21:51:00,97,moneyline_1x2,,Orlando Magic (NIGHTHAWK),1.45,False
2026-08-12T21:01:24.189198+00:00,13673685773,GG League - 4x5 Min de juego,False,Memphis Grizzlies,PHARAOH,Milwaukee Bucks,PATIENCE,Memphis Grizzlies (PHARAOH),Milwaukee Bucks (PATIENCE),,,,12/08/2026 21:59:00,97,moneyline_1x2,,Memphis Grizzlies (PHARAOH),2.3,False
2026-08-12T21:01:24.189198+00:00,13673685773,GG League - 4x5 Min de juego,False,Memphis Grizzlies,PHARAOH,Milwaukee Bucks,PATIENCE,Memphis Grizzlies (PHARAOH),Milwaukee Bucks (PATIENCE),,,,12/08/2026 21:59:00,97,moneyline_1x2,,Milwaukee Bucks (PATIENCE),1.5,False
2026-08-12T21:01:24.189198+00:00,13673685173,GG League - 4x5 Min de juego,False,Los Angeles Lakers,CURSE,New York Knicks,JACKAL,Los Angeles Lakers (CURSE),New York Knicks (JACKAL),,,,12/08/2026 21:07:00,97,moneyline_1x2,,Los Angeles Lakers (CURSE),2.05,False
2026-08-12T21:01:24.189198+00:00,13673685173,GG League - 4x5 Min de juego,False,Los Angeles Lakers,CURSE,New York Knicks,JACKAL,Los Angeles Lakers (CURSE),New York Knicks (JACKAL),,,,12/08/2026 21:07:00,97,moneyline_1x2,,New York Knicks (JACKAL),1.62,False
2026-08-12T21:01:24.189198+00:00,13673683632,GG League - 4x5 Min de juego,False,Chicago Bulls,OREZ,Brooklyn Nets,MARINE,Chicago Bulls (OREZ),Brooklyn Nets (MARINE),,,,12/08/2026 21:11:00,97,moneyline_1x2,,Chicago Bulls (OREZ),2.2,False
2026-08-12T21:01:24.189198+00:00,13673683632,GG League - 4x5 Min de juego,False,Chicago Bulls,OREZ,Brooklyn Nets,MARINE,Chicago Bulls (OREZ),Brooklyn Nets (MARINE),,,,12/08/2026 21:11:00,97,moneyline_1x2,,Brooklyn Nets (MARINE),1.55,False
2026-08-12T21:01:24.189198+00:00,13673685707,GG League - 4x5 Min de juego,True,Dallas Mavericks,RADIANT,Denver Nuggets,ADMIRAL,Dallas Mavericks (RADIANT),Denver Nuggets (ADMIRAL),1º cuarto,6,7,12/08/2026 20:51:00,97,moneyline_1x2,,Dallas Mavericks (RADIANT),1.43,False
2026-08-12T21:01:24.189198+00:00,13673685707,GG League - 4x5 Min de juego,True,Dallas Mavericks,RADIANT,Denver Nuggets,ADMIRAL,Dallas Mavericks (RADIANT),Denver Nuggets (ADMIRAL),1º cuarto,6,7,12/08/2026 20:51:00,97,moneyline_1x2,,Denver Nuggets (ADMIRAL),2.5,False
2026-08-12T21:01:24.189198+00:00,13673683272,GG League - 4x5 Min de juego,True,Toronto Raptors,SPARKZ,Brooklyn Nets,MARINE,Toronto Raptors (SPARKZ),Brooklyn Nets (MARINE),4º cuarto,45,47,12/08/2026 20:39:00,97,moneyline_1x2,,Toronto Raptors (SPARKZ),2.8,False
2026-08-12T21:01:24.189198+00:00,13673683272,GG League - 4x5 Min de juego,True,Toronto Raptors,SPARKZ,Brooklyn Nets,MARINE,Toronto Raptors (SPARKZ),Brooklyn Nets (MARINE),4º cuarto,45,47,12/08/2026 20:39:00,97,moneyline_1x2,,Brooklyn Nets (MARINE),1.35,False
2026-08-12T21:01:24.189198+00:00,13673683915,GG League - 4x5 Min de juego,False,Cleveland Cavaliers,DAGGER,Milwaukee Bucks,GENERAL,Cleveland Cavaliers (DAGGER),Milwaukee Bucks (GENERAL),,,,12/08/2026 22:23:00,97,moneyline_1x2,,Cleveland Cavaliers (DAGGER),1.5,False
2026-08-12T21:01:24.189198+00:00,13673683915,GG League - 4x5 Min de juego,False,Cleveland Cavaliers,DAGGER,Milwaukee Bucks,GENERAL,Cleveland Cavaliers (DAGGER),Milwaukee Bucks (GENERAL),,,,12/08/2026 22:23:00,97,moneyline_1x2,,Milwaukee Bucks (GENERAL),2.3,False
2026-08-12T21:01:24.189198+00:00,13673685774,GG League - 4x5 Min de juego,False,Brooklyn Nets,MARINE,Miami Heat,UNDERRATED,Brooklyn Nets (MARINE),Miami Heat (UNDERRATED),,,,12/08/2026 22:15:00,97,moneyline_1x2,,Brooklyn Nets (MARINE),1.57,False
2026-08-12T21:01:24.189198+00:00,13673685774,GG League - 4x5 Min de juego,False,Brooklyn Nets,MARINE,Miami Heat,UNDERRATED,Brooklyn Nets (MARINE),Miami Heat (UNDERRATED),,,,12/08/2026 22:15:00,97,moneyline_1x2,,Miami Heat (UNDERRATED),2.15,False
2026-08-12T21:01:24.189198+00:00,13673685174,GG League - 4x5 Min de juego,False,Boston Celtics,PHARAOH,Los Angeles Lakers,SIGNAL,Boston Celtics (PHARAOH),Los Angeles Lakers (SIGNAL),,,,12/08/2026 21:27:00,97,moneyline_1x2,,Boston Celtics (PHARAOH),2.3,False
2026-08-12T21:01:24.189198+00:00,13673685174,GG League - 4x5 Min de juego,False,Boston Celtics,PHARAOH,Los Angeles Lakers,SIGNAL,Boston Celtics (PHARAOH),Los Angeles Lakers (SIGNAL),,,,12/08/2026 21:27:00,97,moneyline_1x2,,Los Angeles Lakers (SIGNAL),1.5,False
2026-08-12T21:01:24.189198+00:00,13673685749,GG League - 4x5 Min de juego,False,Chicago Bulls,AIRFORCE,Miami Heat,MYTH,Chicago Bulls (AIRFORCE),Miami Heat (MYTH),,,,12/08/2026 21:15:00,97,moneyline_1x2,,Chicago Bulls (AIRFORCE),2.05,False
2026-08-12T21:01:24.189198+00:00,13673685749,GG League - 4x5 Min de juego,False,Chicago Bulls,AIRFORCE,Miami Heat,MYTH,Chicago Bulls (AIRFORCE),Miami Heat (MYTH),,,,12/08/2026 21:15:00,97,moneyline_1x2,,Miami Heat (MYTH),1.62,False
2026-08-12T21:01:24.189198+00:00,13673685378,GG League - 4x5 Min de juego,False,Chicago Bulls,OREZ,Toronto Raptors,SPARKZ,Chicago Bulls (OREZ),Toronto Raptors (SPARKZ),,,,12/08/2026 21:43:00,97,moneyline_1x2,,Chicago Bulls (OREZ),2.3,False
2026-08-12T21:01:24.189198+00:00,13673685378,GG League - 4x5 Min de juego,False,Chicago Bulls,OREZ,Toronto Raptors,SPARKZ,Chicago Bulls (OREZ),Toronto Raptors (SPARKZ),,,,12/08/2026 21:43:00,97,moneyline_1x2,,Toronto Raptors (SPARKZ),1.5,False
2026-08-12T21:01:24.189198+00:00,13673685775,GG League - 4x5 Min de juego,False,Miami Heat,MYTH,Toronto Raptors,CYPHER,Miami Heat (MYTH),Toronto Raptors (CYPHER),,,,12/08/2026 22:19:00,97,moneyline_1x2,,Miami Heat (MYTH),2.3,False
2026-08-12T21:01:24.189198+00:00,13673685775,GG League - 4x5 Min de juego,False,Miami Heat,MYTH,Toronto Raptors,CYPHER,Miami Heat (MYTH),Toronto Raptors (CYPHER),,,,12/08/2026 22:19:00,97,moneyline_1x2,,Toronto Raptors (CYPHER),1.5,False
2026-08-12T21:01:24.189198+00:00,13673685751,GG League - 4x5 Min de juego,False,Memphis Grizzlies,JUGGERNAUT,Cleveland Cavaliers,DAGGER,Memphis Grizzlies (JUGGERNAUT),Cleveland Cavaliers (DAGGER),,,,12/08/2026 21:19:00,97,moneyline_1x2,,Memphis Grizzlies (JUGGERNAUT),1.5,False
2026-08-12T21:01:24.189198+00:00,13673685751,GG League - 4x5 Min de juego,False,Memphis Grizzlies,JUGGERNAUT,Cleveland Cavaliers,DAGGER,Memphis Grizzlies (JUGGERNAUT),Cleveland Cavaliers (DAGGER),,,,12/08/2026 21:19:00,97,moneyline_1x2,,Cleveland Cavaliers (DAGGER),2.3,False
2026-08-12T21:01:24.189198+00:00,13673683710,GG League - 4x5 Min de juego,False,Oklahoma City Thunder,STING,Los Angeles Lakers,ADMIRAL,Oklahoma City Thunder (STING),Los Angeles Lakers (ADMIRAL),,,,12/08/2026 21:23:00,97,moneyline_1x2,,Oklahoma City Thunder (STING),1.62,False
2026-08-12T21:01:24.189198+00:00,13673683710,GG League - 4x5 Min de juego,False,Oklahoma City Thunder,STING,Los Angeles Lakers,ADMIRAL,Oklahoma City Thunder (STING),Los Angeles Lakers (ADMIRAL),,,,12/08/2026 21:23:00,97,moneyline_1x2,,Los Angeles Lakers (ADMIRAL),2.05,False
2026-08-12T21:01:24.189198+00:00,13673685379,GG League - 4x5 Min de juego,False,New York Knicks,JACKAL,Oklahoma City Thunder,CALAMITY,New York Knicks (JACKAL),Oklahoma City Thunder (CALAMITY),,,,12/08/2026 22:11:00,97,moneyline_1x2,,New York Knicks (JACKAL),2.3,False
2026-08-12T21:01:24.189198+00:00,13673685379,GG League - 4x5 Min de juego,False,New York Knicks,JACKAL,Oklahoma City Thunder,CALAMITY,New York Knicks (JACKAL),Oklahoma City Thunder (CALAMITY),,,,12/08/2026 22:11:00,97,moneyline_1x2,,Oklahoma City Thunder (CALAMITY),1.5,False
2026-08-12T21:01:24.189198+00:00,13673683712,GG League - 4x5 Min de juego,False,Charlotte Hornets,STING,Dallas Mavericks,RADIANT,Charlotte Hornets (STING),Dallas Mavericks (RADIANT),,,,12/08/2026 21:55:00,97,moneyline_1x2,,Charlotte Hornets (STING),2.2,False
2026-08-12T21:01:24.189198+00:00,13673683712,GG League - 4x5 Min de juego,False,Charlotte Hornets,STING,Dallas Mavericks,RADIANT,Charlotte Hornets (STING),Dallas Mavericks (RADIANT),,,,12/08/2026 21:55:00,97,moneyline_1x2,,Dallas Mavericks (RADIANT),1.55,False
2026-08-12T21:01:24.189198+00:00,13673685714,GG League - 4x5 Min de juego,True,Milwaukee Bucks,PATIENCE,Phoenix Suns,SIGNAL,Milwaukee Bucks (PATIENCE),Phoenix Suns (SIGNAL),2º cuarto,18,11,12/08/2026 20:55:00,97,moneyline_1x2,,Milwaukee Bucks (PATIENCE),1.12,False
2026-08-12T21:01:24.189198+00:00,13673685714,GG League - 4x5 Min de juego,True,Milwaukee Bucks,PATIENCE,Phoenix Suns,SIGNAL,Milwaukee Bucks (PATIENCE),Phoenix Suns (SIGNAL),2º cuarto,18,11,12/08/2026 20:55:00,97,moneyline_1x2,,Phoenix Suns (SIGNAL),4.75,False
2026-08-12T21:01:24.189198+00:00,13673685754,GG League - 4x5 Min de juego,False,Los Angeles Lakers,CURSE,Boston Celtics,HUNCHO,Los Angeles Lakers (CURSE),Boston Celtics (HUNCHO),,,,12/08/2026 21:39:00,97,moneyline_1x2,,Los Angeles Lakers (CURSE),2.35,False
2026-08-12T21:01:24.189198+00:00,13673685754,GG League - 4x5 Min de juego,False,Los Angeles Lakers,CURSE,Boston Celtics,HUNCHO,Los Angeles Lakers (CURSE),Boston Celtics (HUNCHO),,,,12/08/2026 21:39:00,97,moneyline_1x2,,Boston Celtics (HUNCHO),1.5,False
2026-08-12T21:01:24.189198+00:00,13673683502,GG League - 4x5 Min de juego,True,Orlando Magic,NIGHTHAWK,Denver Nuggets,DAGGER,Orlando Magic (NIGHTHAWK),Denver Nuggets (DAGGER),3º Cuarto,32,31,12/08/2026 20:47:00,97,moneyline_1x2,,Orlando Magic (NIGHTHAWK),1.57,False
2026-08-12T21:01:24.189198+00:00,13673683502,GG League - 4x5 Min de juego,True,Orlando Magic,NIGHTHAWK,Denver Nuggets,DAGGER,Orlando Magic (NIGHTHAWK),Denver Nuggets (DAGGER),3º Cuarto,32,31,12/08/2026 20:47:00,97,moneyline_1x2,,Denver Nuggets (DAGGER),2.15,False
2026-08-12T21:01:24.189198+00:00,13673683501,GG League - 4x5 Min de juego,True,Boston Celtics,KARMA,New York Knicks,MYTH,Boston Celtics (KARMA),New York Knicks (MYTH),3º Cuarto,30,36,12/08/2026 20:43:00,97,moneyline_1x2,,Boston Celtics (KARMA),4.1,False
2026-08-12T21:01:24.189198+00:00,13673683501,GG League - 4x5 Min de juego,True,Boston Celtics,KARMA,New York Knicks,MYTH,Boston Celtics (KARMA),New York Knicks (MYTH),3º Cuarto,30,36,12/08/2026 20:43:00,97,moneyline_1x2,,New York Knicks (MYTH),1.17,False
2026-08-12T21:02:48.833960+00:00,13673685760,GG League - 4x5 Min de juego,False,Dallas Mavericks,JUGGERNAUT,Orlando Magic,NIGHTHAWK,Dallas Mavericks (JUGGERNAUT),Orlando Magic (NIGHTHAWK),,,,12/08/2026 21:51:00,97,moneyline_1x2,,Dallas Mavericks (JUGGERNAUT),2.4,False
2026-08-12T21:02:48.833960+00:00,13673685760,GG League - 4x5 Min de juego,False,Dallas Mavericks,JUGGERNAUT,Orlando Magic,NIGHTHAWK,Dallas Mavericks (JUGGERNAUT),Orlando Magic (NIGHTHAWK),,,,12/08/2026 21:51:00,97,moneyline_1x2,,Orlando Magic (NIGHTHAWK),1.45,False
2026-08-12T21:02:48.833960+00:00,13673685773,GG League - 4x5 Min de juego,False,Memphis Grizzlies,PHARAOH,Milwaukee Bucks,PATIENCE,Memphis Grizzlies (PHARAOH),Milwaukee Bucks (PATIENCE),,,,12/08/2026 21:59:00,97,moneyline_1x2,,Memphis Grizzlies (PHARAOH),2.3,False
2026-08-12T21:02:48.833960+00:00,13673685773,GG League - 4x5 Min de juego,False,Memphis Grizzlies,PHARAOH,Milwaukee Bucks,PATIENCE,Memphis Grizzlies (PHARAOH),Milwaukee Bucks (PATIENCE),,,,12/08/2026 21:59:00,97,moneyline_1x2,,Milwaukee Bucks (PATIENCE),1.5,False
2026-08-12T21:02:48.833960+00:00,13673683632,GG League - 4x5 Min de juego,False,Chicago Bulls,OREZ,Brooklyn Nets,MARINE,Chicago Bulls (OREZ),Brooklyn Nets (MARINE),,,,12/08/2026 21:11:00,97,moneyline_1x2,,Chicago Bulls (OREZ),2.2,False
2026-08-12T21:02:48.833960+00:00,13673683632,GG League - 4x5 Min de juego,False,Chicago Bulls,OREZ,Brooklyn Nets,MARINE,Chicago Bulls (OREZ),Brooklyn Nets (MARINE),,,,12/08/2026 21:11:00,97,moneyline_1x2,,Brooklyn Nets (MARINE),1.55,False
2026-08-12T21:02:48.833960+00:00,13673685707,GG League - 4x5 Min de juego,True,Dallas Mavericks,RADIANT,Denver Nuggets,ADMIRAL,Dallas Mavericks (RADIANT),Denver Nuggets (ADMIRAL),1º cuarto,10,11,12/08/2026 20:51:00,97,moneyline_1x2,,Dallas Mavericks (RADIANT),1.45,False
2026-08-12T21:02:48.833960+00:00,13673685707,GG League - 4x5 Min de juego,True,Dallas Mavericks,RADIANT,Denver Nuggets,ADMIRAL,Dallas Mavericks (RADIANT),Denver Nuggets (ADMIRAL),1º cuarto,10,11,12/08/2026 20:51:00,97,moneyline_1x2,,Denver Nuggets (ADMIRAL),2.4,False
2026-08-12T21:02:48.833960+00:00,13673683915,GG League - 4x5 Min de juego,False,Cleveland Cavaliers,DAGGER,Milwaukee Bucks,GENERAL,Cleveland Cavaliers (DAGGER),Milwaukee Bucks (GENERAL),,,,12/08/2026 22:23:00,97,moneyline_1x2,,Cleveland Cavaliers (DAGGER),1.5,False
2026-08-12T21:02:48.833960+00:00,13673683915,GG League - 4x5 Min de juego,False,Cleveland Cavaliers,DAGGER,Milwaukee Bucks,GENERAL,Cleveland Cavaliers (DAGGER),Milwaukee Bucks (GENERAL),,,,12/08/2026 22:23:00,97,moneyline_1x2,,Milwaukee Bucks (GENERAL),2.3,False
2026-08-12T21:02:48.833960+00:00,13673685774,GG League - 4x5 Min de juego,False,Brooklyn Nets,MARINE,Miami Heat,UNDERRATED,Brooklyn Nets (MARINE),Miami Heat (UNDERRATED),,,,12/08/2026 22:15:00,97,moneyline_1x2,,Brooklyn Nets (MARINE),1.57,False
2026-08-12T21:02:48.833960+00:00,13673685774,GG League - 4x5 Min de juego,False,Brooklyn Nets,MARINE,Miami Heat,UNDERRATED,Brooklyn Nets (MARINE),Miami Heat (UNDERRATED),,,,12/08/2026 22:15:00,97,moneyline_1x2,,Miami Heat (UNDERRATED),2.15,False
2026-08-12T21:02:48.833960+00:00,13673685174,GG League - 4x5 Min de juego,False,Boston Celtics,PHARAOH,Los Angeles Lakers,SIGNAL,Boston Celtics (PHARAOH),Los Angeles Lakers (SIGNAL),,,,12/08/2026 21:27:00,97,moneyline_1x2,,Boston Celtics (PHARAOH),2.3,False
2026-08-12T21:02:48.833960+00:00,13673685174,GG League - 4x5 Min de juego,False,Boston Celtics,PHARAOH,Los Angeles Lakers,SIGNAL,Boston Celtics (PHARAOH),Los Angeles Lakers (SIGNAL),,,,12/08/2026 21:27:00,97,moneyline_1x2,,Los Angeles Lakers (SIGNAL),1.5,False
2026-08-12T21:02:48.833960+00:00,13673685749,GG League - 4x5 Min de juego,False,Chicago Bulls,AIRFORCE,Miami Heat,MYTH,Chicago Bulls (AIRFORCE),Miami Heat (MYTH),,,,12/08/2026 21:15:00,97,moneyline_1x2,,Chicago Bulls (AIRFORCE),2.05,False
2026-08-12T21:02:48.833960+00:00,13673685749,GG League - 4x5 Min de juego,False,Chicago Bulls,AIRFORCE,Miami Heat,MYTH,Chicago Bulls (AIRFORCE),Miami Heat (MYTH),,,,12/08/2026 21:15:00,97,moneyline_1x2,,Miami Heat (MYTH),1.62,False
2026-08-12T21:02:48.833960+00:00,13673685378,GG League - 4x5 Min de juego,False,Chicago Bulls,OREZ,Toronto Raptors,SPARKZ,Chicago Bulls (OREZ),Toronto Raptors (SPARKZ),,,,12/08/2026 21:43:00,97,moneyline_1x2,,Chicago Bulls (OREZ),2.3,False
2026-08-12T21:02:48.833960+00:00,13673685378,GG League - 4x5 Min de juego,False,Chicago Bulls,OREZ,Toronto Raptors,SPARKZ,Chicago Bulls (OREZ),Toronto Raptors (SPARKZ),,,,12/08/2026 21:43:00,97,moneyline_1x2,,Toronto Raptors (SPARKZ),1.5,False
2026-08-12T21:02:48.833960+00:00,13673685775,GG League - 4x5 Min de juego,False,Miami Heat,MYTH,Toronto Raptors,CYPHER,Miami Heat (MYTH),Toronto Raptors (CYPHER),,,,12/08/2026 22:19:00,97,moneyline_1x2,,Miami Heat (MYTH),2.3,False
2026-08-12T21:02:48.833960+00:00,13673685775,GG League - 4x5 Min de juego,False,Miami Heat,MYTH,Toronto Raptors,CYPHER,Miami Heat (MYTH),Toronto Raptors (CYPHER),,,,12/08/2026 22:19:00,97,moneyline_1x2,,Toronto Raptors (CYPHER),1.5,False
2026-08-12T21:02:48.833960+00:00,13673685751,GG League - 4x5 Min de juego,False,Memphis Grizzlies,JUGGERNAUT,Cleveland Cavaliers,DAGGER,Memphis Grizzlies (JUGGERNAUT),Cleveland Cavaliers (DAGGER),,,,12/08/2026 21:19:00,97,moneyline_1x2,,Memphis Grizzlies (JUGGERNAUT),1.5,False
2026-08-12T21:02:48.833960+00:00,13673685751,GG League - 4x5 Min de juego,False,Memphis Grizzlies,JUGGERNAUT,Cleveland Cavaliers,DAGGER,Memphis Grizzlies (JUGGERNAUT),Cleveland Cavaliers (DAGGER),,,,12/08/2026 21:19:00,97,moneyline_1x2,,Cleveland Cavaliers (DAGGER),2.3,False
2026-08-12T21:02:48.833960+00:00,13673683710,GG League - 4x5 Min de juego,False,Oklahoma City Thunder,STING,Los Angeles Lakers,ADMIRAL,Oklahoma City Thunder (STING),Los Angeles Lakers (ADMIRAL),,,,12/08/2026 21:23:00,97,moneyline_1x2,,Oklahoma City Thunder (STING),1.62,False
2026-08-12T21:02:48.833960+00:00,13673683710,GG League - 4x5 Min de juego,False,Oklahoma City Thunder,STING,Los Angeles Lakers,ADMIRAL,Oklahoma City Thunder (STING),Los Angeles Lakers (ADMIRAL),,,,12/08/2026 21:23:00,97,moneyline_1x2,,Los Angeles Lakers (ADMIRAL),2.05,False
2026-08-12T21:02:48.833960+00:00,13673685379,GG League - 4x5 Min de juego,False,New York Knicks,JACKAL,Oklahoma City Thunder,CALAMITY,New York Knicks (JACKAL),Oklahoma City Thunder (CALAMITY),,,,12/08/2026 22:11:00,97,moneyline_1x2,,New York Knicks (JACKAL),2.3,False
2026-08-12T21:02:48.833960+00:00,13673685379,GG League - 4x5 Min de juego,False,New York Knicks,JACKAL,Oklahoma City Thunder,CALAMITY,New York Knicks (JACKAL),Oklahoma City Thunder (CALAMITY),,,,12/08/2026 22:11:00,97,moneyline_1x2,,Oklahoma City Thunder (CALAMITY),1.5,False
2026-08-12T21:02:48.833960+00:00,13673683712,GG League - 4x5 Min de juego,False,Charlotte Hornets,STING,Dallas Mavericks,RADIANT,Charlotte Hornets (STING),Dallas Mavericks (RADIANT),,,,12/08/2026 21:55:00,97,moneyline_1x2,,Charlotte Hornets (STING),2.2,False
2026-08-12T21:02:48.833960+00:00,13673683712,GG League - 4x5 Min de juego,False,Charlotte Hornets,STING,Dallas Mavericks,RADIANT,Charlotte Hornets (STING),Dallas Mavericks (RADIANT),,,,12/08/2026 21:55:00,97,moneyline_1x2,,Dallas Mavericks (RADIANT),1.55,False
2026-08-12T21:02:48.833960+00:00,13673685714,GG League - 4x5 Min de juego,True,Milwaukee Bucks,PATIENCE,Phoenix Suns,SIGNAL,Milwaukee Bucks (PATIENCE),Phoenix Suns (SIGNAL),2º cuarto,23,11,12/08/2026 20:55:00,97,moneyline_1x2,,Milwaukee Bucks (PATIENCE),1.03,False
2026-08-12T21:02:48.833960+00:00,13673685714,GG League - 4x5 Min de juego,True,Milwaukee Bucks,PATIENCE,Phoenix Suns,SIGNAL,Milwaukee Bucks (PATIENCE),Phoenix Suns (SIGNAL),2º cuarto,23,11,12/08/2026 20:55:00,97,moneyline_1x2,,Phoenix Suns (SIGNAL),8.0,False
2026-08-12T21:02:48.833960+00:00,13673685420,GG League - 4x5 Min de juego,False,Los Angeles Lakers,ADMIRAL,New York Knicks,RADIANT,Los Angeles Lakers (ADMIRAL),New York Knicks (RADIANT),,,,12/08/2026 22:27:00,97,moneyline_1x2,,Los Angeles Lakers (ADMIRAL),2.4,False
2026-08-12T21:02:48.833960+00:00,13673685420,GG League - 4x5 Min de juego,False,Los Angeles Lakers,ADMIRAL,New York Knicks,RADIANT,Los Angeles Lakers (ADMIRAL),New York Knicks (RADIANT),,,,12/08/2026 22:27:00,97,moneyline_1x2,,New York Knicks (RADIANT),1.45,False
2026-08-12T21:02:48.833960+00:00,13673685754,GG League - 4x5 Min de juego,False,Los Angeles Lakers,CURSE,Boston Celtics,HUNCHO,Los Angeles Lakers (CURSE),Boston Celtics (HUNCHO),,,,12/08/2026 21:39:00,97,moneyline_1x2,,Los Angeles Lakers (CURSE),2.35,False
2026-08-12T21:02:48.833960+00:00,13673685754,GG League - 4x5 Min de juego,False,Los Angeles Lakers,CURSE,Boston Celtics,HUNCHO,Los Angeles Lakers (CURSE),Boston Celtics (HUNCHO),,,,12/08/2026 21:39:00,97,moneyline_1x2,,Boston Celtics (HUNCHO),1.5,False
2026-08-12T21:02:48.833960+00:00,13673683502,GG League - 4x5 Min de juego,True,Orlando Magic,NIGHTHAWK,Denver Nuggets,DAGGER,Orlando Magic (NIGHTHAWK),Denver Nuggets (DAGGER),3º Cuarto,36,35,12/08/2026 20:47:00,97,moneyline_1x2,,Orlando Magic (NIGHTHAWK),1.57,False
2026-08-12T21:02:48.833960+00:00,13673683502,GG League - 4x5 Min de juego,True,Orlando Magic,NIGHTHAWK,Denver Nuggets,DAGGER,Orlando Magic (NIGHTHAWK),Denver Nuggets (DAGGER),3º Cuarto,36,35,12/08/2026 20:47:00,97,moneyline_1x2,,Denver Nuggets (DAGGER),2.15,False
2026-08-12T21:02:48.833960+00:00,13673683501,GG League - 4x5 Min de juego,True,Boston Celtics,KARMA,New York Knicks,MYTH,Boston Celtics (KARMA),New York Knicks (MYTH),4º cuarto,35,36,12/08/2026 20:43:00,97,moneyline_1x2,,Boston Celtics (KARMA),1.82,False
2026-08-12T21:02:48.833960+00:00,13673683501,GG League - 4x5 Min de juego,True,Boston Celtics,KARMA,New York Knicks,MYTH,Boston Celtics (KARMA),New York Knicks (MYTH),4º cuarto,35,36,12/08/2026 20:43:00,97,moneyline_1x2,,New York Knicks (MYTH),1.82,False
2026-08-12T21:04:48.690827+00:00,13673685760,GG League - 4x5 Min de juego,False,Dallas Mavericks,JUGGERNAUT,Orlando Magic,NIGHTHAWK,Dallas Mavericks (JUGGERNAUT),Orlando Magic (NIGHTHAWK),,,,12/08/2026 21:51:00,97,moneyline_1x2,,Dallas Mavericks (JUGGERNAUT),2.4,False
2026-08-12T21:04:48.690827+00:00,13673685760,GG League - 4x5 Min de juego,False,Dallas Mavericks,JUGGERNAUT,Orlando Magic,NIGHTHAWK,Dallas Mavericks (JUGGERNAUT),Orlando Magic (NIGHTHAWK),,,,12/08/2026 21:51:00,97,moneyline_1x2,,Orlando Magic (NIGHTHAWK),1.45,False
2026-08-12T21:04:48.690827+00:00,13673685773,GG League - 4x5 Min de juego,False,Memphis Grizzlies,PHARAOH,Milwaukee Bucks,PATIENCE,Memphis Grizzlies (PHARAOH),Milwaukee Bucks (PATIENCE),,,,12/08/2026 21:59:00,97,moneyline_1x2,,Memphis Grizzlies (PHARAOH),2.3,False
2026-08-12T21:04:48.690827+00:00,13673685773,GG League - 4x5 Min de juego,False,Memphis Grizzlies,PHARAOH,Milwaukee Bucks,PATIENCE,Memphis Grizzlies (PHARAOH),Milwaukee Bucks (PATIENCE),,,,12/08/2026 21:59:00,97,moneyline_1x2,,Milwaukee Bucks (PATIENCE),1.5,False
2026-08-12T21:04:48.690827+00:00,13673683632,GG League - 4x5 Min de juego,False,Chicago Bulls,OREZ,Brooklyn Nets,MARINE,Chicago Bulls (OREZ),Brooklyn Nets (MARINE),,,,12/08/2026 21:11:00,97,moneyline_1x2,,Chicago Bulls (OREZ),2.2,False
2026-08-12T21:04:48.690827+00:00,13673683632,GG League - 4x5 Min de juego,False,Chicago Bulls,OREZ,Brooklyn Nets,MARINE,Chicago Bulls (OREZ),Brooklyn Nets (MARINE),,,,12/08/2026 21:11:00,97,moneyline_1x2,,Brooklyn Nets (MARINE),1.55,False
2026-08-12T21:04:48.690827+00:00,13673685707,GG League - 4x5 Min de juego,True,Dallas Mavericks,RADIANT,Denver Nuggets,ADMIRAL,Dallas Mavericks (RADIANT),Denver Nuggets (ADMIRAL),2º cuarto,16,14,12/08/2026 20:51:00,97,moneyline_1x2,,Dallas Mavericks (RADIANT),1.35,False
2026-08-12T21:04:48.690827+00:00,13673685707,GG League - 4x5 Min de juego,True,Dallas Mavericks,RADIANT,Denver Nuggets,ADMIRAL,Dallas Mavericks (RADIANT),Denver Nuggets (ADMIRAL),2º cuarto,16,14,12/08/2026 20:51:00,97,moneyline_1x2,,Denver Nuggets (ADMIRAL),2.8,False
2026-08-12T21:04:48.690827+00:00,13673683915,GG League - 4x5 Min de juego,False,Cleveland Cavaliers,DAGGER,Milwaukee Bucks,GENERAL,Cleveland Cavaliers (DAGGER),Milwaukee Bucks (GENERAL),,,,12/08/2026 22:23:00,97,moneyline_1x2,,Cleveland Cavaliers (DAGGER),1.5,False
2026-08-12T21:04:48.690827+00:00,13673683915,GG League - 4x5 Min de juego,False,Cleveland Cavaliers,DAGGER,Milwaukee Bucks,GENERAL,Cleveland Cavaliers (DAGGER),Milwaukee Bucks (GENERAL),,,,12/08/2026 22:23:00,97,moneyline_1x2,,Milwaukee Bucks (GENERAL),2.3,False
2026-08-12T21:04:48.690827+00:00,13673685774,GG League - 4x5 Min de juego,False,Brooklyn Nets,MARINE,Miami Heat,UNDERRATED,Brooklyn Nets (MARINE),Miami Heat (UNDERRATED),,,,12/08/2026 22:15:00,97,moneyline_1x2,,Brooklyn Nets (MARINE),1.57,False
2026-08-12T21:04:48.690827+00:00,13673685774,GG League - 4x5 Min de juego,False,Brooklyn Nets,MARINE,Miami Heat,UNDERRATED,Brooklyn Nets (MARINE),Miami Heat (UNDERRATED),,,,12/08/2026 22:15:00,97,moneyline_1x2,,Miami Heat (UNDERRATED),2.15,False
2026-08-12T21:04:48.690827+00:00,13673685174,GG League - 4x5 Min de juego,False,Boston Celtics,PHARAOH,Los Angeles Lakers,SIGNAL,Boston Celtics (PHARAOH),Los Angeles Lakers (SIGNAL),,,,12/08/2026 21:27:00,97,moneyline_1x2,,Boston Celtics (PHARAOH),2.3,False
2026-08-12T21:04:48.690827+00:00,13673685174,GG League - 4x5 Min de juego,False,Boston Celtics,PHARAOH,Los Angeles Lakers,SIGNAL,Boston Celtics (PHARAOH),Los Angeles Lakers (SIGNAL),,,,12/08/2026 21:27:00,97,moneyline_1x2,,Los Angeles Lakers (SIGNAL),1.5,False
2026-08-12T21:04:48.690827+00:00,13673685378,GG League - 4x5 Min de juego,False,Chicago Bulls,OREZ,Toronto Raptors,SPARKZ,Chicago Bulls (OREZ),Toronto Raptors (SPARKZ),,,,12/08/2026 21:43:00,97,moneyline_1x2,,Chicago Bulls (OREZ),2.3,False
2026-08-12T21:04:48.690827+00:00,13673685378,GG League - 4x5 Min de juego,False,Chicago Bulls,OREZ,Toronto Raptors,SPARKZ,Chicago Bulls (OREZ),Toronto Raptors (SPARKZ),,,,12/08/2026 21:43:00,97,moneyline_1x2,,Toronto Raptors (SPARKZ),1.5,False
2026-08-12T21:04:48.690827+00:00,13673685775,GG League - 4x5 Min de juego,False,Miami Heat,MYTH,Toronto Raptors,CYPHER,Miami Heat (MYTH),Toronto Raptors (CYPHER),,,,12/08/2026 22:19:00,97,moneyline_1x2,,Miami Heat (MYTH),2.3,False
2026-08-12T21:04:48.690827+00:00,13673685775,GG League - 4x5 Min de juego,False,Miami Heat,MYTH,Toronto Raptors,CYPHER,Miami Heat (MYTH),Toronto Raptors (CYPHER),,,,12/08/2026 22:19:00,97,moneyline_1x2,,Toronto Raptors (CYPHER),1.5,False
2026-08-12T21:04:48.690827+00:00,13673683710,GG League - 4x5 Min de juego,False,Oklahoma City Thunder,STING,Los Angeles Lakers,ADMIRAL,Oklahoma City Thunder (STING),Los Angeles Lakers (ADMIRAL),,,,12/08/2026 21:23:00,97,moneyline_1x2,,Oklahoma City Thunder (STING),1.62,False
2026-08-12T21:04:48.690827+00:00,13673683710,GG League - 4x5 Min de juego,False,Oklahoma City Thunder,STING,Los Angeles Lakers,ADMIRAL,Oklahoma City Thunder (STING),Los Angeles Lakers (ADMIRAL),,,,12/08/2026 21:23:00,97,moneyline_1x2,,Los Angeles Lakers (ADMIRAL),2.05,False
2026-08-12T21:04:48.690827+00:00,13673685379,GG League - 4x5 Min de juego,False,New York Knicks,JACKAL,Oklahoma City Thunder,CALAMITY,New York Knicks (JACKAL),Oklahoma City Thunder (CALAMITY),,,,12/08/2026 22:11:00,97,moneyline_1x2,,New York Knicks (JACKAL),2.3,False
2026-08-12T21:04:48.690827+00:00,13673685379,GG League - 4x5 Min de juego,False,New York Knicks,JACKAL,Oklahoma City Thunder,CALAMITY,New York Knicks (JACKAL),Oklahoma City Thunder (CALAMITY),,,,12/08/2026 22:11:00,97,moneyline_1x2,,Oklahoma City Thunder (CALAMITY),1.5,False
2026-08-12T21:04:48.690827+00:00,13673683712,GG League - 4x5 Min de juego,False,Charlotte Hornets,STING,Dallas Mavericks,RADIANT,Charlotte Hornets (STING),Dallas Mavericks (RADIANT),,,,12/08/2026 21:55:00,97,moneyline_1x2,,Charlotte Hornets (STING),2.2,False
2026-08-12T21:04:48.690827+00:00,13673683712,GG League - 4x5 Min de juego,False,Charlotte Hornets,STING,Dallas Mavericks,RADIANT,Charlotte Hornets (STING),Dallas Mavericks (RADIANT),,,,12/08/2026 21:55:00,97,moneyline_1x2,,Dallas Mavericks (RADIANT),1.55,False
2026-08-12T21:04:48.690827+00:00,13673685714,GG League - 4x5 Min de juego,True,Milwaukee Bucks,PATIENCE,Phoenix Suns,SIGNAL,Milwaukee Bucks (PATIENCE),Phoenix Suns (SIGNAL),2º cuarto,25,13,12/08/2026 20:55:00,97,moneyline_1x2,,Milwaukee Bucks (PATIENCE),1.03,False
2026-08-12T21:04:48.690827+00:00,13673685714,GG League - 4x5 Min de juego,True,Milwaukee Bucks,PATIENCE,Phoenix Suns,SIGNAL,Milwaukee Bucks (PATIENCE),Phoenix Suns (SIGNAL),2º cuarto,25,13,12/08/2026 20:55:00,97,moneyline_1x2,,Phoenix Suns (SIGNAL),8.0,False
2026-08-12T21:04:48.690827+00:00,13673685420,GG League - 4x5 Min de juego,False,Los Angeles Lakers,ADMIRAL,New York Knicks,RADIANT,Los Angeles Lakers (ADMIRAL),New York Knicks (RADIANT),,,,12/08/2026 22:27:00,97,moneyline_1x2,,Los Angeles Lakers (ADMIRAL),2.4,False
2026-08-12T21:04:48.690827+00:00,13673685420,GG League - 4x5 Min de juego,False,Los Angeles Lakers,ADMIRAL,New York Knicks,RADIANT,Los Angeles Lakers (ADMIRAL),New York Knicks (RADIANT),,,,12/08/2026 22:27:00,97,moneyline_1x2,,New York Knicks (RADIANT),1.45,False
2026-08-12T21:04:48.690827+00:00,13673685754,GG League - 4x5 Min de juego,False,Los Angeles Lakers,CURSE,Boston Celtics,HUNCHO,Los Angeles Lakers (CURSE),Boston Celtics (HUNCHO),,,,12/08/2026 21:39:00,97,moneyline_1x2,,Los Angeles Lakers (CURSE),2.35,False
2026-08-12T21:04:48.690827+00:00,13673685754,GG League - 4x5 Min de juego,False,Los Angeles Lakers,CURSE,Boston Celtics,HUNCHO,Los Angeles Lakers (CURSE),Boston Celtics (HUNCHO),,,,12/08/2026 21:39:00,97,moneyline_1x2,,Boston Celtics (HUNCHO),1.5,False
2026-08-12T21:04:48.690827+00:00,13673683502,GG League - 4x5 Min de juego,True,Orlando Magic,NIGHTHAWK,Denver Nuggets,DAGGER,Orlando Magic (NIGHTHAWK),Denver Nuggets (DAGGER),4º cuarto,38,39,12/08/2026 20:47:00,97,moneyline_1x2,,Orlando Magic (NIGHTHAWK),2.0,False
2026-08-12T21:04:48.690827+00:00,13673683502,GG League - 4x5 Min de juego,True,Orlando Magic,NIGHTHAWK,Denver Nuggets,DAGGER,Orlando Magic (NIGHTHAWK),Denver Nuggets (DAGGER),4º cuarto,38,39,12/08/2026 20:47:00,97,moneyline_1x2,,Denver Nuggets (DAGGER),1.67,False
2026-08-12T21:04:48.690827+00:00,13673683501,GG League - 4x5 Min de juego,True,Boston Celtics,KARMA,New York Knicks,MYTH,Boston Celtics (KARMA),New York Knicks (MYTH),4º cuarto,38,42,12/08/2026 20:43:00,97,moneyline_1x2,,Boston Celtics (KARMA),3.9,False
2026-08-12T21:04:48.690827+00:00,13673683501,GG League - 4x5 Min de juego,True,Boston Celtics,KARMA,New York Knicks,MYTH,Boston Celtics (KARMA),New York Knicks (MYTH),4º cuarto,38,42,12/08/2026 20:43:00,97,moneyline_1x2,,New York Knicks (MYTH),1.19,False
2026-08-12T21:06:50.137787+00:00,13673685760,GG League - 4x5 Min de juego,False,Dallas Mavericks,JUGGERNAUT,Orlando Magic,NIGHTHAWK,Dallas Mavericks (JUGGERNAUT),Orlando Magic (NIGHTHAWK),,,,12/08/2026 21:51:00,97,moneyline_1x2,,Dallas Mavericks (JUGGERNAUT),2.4,False
2026-08-12T21:06:50.137787+00:00,13673685760,GG League - 4x5 Min de juego,False,Dallas Mavericks,JUGGERNAUT,Orlando Magic,NIGHTHAWK,Dallas Mavericks (JUGGERNAUT),Orlando Magic (NIGHTHAWK),,,,12/08/2026 21:51:00,97,moneyline_1x2,,Orlando Magic (NIGHTHAWK),1.45,False
2026-08-12T21:06:50.137787+00:00,13673685773,GG League - 4x5 Min de juego,False,Memphis Grizzlies,PHARAOH,Milwaukee Bucks,PATIENCE,Memphis Grizzlies (PHARAOH),Milwaukee Bucks (PATIENCE),,,,12/08/2026 21:59:00,97,moneyline_1x2,,Memphis Grizzlies (PHARAOH),2.3,False
2026-08-12T21:06:50.137787+00:00,13673685773,GG League - 4x5 Min de juego,False,Memphis Grizzlies,PHARAOH,Milwaukee Bucks,PATIENCE,Memphis Grizzlies (PHARAOH),Milwaukee Bucks (PATIENCE),,,,12/08/2026 21:59:00,97,moneyline_1x2,,Milwaukee Bucks (PATIENCE),1.5,False
2026-08-12T21:06:50.137787+00:00,13673683632,GG League - 4x5 Min de juego,False,Chicago Bulls,OREZ,Brooklyn Nets,MARINE,Chicago Bulls (OREZ),Brooklyn Nets (MARINE),,,,12/08/2026 21:11:00,97,moneyline_1x2,,Chicago Bulls (OREZ),2.2,False
2026-08-12T21:06:50.137787+00:00,13673683632,GG League - 4x5 Min de juego,False,Chicago Bulls,OREZ,Brooklyn Nets,MARINE,Chicago Bulls (OREZ),Brooklyn Nets (MARINE),,,,12/08/2026 21:11:00,97,moneyline_1x2,,Brooklyn Nets (MARINE),1.55,False
2026-08-12T21:06:50.137787+00:00,13673685707,GG League - 4x5 Min de juego,True,Dallas Mavericks,RADIANT,Denver Nuggets,ADMIRAL,Dallas Mavericks (RADIANT),Denver Nuggets (ADMIRAL),2º cuarto,21,18,12/08/2026 20:51:00,97,moneyline_1x2,,Dallas Mavericks (RADIANT),1.4,False
2026-08-12T21:06:50.137787+00:00,13673685707,GG League - 4x5 Min de juego,True,Dallas Mavericks,RADIANT,Denver Nuggets,ADMIRAL,Dallas Mavericks (RADIANT),Denver Nuggets (ADMIRAL),2º cuarto,21,18,12/08/2026 20:51:00,97,moneyline_1x2,,Denver Nuggets (ADMIRAL),2.6,False
2026-08-12T21:06:50.137787+00:00,13673683915,GG League - 4x5 Min de juego,False,Cleveland Cavaliers,DAGGER,Milwaukee Bucks,GENERAL,Cleveland Cavaliers (DAGGER),Milwaukee Bucks (GENERAL),,,,12/08/2026 22:23:00,97,moneyline_1x2,,Cleveland Cavaliers (DAGGER),1.5,False
2026-08-12T21:06:50.137787+00:00,13673683915,GG League - 4x5 Min de juego,False,Cleveland Cavaliers,DAGGER,Milwaukee Bucks,GENERAL,Cleveland Cavaliers (DAGGER),Milwaukee Bucks (GENERAL),,,,12/08/2026 22:23:00,97,moneyline_1x2,,Milwaukee Bucks (GENERAL),2.3,False
2026-08-12T21:06:50.137787+00:00,13673685774,GG League - 4x5 Min de juego,False,Brooklyn Nets,MARINE,Miami Heat,UNDERRATED,Brooklyn Nets (MARINE),Miami Heat (UNDERRATED),,,,12/08/2026 22:15:00,97,moneyline_1x2,,Brooklyn Nets (MARINE),1.57,False
2026-08-12T21:06:50.137787+00:00,13673685774,GG League - 4x5 Min de juego,False,Brooklyn Nets,MARINE,Miami Heat,UNDERRATED,Brooklyn Nets (MARINE),Miami Heat (UNDERRATED),,,,12/08/2026 22:15:00,97,moneyline_1x2,,Miami Heat (UNDERRATED),2.15,False
2026-08-12T21:06:50.137787+00:00,13673685174,GG League - 4x5 Min de juego,False,Boston Celtics,PHARAOH,Los Angeles Lakers,SIGNAL,Boston Celtics (PHARAOH),Los Angeles Lakers (SIGNAL),,,,12/08/2026 21:27:00,97,moneyline_1x2,,Boston Celtics (PHARAOH),2.3,False
2026-08-12T21:06:50.137787+00:00,13673685174,GG League - 4x5 Min de juego,False,Boston Celtics,PHARAOH,Los Angeles Lakers,SIGNAL,Boston Celtics (PHARAOH),Los Angeles Lakers (SIGNAL),,,,12/08/2026 21:27:00,97,moneyline_1x2,,Los Angeles Lakers (SIGNAL),1.5,False
2026-08-12T21:06:50.137787+00:00,13673685378,GG League - 4x5 Min de juego,False,Chicago Bulls,OREZ,Toronto Raptors,SPARKZ,Chicago Bulls (OREZ),Toronto Raptors (SPARKZ),,,,12/08/2026 21:43:00,97,moneyline_1x2,,Chicago Bulls (OREZ),2.3,False
2026-08-12T21:06:50.137787+00:00,13673685378,GG League - 4x5 Min de juego,False,Chicago Bulls,OREZ,Toronto Raptors,SPARKZ,Chicago Bulls (OREZ),Toronto Raptors (SPARKZ),,,,12/08/2026 21:43:00,97,moneyline_1x2,,Toronto Raptors (SPARKZ),1.5,False
2026-08-12T21:06:50.137787+00:00,13673685775,GG League - 4x5 Min de juego,False,Miami Heat,MYTH,Toronto Raptors,CYPHER,Miami Heat (MYTH),Toronto Raptors (CYPHER),,,,12/08/2026 22:19:00,97,moneyline_1x2,,Miami Heat (MYTH),2.3,False
2026-08-12T21:06:50.137787+00:00,13673685775,GG League - 4x5 Min de juego,False,Miami Heat,MYTH,Toronto Raptors,CYPHER,Miami Heat (MYTH),Toronto Raptors (CYPHER),,,,12/08/2026 22:19:00,97,moneyline_1x2,,Toronto Raptors (CYPHER),1.5,False
2026-08-12T21:06:50.137787+00:00,13673683710,GG League - 4x5 Min de juego,False,Oklahoma City Thunder,STING,Los Angeles Lakers,ADMIRAL,Oklahoma City Thunder (STING),Los Angeles Lakers (ADMIRAL),,,,12/08/2026 21:23:00,97,moneyline_1x2,,Oklahoma City Thunder (STING),1.62,False
2026-08-12T21:06:50.137787+00:00,13673683710,GG League - 4x5 Min de juego,False,Oklahoma City Thunder,STING,Los Angeles Lakers,ADMIRAL,Oklahoma City Thunder (STING),Los Angeles Lakers (ADMIRAL),,,,12/08/2026 21:23:00,97,moneyline_1x2,,Los Angeles Lakers (ADMIRAL),2.05,False
2026-08-12T21:06:50.137787+00:00,13673685379,GG League - 4x5 Min de juego,False,New York Knicks,JACKAL,Oklahoma City Thunder,CALAMITY,New York Knicks (JACKAL),Oklahoma City Thunder (CALAMITY),,,,12/08/2026 22:11:00,97,moneyline_1x2,,New York Knicks (JACKAL),2.3,False
2026-08-12T21:06:50.137787+00:00,13673685379,GG League - 4x5 Min de juego,False,New York Knicks,JACKAL,Oklahoma City Thunder,CALAMITY,New York Knicks (JACKAL),Oklahoma City Thunder (CALAMITY),,,,12/08/2026 22:11:00,97,moneyline_1x2,,Oklahoma City Thunder (CALAMITY),1.5,False
2026-08-12T21:06:50.137787+00:00,13673683712,GG League - 4x5 Min de juego,False,Charlotte Hornets,STING,Dallas Mavericks,RADIANT,Charlotte Hornets (STING),Dallas Mavericks (RADIANT),,,,12/08/2026 21:55:00,97,moneyline_1x2,,Charlotte Hornets (STING),2.2,False
2026-08-12T21:06:50.137787+00:00,13673683712,GG League - 4x5 Min de juego,False,Charlotte Hornets,STING,Dallas Mavericks,RADIANT,Charlotte Hornets (STING),Dallas Mavericks (RADIANT),,,,12/08/2026 21:55:00,97,moneyline_1x2,,Dallas Mavericks (RADIANT),1.55,False
2026-08-12T21:06:50.137787+00:00,13673685714,GG League - 4x5 Min de juego,True,Milwaukee Bucks,PATIENCE,Phoenix Suns,SIGNAL,Milwaukee Bucks (PATIENCE),Phoenix Suns (SIGNAL),2º cuarto,27,15,12/08/2026 20:55:00,97,moneyline_1x2,,Milwaukee Bucks (PATIENCE),1.02,False
2026-08-12T21:06:50.137787+00:00,13673685714,GG League - 4x5 Min de juego,True,Milwaukee Bucks,PATIENCE,Phoenix Suns,SIGNAL,Milwaukee Bucks (PATIENCE),Phoenix Suns (SIGNAL),2º cuarto,27,15,12/08/2026 20:55:00,97,moneyline_1x2,,Phoenix Suns (SIGNAL),8.5,False
2026-08-12T21:06:50.137787+00:00,13673685420,GG League - 4x5 Min de juego,False,Los Angeles Lakers,ADMIRAL,New York Knicks,RADIANT,Los Angeles Lakers (ADMIRAL),New York Knicks (RADIANT),,,,12/08/2026 22:27:00,97,moneyline_1x2,,Los Angeles Lakers (ADMIRAL),2.4,False
2026-08-12T21:06:50.137787+00:00,13673685420,GG League - 4x5 Min de juego,False,Los Angeles Lakers,ADMIRAL,New York Knicks,RADIANT,Los Angeles Lakers (ADMIRAL),New York Knicks (RADIANT),,,,12/08/2026 22:27:00,97,moneyline_1x2,,New York Knicks (RADIANT),1.45,False
2026-08-12T21:06:50.137787+00:00,13673685754,GG League - 4x5 Min de juego,False,Los Angeles Lakers,CURSE,Boston Celtics,HUNCHO,Los Angeles Lakers (CURSE),Boston Celtics (HUNCHO),,,,12/08/2026 21:39:00,97,moneyline_1x2,,Los Angeles Lakers (CURSE),2.35,False
2026-08-12T21:06:50.137787+00:00,13673685754,GG League - 4x5 Min de juego,False,Los Angeles Lakers,CURSE,Boston Celtics,HUNCHO,Los Angeles Lakers (CURSE),Boston Celtics (HUNCHO),,,,12/08/2026 21:39:00,97,moneyline_1x2,,Boston Celtics (HUNCHO),1.5,False
2026-08-12T21:06:50.137787+00:00,13673683502,GG League - 4x5 Min de juego,True,Orlando Magic,NIGHTHAWK,Denver Nuggets,DAGGER,Orlando Magic (NIGHTHAWK),Denver Nuggets (DAGGER),4º cuarto,43,41,12/08/2026 20:47:00,97,moneyline_1x2,,Orlando Magic (NIGHTHAWK),1.35,False
2026-08-12T21:06:50.137787+00:00,13673683502,GG League - 4x5 Min de juego,True,Orlando Magic,NIGHTHAWK,Denver Nuggets,DAGGER,Orlando Magic (NIGHTHAWK),Denver Nuggets (DAGGER),4º cuarto,43,41,12/08/2026 20:47:00,97,moneyline_1x2,,Denver Nuggets (DAGGER),2.8,False
2026-08-12T21:08:49.275039+00:00,13673685760,GG League - 4x5 Min de juego,False,Dallas Mavericks,JUGGERNAUT,Orlando Magic,NIGHTHAWK,Dallas Mavericks (JUGGERNAUT),Orlando Magic (NIGHTHAWK),,,,12/08/2026 21:51:00,97,moneyline_1x2,,Dallas Mavericks (JUGGERNAUT),2.4,False
2026-08-12T21:08:49.275039+00:00,13673685760,GG League - 4x5 Min de juego,False,Dallas Mavericks,JUGGERNAUT,Orlando Magic,NIGHTHAWK,Dallas Mavericks (JUGGERNAUT),Orlando Magic (NIGHTHAWK),,,,12/08/2026 21:51:00,97,moneyline_1x2,,Orlando Magic (NIGHTHAWK),1.45,False
2026-08-12T21:08:49.275039+00:00,13673685773,GG League - 4x5 Min de juego,False,Memphis Grizzlies,PHARAOH,Milwaukee Bucks,PATIENCE,Memphis Grizzlies (PHARAOH),Milwaukee Bucks (PATIENCE),,,,12/08/2026 21:59:00,97,moneyline_1x2,,Memphis Grizzlies (PHARAOH),2.3,False
2026-08-12T21:08:49.275039+00:00,13673685773,GG League - 4x5 Min de juego,False,Memphis Grizzlies,PHARAOH,Milwaukee Bucks,PATIENCE,Memphis Grizzlies (PHARAOH),Milwaukee Bucks (PATIENCE),,,,12/08/2026 21:59:00,97,moneyline_1x2,,Milwaukee Bucks (PATIENCE),1.5,False
2026-08-12T21:08:49.275039+00:00,13673683632,GG League - 4x5 Min de juego,False,Chicago Bulls,OREZ,Brooklyn Nets,MARINE,Chicago Bulls (OREZ),Brooklyn Nets (MARINE),,,,12/08/2026 21:11:00,97,moneyline_1x2,,Chicago Bulls (OREZ),2.2,False
2026-08-12T21:08:49.275039+00:00,13673683632,GG League - 4x5 Min de juego,False,Chicago Bulls,OREZ,Brooklyn Nets,MARINE,Chicago Bulls (OREZ),Brooklyn Nets (MARINE),,,,12/08/2026 21:11:00,97,moneyline_1x2,,Brooklyn Nets (MARINE),1.55,False
2026-08-12T21:08:49.275039+00:00,13673685707,GG League - 4x5 Min de juego,True,Dallas Mavericks,RADIANT,Denver Nuggets,ADMIRAL,Dallas Mavericks (RADIANT),Denver Nuggets (ADMIRAL),2º cuarto,25,24,12/08/2026 20:51:00,97,moneyline_1x2,,Dallas Mavericks (RADIANT),1.4,False
2026-08-12T21:08:49.275039+00:00,13673685707,GG League - 4x5 Min de juego,True,Dallas Mavericks,RADIANT,Denver Nuggets,ADMIRAL,Dallas Mavericks (RADIANT),Denver Nuggets (ADMIRAL),2º cuarto,25,24,12/08/2026 20:51:00,97,moneyline_1x2,,Denver Nuggets (ADMIRAL),2.6,False
2026-08-12T21:08:49.275039+00:00,13673683915,GG League - 4x5 Min de juego,False,Cleveland Cavaliers,DAGGER,Milwaukee Bucks,GENERAL,Cleveland Cavaliers (DAGGER),Milwaukee Bucks (GENERAL),,,,12/08/2026 22:23:00,97,moneyline_1x2,,Cleveland Cavaliers (DAGGER),1.5,False
2026-08-12T21:08:49.275039+00:00,13673683915,GG League - 4x5 Min de juego,False,Cleveland Cavaliers,DAGGER,Milwaukee Bucks,GENERAL,Cleveland Cavaliers (DAGGER),Milwaukee Bucks (GENERAL),,,,12/08/2026 22:23:00,97,moneyline_1x2,,Milwaukee Bucks (GENERAL),2.3,False
2026-08-12T21:08:49.275039+00:00,13673685774,GG League - 4x5 Min de juego,False,Brooklyn Nets,MARINE,Miami Heat,UNDERRATED,Brooklyn Nets (MARINE),Miami Heat (UNDERRATED),,,,12/08/2026 22:15:00,97,moneyline_1x2,,Brooklyn Nets (MARINE),1.57,False
2026-08-12T21:08:49.275039+00:00,13673685774,GG League - 4x5 Min de juego,False,Brooklyn Nets,MARINE,Miami Heat,UNDERRATED,Brooklyn Nets (MARINE),Miami Heat (UNDERRATED),,,,12/08/2026 22:15:00,97,moneyline_1x2,,Miami Heat (UNDERRATED),2.15,False
2026-08-12T21:08:49.275039+00:00,13673685174,GG League - 4x5 Min de juego,False,Boston Celtics,PHARAOH,Los Angeles Lakers,SIGNAL,Boston Celtics (PHARAOH),Los Angeles Lakers (SIGNAL),,,,12/08/2026 21:27:00,97,moneyline_1x2,,Boston Celtics (PHARAOH),2.3,False
2026-08-12T21:08:49.275039+00:00,13673685174,GG League - 4x5 Min de juego,False,Boston Celtics,PHARAOH,Los Angeles Lakers,SIGNAL,Boston Celtics (PHARAOH),Los Angeles Lakers (SIGNAL),,,,12/08/2026 21:27:00,97,moneyline_1x2,,Los Angeles Lakers (SIGNAL),1.5,False
2026-08-12T21:08:49.275039+00:00,13673685378,GG League - 4x5 Min de juego,False,Chicago Bulls,OREZ,Toronto Raptors,SPARKZ,Chicago Bulls (OREZ),Toronto Raptors (SPARKZ),,,,12/08/2026 21:43:00,97,moneyline_1x2,,Chicago Bulls (OREZ),2.3,False
2026-08-12T21:08:49.275039+00:00,13673685378,GG League - 4x5 Min de juego,False,Chicago Bulls,OREZ,Toronto Raptors,SPARKZ,Chicago Bulls (OREZ),Toronto Raptors (SPARKZ),,,,12/08/2026 21:43:00,97,moneyline_1x2,,Toronto Raptors (SPARKZ),1.5,False
2026-08-12T21:08:49.275039+00:00,13673685775,GG League - 4x5 Min de juego,False,Miami Heat,MYTH,Toronto Raptors,CYPHER,Miami Heat (MYTH),Toronto Raptors (CYPHER),,,,12/08/2026 22:19:00,97,moneyline_1x2,,Miami Heat (MYTH),2.3,False
2026-08-12T21:08:49.275039+00:00,13673685775,GG League - 4x5 Min de juego,False,Miami Heat,MYTH,Toronto Raptors,CYPHER,Miami Heat (MYTH),Toronto Raptors (CYPHER),,,,12/08/2026 22:19:00,97,moneyline_1x2,,Toronto Raptors (CYPHER),1.5,False
2026-08-12T21:08:49.275039+00:00,13673683710,GG League - 4x5 Min de juego,False,Oklahoma City Thunder,STING,Los Angeles Lakers,ADMIRAL,Oklahoma City Thunder (STING),Los Angeles Lakers (ADMIRAL),,,,12/08/2026 21:23:00,97,moneyline_1x2,,Oklahoma City Thunder (STING),1.5,False
2026-08-12T21:08:49.275039+00:00,13673683710,GG League - 4x5 Min de juego,False,Oklahoma City Thunder,STING,Los Angeles Lakers,ADMIRAL,Oklahoma City Thunder (STING),Los Angeles Lakers (ADMIRAL),,,,12/08/2026 21:23:00,97,moneyline_1x2,,Los Angeles Lakers (ADMIRAL),2.35,False
2026-08-12T21:08:49.275039+00:00,13673685379,GG League - 4x5 Min de juego,False,New York Knicks,JACKAL,Oklahoma City Thunder,CALAMITY,New York Knicks (JACKAL),Oklahoma City Thunder (CALAMITY),,,,12/08/2026 22:11:00,97,moneyline_1x2,,New York Knicks (JACKAL),2.3,False
2026-08-12T21:08:49.275039+00:00,13673685379,GG League - 4x5 Min de juego,False,New York Knicks,JACKAL,Oklahoma City Thunder,CALAMITY,New York Knicks (JACKAL),Oklahoma City Thunder (CALAMITY),,,,12/08/2026 22:11:00,97,moneyline_1x2,,Oklahoma City Thunder (CALAMITY),1.5,False
2026-08-12T21:08:49.275039+00:00,13673683712,GG League - 4x5 Min de juego,False,Charlotte Hornets,STING,Dallas Mavericks,RADIANT,Charlotte Hornets (STING),Dallas Mavericks (RADIANT),,,,12/08/2026 21:55:00,97,moneyline_1x2,,Charlotte Hornets (STING),2.2,False
2026-08-12T21:08:49.275039+00:00,13673683712,GG League - 4x5 Min de juego,False,Charlotte Hornets,STING,Dallas Mavericks,RADIANT,Charlotte Hornets (STING),Dallas Mavericks (RADIANT),,,,12/08/2026 21:55:00,97,moneyline_1x2,,Dallas Mavericks (RADIANT),1.55,False
2026-08-12T21:08:49.275039+00:00,13673685420,GG League - 4x5 Min de juego,False,Los Angeles Lakers,ADMIRAL,New York Knicks,RADIANT,Los Angeles Lakers (ADMIRAL),New York Knicks (RADIANT),,,,12/08/2026 22:27:00,97,moneyline_1x2,,Los Angeles Lakers (ADMIRAL),2.4,False
2026-08-12T21:08:49.275039+00:00,13673685420,GG League - 4x5 Min de juego,False,Los Angeles Lakers,ADMIRAL,New York Knicks,RADIANT,Los Angeles Lakers (ADMIRAL),New York Knicks (RADIANT),,,,12/08/2026 22:27:00,97,moneyline_1x2,,New York Knicks (RADIANT),1.45,False
2026-08-12T21:08:49.275039+00:00,13673685754,GG League - 4x5 Min de juego,False,Los Angeles Lakers,CURSE,Boston Celtics,HUNCHO,Los Angeles Lakers (CURSE),Boston Celtics (HUNCHO),,,,12/08/2026 21:39:00,97,moneyline_1x2,,Los Angeles Lakers (CURSE),2.35,False
2026-08-12T21:08:49.275039+00:00,13673685754,GG League - 4x5 Min de juego,False,Los Angeles Lakers,CURSE,Boston Celtics,HUNCHO,Los Angeles Lakers (CURSE),Boston Celtics (HUNCHO),,,,12/08/2026 21:39:00,97,moneyline_1x2,,Boston Celtics (HUNCHO),1.5,False
2026-08-12T21:11:09.318297+00:00,13673685760,GG League - 4x5 Min de juego,False,Dallas Mavericks,JUGGERNAUT,Orlando Magic,NIGHTHAWK,Dallas Mavericks (JUGGERNAUT),Orlando Magic (NIGHTHAWK),,,,12/08/2026 21:51:00,97,moneyline_1x2,,Dallas Mavericks (JUGGERNAUT),2.4,False
2026-08-12T21:11:09.318297+00:00,13673685760,GG League - 4x5 Min de juego,False,Dallas Mavericks,JUGGERNAUT,Orlando Magic,NIGHTHAWK,Dallas Mavericks (JUGGERNAUT),Orlando Magic (NIGHTHAWK),,,,12/08/2026 21:51:00,97,moneyline_1x2,,Orlando Magic (NIGHTHAWK),1.45,False
2026-08-12T21:11:09.318297+00:00,13673685773,GG League - 4x5 Min de juego,False,Memphis Grizzlies,PHARAOH,Milwaukee Bucks,PATIENCE,Memphis Grizzlies (PHARAOH),Milwaukee Bucks (PATIENCE),,,,12/08/2026 21:59:00,97,moneyline_1x2,,Memphis Grizzlies (PHARAOH),2.3,False
2026-08-12T21:11:09.318297+00:00,13673685773,GG League - 4x5 Min de juego,False,Memphis Grizzlies,PHARAOH,Milwaukee Bucks,PATIENCE,Memphis Grizzlies (PHARAOH),Milwaukee Bucks (PATIENCE),,,,12/08/2026 21:59:00,97,moneyline_1x2,,Milwaukee Bucks (PATIENCE),1.5,False
2026-08-12T21:11:09.318297+00:00,13673685707,GG League - 4x5 Min de juego,True,Dallas Mavericks,RADIANT,Denver Nuggets,ADMIRAL,Dallas Mavericks (RADIANT),Denver Nuggets (ADMIRAL),3º Cuarto,30,24,12/08/2026 20:51:00,97,moneyline_1x2,,Dallas Mavericks (RADIANT),1.11,False
2026-08-12T21:11:09.318297+00:00,13673685707,GG League - 4x5 Min de juego,True,Dallas Mavericks,RADIANT,Denver Nuggets,ADMIRAL,Dallas Mavericks (RADIANT),Denver Nuggets (ADMIRAL),3º Cuarto,30,24,12/08/2026 20:51:00,97,moneyline_1x2,,Denver Nuggets (ADMIRAL),5.0,False
2026-08-12T21:11:09.318297+00:00,13673683915,GG League - 4x5 Min de juego,False,Cleveland Cavaliers,DAGGER,Milwaukee Bucks,GENERAL,Cleveland Cavaliers (DAGGER),Milwaukee Bucks (GENERAL),,,,12/08/2026 22:23:00,97,moneyline_1x2,,Cleveland Cavaliers (DAGGER),1.5,False
2026-08-12T21:11:09.318297+00:00,13673683915,GG League - 4x5 Min de juego,False,Cleveland Cavaliers,DAGGER,Milwaukee Bucks,GENERAL,Cleveland Cavaliers (DAGGER),Milwaukee Bucks (GENERAL),,,,12/08/2026 22:23:00,97,moneyline_1x2,,Milwaukee Bucks (GENERAL),2.3,False
2026-08-12T21:11:09.318297+00:00,13673685774,GG League - 4x5 Min de juego,False,Brooklyn Nets,MARINE,Miami Heat,UNDERRATED,Brooklyn Nets (MARINE),Miami Heat (UNDERRATED),,,,12/08/2026 22:15:00,97,moneyline_1x2,,Brooklyn Nets (MARINE),1.57,False
2026-08-12T21:11:09.318297+00:00,13673685774,GG League - 4x5 Min de juego,False,Brooklyn Nets,MARINE,Miami Heat,UNDERRATED,Brooklyn Nets (MARINE),Miami Heat (UNDERRATED),,,,12/08/2026 22:15:00,97,moneyline_1x2,,Miami Heat (UNDERRATED),2.15,False
2026-08-12T21:11:09.318297+00:00,13673685174,GG League - 4x5 Min de juego,False,Boston Celtics,PHARAOH,Los Angeles Lakers,SIGNAL,Boston Celtics (PHARAOH),Los Angeles Lakers (SIGNAL),,,,12/08/2026 21:27:00,97,moneyline_1x2,,Boston Celtics (PHARAOH),2.3,False
2026-08-12T21:11:09.318297+00:00,13673685174,GG League - 4x5 Min de juego,False,Boston Celtics,PHARAOH,Los Angeles Lakers,SIGNAL,Boston Celtics (PHARAOH),Los Angeles Lakers (SIGNAL),,,,12/08/2026 21:27:00,97,moneyline_1x2,,Los Angeles Lakers (SIGNAL),1.5,False
2026-08-12T21:11:09.318297+00:00,13673685378,GG League - 4x5 Min de juego,False,Chicago Bulls,OREZ,Toronto Raptors,SPARKZ,Chicago Bulls (OREZ),Toronto Raptors (SPARKZ),,,,12/08/2026 21:43:00,97,moneyline_1x2,,Chicago Bulls (OREZ),2.3,False
2026-08-12T21:11:09.318297+00:00,13673685378,GG League - 4x5 Min de juego,False,Chicago Bulls,OREZ,Toronto Raptors,SPARKZ,Chicago Bulls (OREZ),Toronto Raptors (SPARKZ),,,,12/08/2026 21:43:00,97,moneyline_1x2,,Toronto Raptors (SPARKZ),1.5,False
2026-08-12T21:11:09.318297+00:00,13673685775,GG League - 4x5 Min de juego,False,Miami Heat,MYTH,Toronto Raptors,CYPHER,Miami Heat (MYTH),Toronto Raptors (CYPHER),,,,12/08/2026 22:19:00,97,moneyline_1x2,,Miami Heat (MYTH),2.3,False
2026-08-12T21:11:09.318297+00:00,13673685775,GG League - 4x5 Min de juego,False,Miami Heat,MYTH,Toronto Raptors,CYPHER,Miami Heat (MYTH),Toronto Raptors (CYPHER),,,,12/08/2026 22:19:00,97,moneyline_1x2,,Toronto Raptors (CYPHER),1.5,False
2026-08-12T21:11:09.318297+00:00,13673683710,GG League - 4x5 Min de juego,False,Oklahoma City Thunder,STING,Los Angeles Lakers,ADMIRAL,Oklahoma City Thunder (STING),Los Angeles Lakers (ADMIRAL),,,,12/08/2026 21:23:00,97,moneyline_1x2,,Oklahoma City Thunder (STING),1.5,False
2026-08-12T21:11:09.318297+00:00,13673683710,GG League - 4x5 Min de juego,False,Oklahoma City Thunder,STING,Los Angeles Lakers,ADMIRAL,Oklahoma City Thunder (STING),Los Angeles Lakers (ADMIRAL),,,,12/08/2026 21:23:00,97,moneyline_1x2,,Los Angeles Lakers (ADMIRAL),2.35,False
2026-08-12T21:11:09.318297+00:00,13673685777,GG League - 4x5 Min de juego,False,Los Angeles Lakers,SIGNAL,Oklahoma City Thunder,AZURE,Los Angeles Lakers (SIGNAL),Oklahoma City Thunder (AZURE),,,,12/08/2026 22:31:00,97,moneyline_1x2,,Los Angeles Lakers (SIGNAL),1.62,False
2026-08-12T21:11:09.318297+00:00,13673685777,GG League - 4x5 Min de juego,False,Los Angeles Lakers,SIGNAL,Oklahoma City Thunder,AZURE,Los Angeles Lakers (SIGNAL),Oklahoma City Thunder (AZURE),,,,12/08/2026 22:31:00,97,moneyline_1x2,,Oklahoma City Thunder (AZURE),2.05,False
2026-08-12T21:11:09.318297+00:00,13673685379,GG League - 4x5 Min de juego,False,New York Knicks,JACKAL,Oklahoma City Thunder,CALAMITY,New York Knicks (JACKAL),Oklahoma City Thunder (CALAMITY),,,,12/08/2026 22:11:00,97,moneyline_1x2,,New York Knicks (JACKAL),2.3,False
2026-08-12T21:11:09.318297+00:00,13673685379,GG League - 4x5 Min de juego,False,New York Knicks,JACKAL,Oklahoma City Thunder,CALAMITY,New York Knicks (JACKAL),Oklahoma City Thunder (CALAMITY),,,,12/08/2026 22:11:00,97,moneyline_1x2,,Oklahoma City Thunder (CALAMITY),1.5,False
2026-08-12T21:11:09.318297+00:00,13673683712,GG League - 4x5 Min de juego,False,Charlotte Hornets,STING,Dallas Mavericks,RADIANT,Charlotte Hornets (STING),Dallas Mavericks (RADIANT),,,,12/08/2026 21:55:00,97,moneyline_1x2,,Charlotte Hornets (STING),2.2,False
2026-08-12T21:11:09.318297+00:00,13673683712,GG League - 4x5 Min de juego,False,Charlotte Hornets,STING,Dallas Mavericks,RADIANT,Charlotte Hornets (STING),Dallas Mavericks (RADIANT),,,,12/08/2026 21:55:00,97,moneyline_1x2,,Dallas Mavericks (RADIANT),1.55,False
2026-08-12T21:11:09.318297+00:00,13673685714,GG League - 4x5 Min de juego,True,Milwaukee Bucks,PATIENCE,Phoenix Suns,SIGNAL,Milwaukee Bucks (PATIENCE),Phoenix Suns (SIGNAL),3º Cuarto,36,26,12/08/2026 20:55:00,97,moneyline_1x2,,Milwaukee Bucks (PATIENCE),1.02,False
2026-08-12T21:11:09.318297+00:00,13673685714,GG League - 4x5 Min de juego,True,Milwaukee Bucks,PATIENCE,Phoenix Suns,SIGNAL,Milwaukee Bucks (PATIENCE),Phoenix Suns (SIGNAL),3º Cuarto,36,26,12/08/2026 20:55:00,97,moneyline_1x2,,Phoenix Suns (SIGNAL),8.5,False
2026-08-12T21:11:09.318297+00:00,13673685420,GG League - 4x5 Min de juego,False,Los Angeles Lakers,ADMIRAL,New York Knicks,RADIANT,Los Angeles Lakers (ADMIRAL),New York Knicks (RADIANT),,,,12/08/2026 22:27:00,97,moneyline_1x2,,Los Angeles Lakers (ADMIRAL),2.4,False
2026-08-12T21:11:09.318297+00:00,13673685420,GG League - 4x5 Min de juego,False,Los Angeles Lakers,ADMIRAL,New York Knicks,RADIANT,Los Angeles Lakers (ADMIRAL),New York Knicks (RADIANT),,,,12/08/2026 22:27:00,97,moneyline_1x2,,New York Knicks (RADIANT),1.45,False
2026-08-12T21:11:09.318297+00:00,13673685754,GG League - 4x5 Min de juego,False,Los Angeles Lakers,CURSE,Boston Celtics,HUNCHO,Los Angeles Lakers (CURSE),Boston Celtics (HUNCHO),,,,12/08/2026 21:39:00,97,moneyline_1x2,,Los Angeles Lakers (CURSE),2.35,False
2026-08-12T21:11:09.318297+00:00,13673685754,GG League - 4x5 Min de juego,False,Los Angeles Lakers,CURSE,Boston Celtics,HUNCHO,Los Angeles Lakers (CURSE),Boston Celtics (HUNCHO),,,,12/08/2026 21:39:00,97,moneyline_1x2,,Boston Celtics (HUNCHO),1.5,False
2026-08-12T21:12:59.942836+00:00,13673685760,GG League - 4x5 Min de juego,False,Dallas Mavericks,JUGGERNAUT,Orlando Magic,NIGHTHAWK,Dallas Mavericks (JUGGERNAUT),Orlando Magic (NIGHTHAWK),,,,12/08/2026 21:51:00,97,moneyline_1x2,,Dallas Mavericks (JUGGERNAUT),2.4,False
2026-08-12T21:12:59.942836+00:00,13673685760,GG League - 4x5 Min de juego,False,Dallas Mavericks,JUGGERNAUT,Orlando Magic,NIGHTHAWK,Dallas Mavericks (JUGGERNAUT),Orlando Magic (NIGHTHAWK),,,,12/08/2026 21:51:00,97,moneyline_1x2,,Orlando Magic (NIGHTHAWK),1.45,False
2026-08-12T21:12:59.942836+00:00,13673685773,GG League - 4x5 Min de juego,False,Memphis Grizzlies,PHARAOH,Milwaukee Bucks,PATIENCE,Memphis Grizzlies (PHARAOH),Milwaukee Bucks (PATIENCE),,,,12/08/2026 21:59:00,97,moneyline_1x2,,Memphis Grizzlies (PHARAOH),2.3,False
2026-08-12T21:12:59.942836+00:00,13673685773,GG League - 4x5 Min de juego,False,Memphis Grizzlies,PHARAOH,Milwaukee Bucks,PATIENCE,Memphis Grizzlies (PHARAOH),Milwaukee Bucks (PATIENCE),,,,12/08/2026 21:59:00,97,moneyline_1x2,,Milwaukee Bucks (PATIENCE),1.5,False
2026-08-12T21:12:59.942836+00:00,13673685707,GG League - 4x5 Min de juego,True,Dallas Mavericks,RADIANT,Denver Nuggets,ADMIRAL,Dallas Mavericks (RADIANT),Denver Nuggets (ADMIRAL),3º Cuarto,32,28,12/08/2026 20:51:00,97,moneyline_1x2,,Dallas Mavericks (RADIANT),1.17,False
2026-08-12T21:12:59.942836+00:00,13673685707,GG League - 4x5 Min de juego,True,Dallas Mavericks,RADIANT,Denver Nuggets,ADMIRAL,Dallas Mavericks (RADIANT),Denver Nuggets (ADMIRAL),3º Cuarto,32,28,12/08/2026 20:51:00,97,moneyline_1x2,,Denver Nuggets (ADMIRAL),4.1,False
2026-08-12T21:12:59.942836+00:00,13673683915,GG League - 4x5 Min de juego,False,Cleveland Cavaliers,DAGGER,Milwaukee Bucks,GENERAL,Cleveland Cavaliers (DAGGER),Milwaukee Bucks (GENERAL),,,,12/08/2026 22:23:00,97,moneyline_1x2,,Cleveland Cavaliers (DAGGER),1.5,False
2026-08-12T21:12:59.942836+00:00,13673683915,GG League - 4x5 Min de juego,False,Cleveland Cavaliers,DAGGER,Milwaukee Bucks,GENERAL,Cleveland Cavaliers (DAGGER),Milwaukee Bucks (GENERAL),,,,12/08/2026 22:23:00,97,moneyline_1x2,,Milwaukee Bucks (GENERAL),2.3,False
2026-08-12T21:12:59.942836+00:00,13673685774,GG League - 4x5 Min de juego,False,Brooklyn Nets,MARINE,Miami Heat,UNDERRATED,Brooklyn Nets (MARINE),Miami Heat (UNDERRATED),,,,12/08/2026 22:15:00,97,moneyline_1x2,,Brooklyn Nets (MARINE),1.57,False
2026-08-12T21:12:59.942836+00:00,13673685774,GG League - 4x5 Min de juego,False,Brooklyn Nets,MARINE,Miami Heat,UNDERRATED,Brooklyn Nets (MARINE),Miami Heat (UNDERRATED),,,,12/08/2026 22:15:00,97,moneyline_1x2,,Miami Heat (UNDERRATED),2.15,False
2026-08-12T21:12:59.942836+00:00,13673685174,GG League - 4x5 Min de juego,False,Boston Celtics,PHARAOH,Los Angeles Lakers,SIGNAL,Boston Celtics (PHARAOH),Los Angeles Lakers (SIGNAL),,,,12/08/2026 21:27:00,97,moneyline_1x2,,Boston Celtics (PHARAOH),2.3,False
2026-08-12T21:12:59.942836+00:00,13673685174,GG League - 4x5 Min de juego,False,Boston Celtics,PHARAOH,Los Angeles Lakers,SIGNAL,Boston Celtics (PHARAOH),Los Angeles Lakers (SIGNAL),,,,12/08/2026 21:27:00,97,moneyline_1x2,,Los Angeles Lakers (SIGNAL),1.5,False
2026-08-12T21:12:59.942836+00:00,13673685378,GG League - 4x5 Min de juego,False,Chicago Bulls,OREZ,Toronto Raptors,SPARKZ,Chicago Bulls (OREZ),Toronto Raptors (SPARKZ),,,,12/08/2026 21:43:00,97,moneyline_1x2,,Chicago Bulls (OREZ),2.3,False
2026-08-12T21:12:59.942836+00:00,13673685378,GG League - 4x5 Min de juego,False,Chicago Bulls,OREZ,Toronto Raptors,SPARKZ,Chicago Bulls (OREZ),Toronto Raptors (SPARKZ),,,,12/08/2026 21:43:00,97,moneyline_1x2,,Toronto Raptors (SPARKZ),1.5,False
2026-08-12T21:12:59.942836+00:00,13673685775,GG League - 4x5 Min de juego,False,Miami Heat,MYTH,Toronto Raptors,CYPHER,Miami Heat (MYTH),Toronto Raptors (CYPHER),,,,12/08/2026 22:19:00,97,moneyline_1x2,,Miami Heat (MYTH),2.3,False
2026-08-12T21:12:59.942836+00:00,13673685775,GG League - 4x5 Min de juego,False,Miami Heat,MYTH,Toronto Raptors,CYPHER,Miami Heat (MYTH),Toronto Raptors (CYPHER),,,,12/08/2026 22:19:00,97,moneyline_1x2,,Toronto Raptors (CYPHER),1.5,False
2026-08-12T21:12:59.942836+00:00,13673683710,GG League - 4x5 Min de juego,False,Oklahoma City Thunder,STING,Los Angeles Lakers,ADMIRAL,Oklahoma City Thunder (STING),Los Angeles Lakers (ADMIRAL),,,,12/08/2026 21:23:00,97,moneyline_1x2,,Oklahoma City Thunder (STING),1.5,False
2026-08-12T21:12:59.942836+00:00,13673683710,GG League - 4x5 Min de juego,False,Oklahoma City Thunder,STING,Los Angeles Lakers,ADMIRAL,Oklahoma City Thunder (STING),Los Angeles Lakers (ADMIRAL),,,,12/08/2026 21:23:00,97,moneyline_1x2,,Los Angeles Lakers (ADMIRAL),2.35,False
2026-08-12T21:12:59.942836+00:00,13673685777,GG League - 4x5 Min de juego,False,Los Angeles Lakers,SIGNAL,Oklahoma City Thunder,AZURE,Los Angeles Lakers (SIGNAL),Oklahoma City Thunder (AZURE),,,,12/08/2026 22:31:00,97,moneyline_1x2,,Los Angeles Lakers (SIGNAL),1.62,False
2026-08-12T21:12:59.942836+00:00,13673685777,GG League - 4x5 Min de juego,False,Los Angeles Lakers,SIGNAL,Oklahoma City Thunder,AZURE,Los Angeles Lakers (SIGNAL),Oklahoma City Thunder (AZURE),,,,12/08/2026 22:31:00,97,moneyline_1x2,,Oklahoma City Thunder (AZURE),2.05,False
2026-08-12T21:12:59.942836+00:00,13673685379,GG League - 4x5 Min de juego,False,New York Knicks,JACKAL,Oklahoma City Thunder,CALAMITY,New York Knicks (JACKAL),Oklahoma City Thunder (CALAMITY),,,,12/08/2026 22:11:00,97,moneyline_1x2,,New York Knicks (JACKAL),2.3,False
2026-08-12T21:12:59.942836+00:00,13673685379,GG League - 4x5 Min de juego,False,New York Knicks,JACKAL,Oklahoma City Thunder,CALAMITY,New York Knicks (JACKAL),Oklahoma City Thunder (CALAMITY),,,,12/08/2026 22:11:00,97,moneyline_1x2,,Oklahoma City Thunder (CALAMITY),1.5,False
2026-08-12T21:12:59.942836+00:00,13673683712,GG League - 4x5 Min de juego,False,Charlotte Hornets,STING,Dallas Mavericks,RADIANT,Charlotte Hornets (STING),Dallas Mavericks (RADIANT),,,,12/08/2026 21:55:00,97,moneyline_1x2,,Charlotte Hornets (STING),2.2,False
2026-08-12T21:12:59.942836+00:00,13673683712,GG League - 4x5 Min de juego,False,Charlotte Hornets,STING,Dallas Mavericks,RADIANT,Charlotte Hornets (STING),Dallas Mavericks (RADIANT),,,,12/08/2026 21:55:00,97,moneyline_1x2,,Dallas Mavericks (RADIANT),1.55,False
2026-08-12T21:12:59.942836+00:00,13673685714,GG League - 4x5 Min de juego,True,Milwaukee Bucks,PATIENCE,Phoenix Suns,SIGNAL,Milwaukee Bucks (PATIENCE),Phoenix Suns (SIGNAL),3º Cuarto,38,30,12/08/2026 20:55:00,97,moneyline_1x2,,Milwaukee Bucks (PATIENCE),1.03,False
2026-08-12T21:12:59.942836+00:00,13673685714,GG League - 4x5 Min de juego,True,Milwaukee Bucks,PATIENCE,Phoenix Suns,SIGNAL,Milwaukee Bucks (PATIENCE),Phoenix Suns (SIGNAL),3º Cuarto,38,30,12/08/2026 20:55:00,97,moneyline_1x2,,Phoenix Suns (SIGNAL),8.0,False
2026-08-12T21:12:59.942836+00:00,13673685420,GG League - 4x5 Min de juego,False,Los Angeles Lakers,ADMIRAL,New York Knicks,RADIANT,Los Angeles Lakers (ADMIRAL),New York Knicks (RADIANT),,,,12/08/2026 22:27:00,97,moneyline_1x2,,Los Angeles Lakers (ADMIRAL),2.4,False
2026-08-12T21:12:59.942836+00:00,13673685420,GG League - 4x5 Min de juego,False,Los Angeles Lakers,ADMIRAL,New York Knicks,RADIANT,Los Angeles Lakers (ADMIRAL),New York Knicks (RADIANT),,,,12/08/2026 22:27:00,97,moneyline_1x2,,New York Knicks (RADIANT),1.45,False
2026-08-12T21:12:59.942836+00:00,13673685754,GG League - 4x5 Min de juego,False,Los Angeles Lakers,CURSE,Boston Celtics,HUNCHO,Los Angeles Lakers (CURSE),Boston Celtics (HUNCHO),,,,12/08/2026 21:39:00,97,moneyline_1x2,,Los Angeles Lakers (CURSE),2.35,False
2026-08-12T21:12:59.942836+00:00,13673685754,GG League - 4x5 Min de juego,False,Los Angeles Lakers,CURSE,Boston Celtics,HUNCHO,Los Angeles Lakers (CURSE),Boston Celtics (HUNCHO),,,,12/08/2026 21:39:00,97,moneyline_1x2,,Boston Celtics (HUNCHO),1.5,False
2026-08-12T21:14:56.151732+00:00,13673685760,GG League - 4x5 Min de juego,False,Dallas Mavericks,JUGGERNAUT,Orlando Magic,NIGHTHAWK,Dallas Mavericks (JUGGERNAUT),Orlando Magic (NIGHTHAWK),,,,12/08/2026 21:51:00,97,moneyline_1x2,,Dallas Mavericks (JUGGERNAUT),2.4,False
2026-08-12T21:14:56.151732+00:00,13673685760,GG League - 4x5 Min de juego,False,Dallas Mavericks,JUGGERNAUT,Orlando Magic,NIGHTHAWK,Dallas Mavericks (JUGGERNAUT),Orlando Magic (NIGHTHAWK),,,,12/08/2026 21:51:00,97,moneyline_1x2,,Orlando Magic (NIGHTHAWK),1.45,False
2026-08-12T21:14:56.151732+00:00,13673685773,GG League - 4x5 Min de juego,False,Memphis Grizzlies,PHARAOH,Milwaukee Bucks,PATIENCE,Memphis Grizzlies (PHARAOH),Milwaukee Bucks (PATIENCE),,,,12/08/2026 21:59:00,97,moneyline_1x2,,Memphis Grizzlies (PHARAOH),2.3,False
2026-08-12T21:14:56.151732+00:00,13673685773,GG League - 4x5 Min de juego,False,Memphis Grizzlies,PHARAOH,Milwaukee Bucks,PATIENCE,Memphis Grizzlies (PHARAOH),Milwaukee Bucks (PATIENCE),,,,12/08/2026 21:59:00,97,moneyline_1x2,,Milwaukee Bucks (PATIENCE),1.5,False
2026-08-12T21:14:56.151732+00:00,13673685707,GG League - 4x5 Min de juego,True,Dallas Mavericks,RADIANT,Denver Nuggets,ADMIRAL,Dallas Mavericks (RADIANT),Denver Nuggets (ADMIRAL),3º Cuarto,36,30,12/08/2026 20:51:00,97,moneyline_1x2,,Dallas Mavericks (RADIANT),1.06,False
2026-08-12T21:14:56.151732+00:00,13673685707,GG League - 4x5 Min de juego,True,Dallas Mavericks,RADIANT,Denver Nuggets,ADMIRAL,Dallas Mavericks (RADIANT),Denver Nuggets (ADMIRAL),3º Cuarto,36,30,12/08/2026 20:51:00,97,moneyline_1x2,,Denver Nuggets (ADMIRAL),6.5,False
2026-08-12T21:14:56.151732+00:00,13673683915,GG League - 4x5 Min de juego,False,Cleveland Cavaliers,DAGGER,Milwaukee Bucks,GENERAL,Cleveland Cavaliers (DAGGER),Milwaukee Bucks (GENERAL),,,,12/08/2026 22:23:00,97,moneyline_1x2,,Cleveland Cavaliers (DAGGER),1.5,False
2026-08-12T21:14:56.151732+00:00,13673683915,GG League - 4x5 Min de juego,False,Cleveland Cavaliers,DAGGER,Milwaukee Bucks,GENERAL,Cleveland Cavaliers (DAGGER),Milwaukee Bucks (GENERAL),,,,12/08/2026 22:23:00,97,moneyline_1x2,,Milwaukee Bucks (GENERAL),2.3,False
2026-08-12T21:14:56.151732+00:00,13673685774,GG League - 4x5 Min de juego,False,Brooklyn Nets,MARINE,Miami Heat,UNDERRATED,Brooklyn Nets (MARINE),Miami Heat (UNDERRATED),,,,12/08/2026 22:15:00,97,moneyline_1x2,,Brooklyn Nets (MARINE),1.57,False
2026-08-12T21:14:56.151732+00:00,13673685774,GG League - 4x5 Min de juego,False,Brooklyn Nets,MARINE,Miami Heat,UNDERRATED,Brooklyn Nets (MARINE),Miami Heat (UNDERRATED),,,,12/08/2026 22:15:00,97,moneyline_1x2,,Miami Heat (UNDERRATED),2.15,False
2026-08-12T21:14:56.151732+00:00,13673685174,GG League - 4x5 Min de juego,False,Boston Celtics,PHARAOH,Los Angeles Lakers,SIGNAL,Boston Celtics (PHARAOH),Los Angeles Lakers (SIGNAL),,,,12/08/2026 21:27:00,97,moneyline_1x2,,Boston Celtics (PHARAOH),2.3,False
2026-08-12T21:14:56.151732+00:00,13673685174,GG League - 4x5 Min de juego,False,Boston Celtics,PHARAOH,Los Angeles Lakers,SIGNAL,Boston Celtics (PHARAOH),Los Angeles Lakers (SIGNAL),,,,12/08/2026 21:27:00,97,moneyline_1x2,,Los Angeles Lakers (SIGNAL),1.5,False
2026-08-12T21:14:56.151732+00:00,13673685378,GG League - 4x5 Min de juego,False,Chicago Bulls,OREZ,Toronto Raptors,SPARKZ,Chicago Bulls (OREZ),Toronto Raptors (SPARKZ),,,,12/08/2026 21:43:00,97,moneyline_1x2,,Chicago Bulls (OREZ),2.3,False
2026-08-12T21:14:56.151732+00:00,13673685378,GG League - 4x5 Min de juego,False,Chicago Bulls,OREZ,Toronto Raptors,SPARKZ,Chicago Bulls (OREZ),Toronto Raptors (SPARKZ),,,,12/08/2026 21:43:00,97,moneyline_1x2,,Toronto Raptors (SPARKZ),1.5,False
2026-08-12T21:14:56.151732+00:00,13673685775,GG League - 4x5 Min de juego,False,Miami Heat,MYTH,Toronto Raptors,CYPHER,Miami Heat (MYTH),Toronto Raptors (CYPHER),,,,12/08/2026 22:19:00,97,moneyline_1x2,,Miami Heat (MYTH),2.3,False
2026-08-12T21:14:56.151732+00:00,13673685775,GG League - 4x5 Min de juego,False,Miami Heat,MYTH,Toronto Raptors,CYPHER,Miami Heat (MYTH),Toronto Raptors (CYPHER),,,,12/08/2026 22:19:00,97,moneyline_1x2,,Toronto Raptors (CYPHER),1.5,False
2026-08-12T21:14:56.151732+00:00,13673683710,GG League - 4x5 Min de juego,False,Oklahoma City Thunder,STING,Los Angeles Lakers,ADMIRAL,Oklahoma City Thunder (STING),Los Angeles Lakers (ADMIRAL),,,,12/08/2026 21:23:00,97,moneyline_1x2,,Oklahoma City Thunder (STING),1.5,False
2026-08-12T21:14:56.151732+00:00,13673683710,GG League - 4x5 Min de juego,False,Oklahoma City Thunder,STING,Los Angeles Lakers,ADMIRAL,Oklahoma City Thunder (STING),Los Angeles Lakers (ADMIRAL),,,,12/08/2026 21:23:00,97,moneyline_1x2,,Los Angeles Lakers (ADMIRAL),2.35,False
2026-08-12T21:14:56.151732+00:00,13673685777,GG League - 4x5 Min de juego,False,Los Angeles Lakers,SIGNAL,Oklahoma City Thunder,AZURE,Los Angeles Lakers (SIGNAL),Oklahoma City Thunder (AZURE),,,,12/08/2026 22:31:00,97,moneyline_1x2,,Los Angeles Lakers (SIGNAL),1.62,False
2026-08-12T21:14:56.151732+00:00,13673685777,GG League - 4x5 Min de juego,False,Los Angeles Lakers,SIGNAL,Oklahoma City Thunder,AZURE,Los Angeles Lakers (SIGNAL),Oklahoma City Thunder (AZURE),,,,12/08/2026 22:31:00,97,moneyline_1x2,,Oklahoma City Thunder (AZURE),2.05,False
2026-08-12T21:14:56.151732+00:00,13673685379,GG League - 4x5 Min de juego,False,New York Knicks,JACKAL,Oklahoma City Thunder,CALAMITY,New York Knicks (JACKAL),Oklahoma City Thunder (CALAMITY),,,,12/08/2026 22:11:00,97,moneyline_1x2,,New York Knicks (JACKAL),2.3,False
2026-08-12T21:14:56.151732+00:00,13673685379,GG League - 4x5 Min de juego,False,New York Knicks,JACKAL,Oklahoma City Thunder,CALAMITY,New York Knicks (JACKAL),Oklahoma City Thunder (CALAMITY),,,,12/08/2026 22:11:00,97,moneyline_1x2,,Oklahoma City Thunder (CALAMITY),1.5,False
2026-08-12T21:14:56.151732+00:00,13673683712,GG League - 4x5 Min de juego,False,Charlotte Hornets,STING,Dallas Mavericks,RADIANT,Charlotte Hornets (STING),Dallas Mavericks (RADIANT),,,,12/08/2026 21:55:00,97,moneyline_1x2,,Charlotte Hornets (STING),2.2,False
2026-08-12T21:14:56.151732+00:00,13673683712,GG League - 4x5 Min de juego,False,Charlotte Hornets,STING,Dallas Mavericks,RADIANT,Charlotte Hornets (STING),Dallas Mavericks (RADIANT),,,,12/08/2026 21:55:00,97,moneyline_1x2,,Dallas Mavericks (RADIANT),1.55,False
2026-08-12T21:14:56.151732+00:00,13673685714,GG League - 4x5 Min de juego,True,Milwaukee Bucks,PATIENCE,Phoenix Suns,SIGNAL,Milwaukee Bucks (PATIENCE),Phoenix Suns (SIGNAL),4º cuarto,40,32,12/08/2026 20:55:00,97,moneyline_1x2,,Milwaukee Bucks (PATIENCE),1.02,False
2026-08-12T21:14:56.151732+00:00,13673685714,GG League - 4x5 Min de juego,True,Milwaukee Bucks,PATIENCE,Phoenix Suns,SIGNAL,Milwaukee Bucks (PATIENCE),Phoenix Suns (SIGNAL),4º cuarto,40,32,12/08/2026 20:55:00,97,moneyline_1x2,,Phoenix Suns (SIGNAL),8.5,False
2026-08-12T21:14:56.151732+00:00,13673685420,GG League - 4x5 Min de juego,False,Los Angeles Lakers,ADMIRAL,New York Knicks,RADIANT,Los Angeles Lakers (ADMIRAL),New York Knicks (RADIANT),,,,12/08/2026 22:27:00,97,moneyline_1x2,,Los Angeles Lakers (ADMIRAL),2.4,False
2026-08-12T21:14:56.151732+00:00,13673685420,GG League - 4x5 Min de juego,False,Los Angeles Lakers,ADMIRAL,New York Knicks,RADIANT,Los Angeles Lakers (ADMIRAL),New York Knicks (RADIANT),,,,12/08/2026 22:27:00,97,moneyline_1x2,,New York Knicks (RADIANT),1.45,False
2026-08-12T21:14:56.151732+00:00,13673685754,GG League - 4x5 Min de juego,False,Los Angeles Lakers,CURSE,Boston Celtics,HUNCHO,Los Angeles Lakers (CURSE),Boston Celtics (HUNCHO),,,,12/08/2026 21:39:00,97,moneyline_1x2,,Los Angeles Lakers (CURSE),2.35,False
2026-08-12T21:14:56.151732+00:00,13673685754,GG League - 4x5 Min de juego,False,Los Angeles Lakers,CURSE,Boston Celtics,HUNCHO,Los Angeles Lakers (CURSE),Boston Celtics (HUNCHO),,,,12/08/2026 21:39:00,97,moneyline_1x2,,Boston Celtics (HUNCHO),1.5,False
2026-08-12T21:17:03.387033+00:00,13673685760,GG League - 4x5 Min de juego,False,Dallas Mavericks,JUGGERNAUT,Orlando Magic,NIGHTHAWK,Dallas Mavericks (JUGGERNAUT),Orlando Magic (NIGHTHAWK),,,,12/08/2026 21:51:00,97,moneyline_1x2,,Dallas Mavericks (JUGGERNAUT),2.4,False
2026-08-12T21:17:03.387033+00:00,13673685760,GG League - 4x5 Min de juego,False,Dallas Mavericks,JUGGERNAUT,Orlando Magic,NIGHTHAWK,Dallas Mavericks (JUGGERNAUT),Orlando Magic (NIGHTHAWK),,,,12/08/2026 21:51:00,97,moneyline_1x2,,Orlando Magic (NIGHTHAWK),1.45,False
2026-08-12T21:17:03.387033+00:00,13673685773,GG League - 4x5 Min de juego,False,Memphis Grizzlies,PHARAOH,Milwaukee Bucks,PATIENCE,Memphis Grizzlies (PHARAOH),Milwaukee Bucks (PATIENCE),,,,12/08/2026 21:59:00,97,moneyline_1x2,,Memphis Grizzlies (PHARAOH),2.3,False
2026-08-12T21:17:03.387033+00:00,13673685773,GG League - 4x5 Min de juego,False,Memphis Grizzlies,PHARAOH,Milwaukee Bucks,PATIENCE,Memphis Grizzlies (PHARAOH),Milwaukee Bucks (PATIENCE),,,,12/08/2026 21:59:00,97,moneyline_1x2,,Milwaukee Bucks (PATIENCE),1.5,False
2026-08-12T21:17:03.387033+00:00,13673685173,GG League - 4x5 Min de juego,True,Los Angeles Lakers,CURSE,New York Knicks,JACKAL,Los Angeles Lakers (CURSE),New York Knicks (JACKAL),2º cuarto,20,20,12/08/2026 21:07:00,97,moneyline_1x2,,Los Angeles Lakers (CURSE),1.9,False
2026-08-12T21:17:03.387033+00:00,13673685173,GG League - 4x5 Min de juego,True,Los Angeles Lakers,CURSE,New York Knicks,JACKAL,Los Angeles Lakers (CURSE),New York Knicks (JACKAL),2º cuarto,20,20,12/08/2026 21:07:00,97,moneyline_1x2,,New York Knicks (JACKAL),1.75,False
2026-08-12T21:17:03.387033+00:00,13673683632,GG League - 4x5 Min de juego,True,Chicago Bulls,OREZ,Brooklyn Nets,MARINE,Chicago Bulls (OREZ),Brooklyn Nets (MARINE),1º cuarto,12,13,12/08/2026 21:11:00,97,moneyline_1x2,,Chicago Bulls (OREZ),2.4,False
2026-08-12T21:17:03.387033+00:00,13673683632,GG League - 4x5 Min de juego,True,Chicago Bulls,OREZ,Brooklyn Nets,MARINE,Chicago Bulls (OREZ),Brooklyn Nets (MARINE),1º cuarto,12,13,12/08/2026 21:11:00,97,moneyline_1x2,,Brooklyn Nets (MARINE),1.45,False
2026-08-12T21:17:03.387033+00:00,13673685707,GG League - 4x5 Min de juego,True,Dallas Mavericks,RADIANT,Denver Nuggets,ADMIRAL,Dallas Mavericks (RADIANT),Denver Nuggets (ADMIRAL),4º cuarto,41,34,12/08/2026 20:51:00,97,moneyline_1x2,,Dallas Mavericks (RADIANT),1.03,False
2026-08-12T21:17:03.387033+00:00,13673685707,GG League - 4x5 Min de juego,True,Dallas Mavericks,RADIANT,Denver Nuggets,ADMIRAL,Dallas Mavericks (RADIANT),Denver Nuggets (ADMIRAL),4º cuarto,41,34,12/08/2026 20:51:00,97,moneyline_1x2,,Denver Nuggets (ADMIRAL),8.0,False
2026-08-12T21:17:03.387033+00:00,13673683915,GG League - 4x5 Min de juego,False,Cleveland Cavaliers,DAGGER,Milwaukee Bucks,GENERAL,Cleveland Cavaliers (DAGGER),Milwaukee Bucks (GENERAL),,,,12/08/2026 22:23:00,97,moneyline_1x2,,Cleveland Cavaliers (DAGGER),1.5,False
2026-08-12T21:17:03.387033+00:00,13673683915,GG League - 4x5 Min de juego,False,Cleveland Cavaliers,DAGGER,Milwaukee Bucks,GENERAL,Cleveland Cavaliers (DAGGER),Milwaukee Bucks (GENERAL),,,,12/08/2026 22:23:00,97,moneyline_1x2,,Milwaukee Bucks (GENERAL),2.3,False
2026-08-12T21:17:03.387033+00:00,13673685774,GG League - 4x5 Min de juego,False,Brooklyn Nets,MARINE,Miami Heat,UNDERRATED,Brooklyn Nets (MARINE),Miami Heat (UNDERRATED),,,,12/08/2026 22:15:00,97,moneyline_1x2,,Brooklyn Nets (MARINE),1.57,False
2026-08-12T21:17:03.387033+00:00,13673685774,GG League - 4x5 Min de juego,False,Brooklyn Nets,MARINE,Miami Heat,UNDERRATED,Brooklyn Nets (MARINE),Miami Heat (UNDERRATED),,,,12/08/2026 22:15:00,97,moneyline_1x2,,Miami Heat (UNDERRATED),2.15,False
2026-08-12T21:17:03.387033+00:00,13673685174,GG League - 4x5 Min de juego,False,Boston Celtics,PHARAOH,Los Angeles Lakers,SIGNAL,Boston Celtics (PHARAOH),Los Angeles Lakers (SIGNAL),,,,12/08/2026 21:27:00,97,moneyline_1x2,,Boston Celtics (PHARAOH),2.3,False
2026-08-12T21:17:03.387033+00:00,13673685174,GG League - 4x5 Min de juego,False,Boston Celtics,PHARAOH,Los Angeles Lakers,SIGNAL,Boston Celtics (PHARAOH),Los Angeles Lakers (SIGNAL),,,,12/08/2026 21:27:00,97,moneyline_1x2,,Los Angeles Lakers (SIGNAL),1.5,False
2026-08-12T21:17:03.387033+00:00,13673685378,GG League - 4x5 Min de juego,False,Chicago Bulls,OREZ,Toronto Raptors,SPARKZ,Chicago Bulls (OREZ),Toronto Raptors (SPARKZ),,,,12/08/2026 21:43:00,97,moneyline_1x2,,Chicago Bulls (OREZ),2.3,False
2026-08-12T21:17:03.387033+00:00,13673685378,GG League - 4x5 Min de juego,False,Chicago Bulls,OREZ,Toronto Raptors,SPARKZ,Chicago Bulls (OREZ),Toronto Raptors (SPARKZ),,,,12/08/2026 21:43:00,97,moneyline_1x2,,Toronto Raptors (SPARKZ),1.5,False
2026-08-12T21:17:03.387033+00:00,13673685775,GG League - 4x5 Min de juego,False,Miami Heat,MYTH,Toronto Raptors,CYPHER,Miami Heat (MYTH),Toronto Raptors (CYPHER),,,,12/08/2026 22:19:00,97,moneyline_1x2,,Miami Heat (MYTH),2.3,False
2026-08-12T21:17:03.387033+00:00,13673685775,GG League - 4x5 Min de juego,False,Miami Heat,MYTH,Toronto Raptors,CYPHER,Miami Heat (MYTH),Toronto Raptors (CYPHER),,,,12/08/2026 22:19:00,97,moneyline_1x2,,Toronto Raptors (CYPHER),1.5,False
2026-08-12T21:17:03.387033+00:00,13673683710,GG League - 4x5 Min de juego,False,Oklahoma City Thunder,STING,Los Angeles Lakers,ADMIRAL,Oklahoma City Thunder (STING),Los Angeles Lakers (ADMIRAL),,,,12/08/2026 21:23:00,97,moneyline_1x2,,Oklahoma City Thunder (STING),1.5,False
2026-08-12T21:17:03.387033+00:00,13673683710,GG League - 4x5 Min de juego,False,Oklahoma City Thunder,STING,Los Angeles Lakers,ADMIRAL,Oklahoma City Thunder (STING),Los Angeles Lakers (ADMIRAL),,,,12/08/2026 21:23:00,97,moneyline_1x2,,Los Angeles Lakers (ADMIRAL),2.35,False
2026-08-12T21:17:03.387033+00:00,13673685777,GG League - 4x5 Min de juego,False,Los Angeles Lakers,SIGNAL,Oklahoma City Thunder,AZURE,Los Angeles Lakers (SIGNAL),Oklahoma City Thunder (AZURE),,,,12/08/2026 22:31:00,97,moneyline_1x2,,Los Angeles Lakers (SIGNAL),1.62,False
2026-08-12T21:17:03.387033+00:00,13673685777,GG League - 4x5 Min de juego,False,Los Angeles Lakers,SIGNAL,Oklahoma City Thunder,AZURE,Los Angeles Lakers (SIGNAL),Oklahoma City Thunder (AZURE),,,,12/08/2026 22:31:00,97,moneyline_1x2,,Oklahoma City Thunder (AZURE),2.05,False
2026-08-12T21:17:03.387033+00:00,13673685379,GG League - 4x5 Min de juego,False,New York Knicks,JACKAL,Oklahoma City Thunder,CALAMITY,New York Knicks (JACKAL),Oklahoma City Thunder (CALAMITY),,,,12/08/2026 22:11:00,97,moneyline_1x2,,New York Knicks (JACKAL),2.3,False
2026-08-12T21:17:03.387033+00:00,13673685379,GG League - 4x5 Min de juego,False,New York Knicks,JACKAL,Oklahoma City Thunder,CALAMITY,New York Knicks (JACKAL),Oklahoma City Thunder (CALAMITY),,,,12/08/2026 22:11:00,97,moneyline_1x2,,Oklahoma City Thunder (CALAMITY),1.5,False
2026-08-12T21:17:03.387033+00:00,13673683712,GG League - 4x5 Min de juego,False,Charlotte Hornets,STING,Dallas Mavericks,RADIANT,Charlotte Hornets (STING),Dallas Mavericks (RADIANT),,,,12/08/2026 21:55:00,97,moneyline_1x2,,Charlotte Hornets (STING),2.2,False
2026-08-12T21:17:03.387033+00:00,13673683712,GG League - 4x5 Min de juego,False,Charlotte Hornets,STING,Dallas Mavericks,RADIANT,Charlotte Hornets (STING),Dallas Mavericks (RADIANT),,,,12/08/2026 21:55:00,97,moneyline_1x2,,Dallas Mavericks (RADIANT),1.55,False
2026-08-12T21:17:03.387033+00:00,13673685420,GG League - 4x5 Min de juego,False,Los Angeles Lakers,ADMIRAL,New York Knicks,RADIANT,Los Angeles Lakers (ADMIRAL),New York Knicks (RADIANT),,,,12/08/2026 22:27:00,97,moneyline_1x2,,Los Angeles Lakers (ADMIRAL),2.4,False
2026-08-12T21:17:03.387033+00:00,13673685420,GG League - 4x5 Min de juego,False,Los Angeles Lakers,ADMIRAL,New York Knicks,RADIANT,Los Angeles Lakers (ADMIRAL),New York Knicks (RADIANT),,,,12/08/2026 22:27:00,97,moneyline_1x2,,New York Knicks (RADIANT),1.45,False
2026-08-12T21:17:03.387033+00:00,13673685754,GG League - 4x5 Min de juego,False,Los Angeles Lakers,CURSE,Boston Celtics,HUNCHO,Los Angeles Lakers (CURSE),Boston Celtics (HUNCHO),,,,12/08/2026 21:39:00,97,moneyline_1x2,,Los Angeles Lakers (CURSE),2.35,False
2026-08-12T21:17:03.387033+00:00,13673685754,GG League - 4x5 Min de juego,False,Los Angeles Lakers,CURSE,Boston Celtics,HUNCHO,Los Angeles Lakers (CURSE),Boston Celtics (HUNCHO),,,,12/08/2026 21:39:00,97,moneyline_1x2,,Boston Celtics (HUNCHO),1.5,False
2026-08-12T21:17:03.387033+00:00,13673685422,GG League - 4x5 Min de juego,False,Los Angeles Lakers,CURSE,Oklahoma City Thunder,CALAMITY,Los Angeles Lakers (CURSE),Oklahoma City Thunder (CALAMITY),,,,12/08/2026 22:43:00,97,moneyline_1x2,,Los Angeles Lakers (CURSE),1.55,False
2026-08-12T21:17:03.387033+00:00,13673685422,GG League - 4x5 Min de juego,False,Los Angeles Lakers,CURSE,Oklahoma City Thunder,CALAMITY,Los Angeles Lakers (CURSE),Oklahoma City Thunder (CALAMITY),,,,12/08/2026 22:43:00,97,moneyline_1x2,,Oklahoma City Thunder (CALAMITY),2.2,False
2026-08-12T21:18:53.255471+00:00,13673685760,GG League - 4x5 Min de juego,False,Dallas Mavericks,JUGGERNAUT,Orlando Magic,NIGHTHAWK,Dallas Mavericks (JUGGERNAUT),Orlando Magic (NIGHTHAWK),,,,12/08/2026 21:51:00,97,moneyline_1x2,,Dallas Mavericks (JUGGERNAUT),2.4,False
2026-08-12T21:18:53.255471+00:00,13673685760,GG League - 4x5 Min de juego,False,Dallas Mavericks,JUGGERNAUT,Orlando Magic,NIGHTHAWK,Dallas Mavericks (JUGGERNAUT),Orlando Magic (NIGHTHAWK),,,,12/08/2026 21:51:00,97,moneyline_1x2,,Orlando Magic (NIGHTHAWK),1.45,False
2026-08-12T21:18:53.255471+00:00,13673685773,GG League - 4x5 Min de juego,False,Memphis Grizzlies,PHARAOH,Milwaukee Bucks,PATIENCE,Memphis Grizzlies (PHARAOH),Milwaukee Bucks (PATIENCE),,,,12/08/2026 21:59:00,97,moneyline_1x2,,Memphis Grizzlies (PHARAOH),2.3,False
2026-08-12T21:18:53.255471+00:00,13673685773,GG League - 4x5 Min de juego,False,Memphis Grizzlies,PHARAOH,Milwaukee Bucks,PATIENCE,Memphis Grizzlies (PHARAOH),Milwaukee Bucks (PATIENCE),,,,12/08/2026 21:59:00,97,moneyline_1x2,,Milwaukee Bucks (PATIENCE),1.5,False
2026-08-12T21:18:53.255471+00:00,13673685173,GG League - 4x5 Min de juego,True,Los Angeles Lakers,CURSE,New York Knicks,JACKAL,Los Angeles Lakers (CURSE),New York Knicks (JACKAL),2º cuarto,22,23,12/08/2026 21:07:00,97,moneyline_1x2,,Los Angeles Lakers (CURSE),2.0,False
2026-08-12T21:18:53.255471+00:00,13673685173,GG League - 4x5 Min de juego,True,Los Angeles Lakers,CURSE,New York Knicks,JACKAL,Los Angeles Lakers (CURSE),New York Knicks (JACKAL),2º cuarto,22,23,12/08/2026 21:07:00,97,moneyline_1x2,,New York Knicks (JACKAL),1.67,False
2026-08-12T21:18:53.255471+00:00,13673683632,GG League - 4x5 Min de juego,True,Chicago Bulls,OREZ,Brooklyn Nets,MARINE,Chicago Bulls (OREZ),Brooklyn Nets (MARINE),2º cuarto,15,17,12/08/2026 21:11:00,97,moneyline_1x2,,Chicago Bulls (OREZ),2.6,False
2026-08-12T21:18:53.255471+00:00,13673683632,GG League - 4x5 Min de juego,True,Chicago Bulls,OREZ,Brooklyn Nets,MARINE,Chicago Bulls (OREZ),Brooklyn Nets (MARINE),2º cuarto,15,17,12/08/2026 21:11:00,97,moneyline_1x2,,Brooklyn Nets (MARINE),1.4,False
2026-08-12T21:18:53.255471+00:00,13673683915,GG League - 4x5 Min de juego,False,Cleveland Cavaliers,DAGGER,Milwaukee Bucks,GENERAL,Cleveland Cavaliers (DAGGER),Milwaukee Bucks (GENERAL),,,,12/08/2026 22:23:00,97,moneyline_1x2,,Cleveland Cavaliers (DAGGER),1.5,False
2026-08-12T21:18:53.255471+00:00,13673683915,GG League - 4x5 Min de juego,False,Cleveland Cavaliers,DAGGER,Milwaukee Bucks,GENERAL,Cleveland Cavaliers (DAGGER),Milwaukee Bucks (GENERAL),,,,12/08/2026 22:23:00,97,moneyline_1x2,,Milwaukee Bucks (GENERAL),2.3,False
2026-08-12T21:18:53.255471+00:00,13673685774,GG League - 4x5 Min de juego,False,Brooklyn Nets,MARINE,Miami Heat,UNDERRATED,Brooklyn Nets (MARINE),Miami Heat (UNDERRATED),,,,12/08/2026 22:15:00,97,moneyline_1x2,,Brooklyn Nets (MARINE),1.57,False
2026-08-12T21:18:53.255471+00:00,13673685774,GG League - 4x5 Min de juego,False,Brooklyn Nets,MARINE,Miami Heat,UNDERRATED,Brooklyn Nets (MARINE),Miami Heat (UNDERRATED),,,,12/08/2026 22:15:00,97,moneyline_1x2,,Miami Heat (UNDERRATED),2.15,False
2026-08-12T21:18:53.255471+00:00,13673685174,GG League - 4x5 Min de juego,False,Boston Celtics,PHARAOH,Los Angeles Lakers,SIGNAL,Boston Celtics (PHARAOH),Los Angeles Lakers (SIGNAL),,,,12/08/2026 21:27:00,97,moneyline_1x2,,Boston Celtics (PHARAOH),2.3,False
2026-08-12T21:18:53.255471+00:00,13673685174,GG League - 4x5 Min de juego,False,Boston Celtics,PHARAOH,Los Angeles Lakers,SIGNAL,Boston Celtics (PHARAOH),Los Angeles Lakers (SIGNAL),,,,12/08/2026 21:27:00,97,moneyline_1x2,,Los Angeles Lakers (SIGNAL),1.5,False
2026-08-12T21:18:53.255471+00:00,13673685378,GG League - 4x5 Min de juego,False,Chicago Bulls,OREZ,Toronto Raptors,SPARKZ,Chicago Bulls (OREZ),Toronto Raptors (SPARKZ),,,,12/08/2026 21:43:00,97,moneyline_1x2,,Chicago Bulls (OREZ),2.3,False
2026-08-12T21:18:53.255471+00:00,13673685378,GG League - 4x5 Min de juego,False,Chicago Bulls,OREZ,Toronto Raptors,SPARKZ,Chicago Bulls (OREZ),Toronto Raptors (SPARKZ),,,,12/08/2026 21:43:00,97,moneyline_1x2,,Toronto Raptors (SPARKZ),1.5,False
2026-08-12T21:18:53.255471+00:00,13673685775,GG League - 4x5 Min de juego,False,Miami Heat,MYTH,Toronto Raptors,CYPHER,Miami Heat (MYTH),Toronto Raptors (CYPHER),,,,12/08/2026 22:19:00,97,moneyline_1x2,,Miami Heat (MYTH),2.3,False
2026-08-12T21:18:53.255471+00:00,13673685775,GG League - 4x5 Min de juego,False,Miami Heat,MYTH,Toronto Raptors,CYPHER,Miami Heat (MYTH),Toronto Raptors (CYPHER),,,,12/08/2026 22:19:00,97,moneyline_1x2,,Toronto Raptors (CYPHER),1.5,False
2026-08-12T21:18:53.255471+00:00,13673684118,GG League - 4x5 Min de juego,False,Chicago Bulls,OREZ,Miami Heat,UNDERRATED,Chicago Bulls (OREZ),Miami Heat (UNDERRATED),,,,12/08/2026 22:47:00,97,moneyline_1x2,,Chicago Bulls (OREZ),2.15,False
2026-08-12T21:18:53.255471+00:00,13673684118,GG League - 4x5 Min de juego,False,Chicago Bulls,OREZ,Miami Heat,UNDERRATED,Chicago Bulls (OREZ),Miami Heat (UNDERRATED),,,,12/08/2026 22:47:00,97,moneyline_1x2,,Miami Heat (UNDERRATED),1.57,False
2026-08-12T21:18:53.255471+00:00,13673683710,GG League - 4x5 Min de juego,False,Oklahoma City Thunder,STING,Los Angeles Lakers,ADMIRAL,Oklahoma City Thunder (STING),Los Angeles Lakers (ADMIRAL),,,,12/08/2026 21:23:00,97,moneyline_1x2,,Oklahoma City Thunder (STING),1.5,False
2026-08-12T21:18:53.255471+00:00,13673683710,GG League - 4x5 Min de juego,False,Oklahoma City Thunder,STING,Los Angeles Lakers,ADMIRAL,Oklahoma City Thunder (STING),Los Angeles Lakers (ADMIRAL),,,,12/08/2026 21:23:00,97,moneyline_1x2,,Los Angeles Lakers (ADMIRAL),2.35,False
2026-08-12T21:18:53.255471+00:00,13673685777,GG League - 4x5 Min de juego,False,Los Angeles Lakers,SIGNAL,Oklahoma City Thunder,AZURE,Los Angeles Lakers (SIGNAL),Oklahoma City Thunder (AZURE),,,,12/08/2026 22:31:00,97,moneyline_1x2,,Los Angeles Lakers (SIGNAL),1.62,False
2026-08-12T21:18:53.255471+00:00,13673685777,GG League - 4x5 Min de juego,False,Los Angeles Lakers,SIGNAL,Oklahoma City Thunder,AZURE,Los Angeles Lakers (SIGNAL),Oklahoma City Thunder (AZURE),,,,12/08/2026 22:31:00,97,moneyline_1x2,,Oklahoma City Thunder (AZURE),2.05,False
2026-08-12T21:18:53.255471+00:00,13673685379,GG League - 4x5 Min de juego,False,New York Knicks,JACKAL,Oklahoma City Thunder,CALAMITY,New York Knicks (JACKAL),Oklahoma City Thunder (CALAMITY),,,,12/08/2026 22:11:00,97,moneyline_1x2,,New York Knicks (JACKAL),2.3,False
2026-08-12T21:18:53.255471+00:00,13673685379,GG League - 4x5 Min de juego,False,New York Knicks,JACKAL,Oklahoma City Thunder,CALAMITY,New York Knicks (JACKAL),Oklahoma City Thunder (CALAMITY),,,,12/08/2026 22:11:00,97,moneyline_1x2,,Oklahoma City Thunder (CALAMITY),1.5,False
2026-08-12T21:18:53.255471+00:00,13673683712,GG League - 4x5 Min de juego,False,Charlotte Hornets,STING,Dallas Mavericks,RADIANT,Charlotte Hornets (STING),Dallas Mavericks (RADIANT),,,,12/08/2026 21:55:00,97,moneyline_1x2,,Charlotte Hornets (STING),2.2,False
2026-08-12T21:18:53.255471+00:00,13673683712,GG League - 4x5 Min de juego,False,Charlotte Hornets,STING,Dallas Mavericks,RADIANT,Charlotte Hornets (STING),Dallas Mavericks (RADIANT),,,,12/08/2026 21:55:00,97,moneyline_1x2,,Dallas Mavericks (RADIANT),1.55,False
2026-08-12T21:18:53.255471+00:00,13673685420,GG League - 4x5 Min de juego,False,Los Angeles Lakers,ADMIRAL,New York Knicks,RADIANT,Los Angeles Lakers (ADMIRAL),New York Knicks (RADIANT),,,,12/08/2026 22:27:00,97,moneyline_1x2,,Los Angeles Lakers (ADMIRAL),2.4,False
2026-08-12T21:18:53.255471+00:00,13673685420,GG League - 4x5 Min de juego,False,Los Angeles Lakers,ADMIRAL,New York Knicks,RADIANT,Los Angeles Lakers (ADMIRAL),New York Knicks (RADIANT),,,,12/08/2026 22:27:00,97,moneyline_1x2,,New York Knicks (RADIANT),1.45,False
2026-08-12T21:18:53.255471+00:00,13673685754,GG League - 4x5 Min de juego,False,Los Angeles Lakers,CURSE,Boston Celtics,HUNCHO,Los Angeles Lakers (CURSE),Boston Celtics (HUNCHO),,,,12/08/2026 21:39:00,97,moneyline_1x2,,Los Angeles Lakers (CURSE),2.35,False
2026-08-12T21:18:53.255471+00:00,13673685754,GG League - 4x5 Min de juego,False,Los Angeles Lakers,CURSE,Boston Celtics,HUNCHO,Los Angeles Lakers (CURSE),Boston Celtics (HUNCHO),,,,12/08/2026 21:39:00,97,moneyline_1x2,,Boston Celtics (HUNCHO),1.5,False
2026-08-12T21:18:53.255471+00:00,13673685422,GG League - 4x5 Min de juego,False,Los Angeles Lakers,CURSE,Oklahoma City Thunder,CALAMITY,Los Angeles Lakers (CURSE),Oklahoma City Thunder (CALAMITY),,,,12/08/2026 22:43:00,97,moneyline_1x2,,Los Angeles Lakers (CURSE),1.55,False
2026-08-12T21:18:53.255471+00:00,13673685422,GG League - 4x5 Min de juego,False,Los Angeles Lakers,CURSE,Oklahoma City Thunder,CALAMITY,Los Angeles Lakers (CURSE),Oklahoma City Thunder (CALAMITY),,,,12/08/2026 22:43:00,97,moneyline_1x2,,Oklahoma City Thunder (CALAMITY),2.2,False
2026-08-12T21:21:08.567305+00:00,13673685760,GG League - 4x5 Min de juego,False,Dallas Mavericks,JUGGERNAUT,Orlando Magic,NIGHTHAWK,Dallas Mavericks (JUGGERNAUT),Orlando Magic (NIGHTHAWK),,,,12/08/2026 21:51:00,97,moneyline_1x2,,Dallas Mavericks (JUGGERNAUT),2.4,False
2026-08-12T21:21:08.567305+00:00,13673685760,GG League - 4x5 Min de juego,False,Dallas Mavericks,JUGGERNAUT,Orlando Magic,NIGHTHAWK,Dallas Mavericks (JUGGERNAUT),Orlando Magic (NIGHTHAWK),,,,12/08/2026 21:51:00,97,moneyline_1x2,,Orlando Magic (NIGHTHAWK),1.45,False
2026-08-12T21:21:08.567305+00:00,13673685773,GG League - 4x5 Min de juego,False,Memphis Grizzlies,PHARAOH,Milwaukee Bucks,PATIENCE,Memphis Grizzlies (PHARAOH),Milwaukee Bucks (PATIENCE),,,,12/08/2026 21:59:00,97,moneyline_1x2,,Memphis Grizzlies (PHARAOH),2.3,False
2026-08-12T21:21:08.567305+00:00,13673685773,GG League - 4x5 Min de juego,False,Memphis Grizzlies,PHARAOH,Milwaukee Bucks,PATIENCE,Memphis Grizzlies (PHARAOH),Milwaukee Bucks (PATIENCE),,,,12/08/2026 21:59:00,97,moneyline_1x2,,Milwaukee Bucks (PATIENCE),1.5,False
2026-08-12T21:21:08.567305+00:00,13673685173,GG League - 4x5 Min de juego,True,Los Angeles Lakers,CURSE,New York Knicks,JACKAL,Los Angeles Lakers (CURSE),New York Knicks (JACKAL),3º Cuarto,22,27,12/08/2026 21:07:00,97,moneyline_1x2,,Los Angeles Lakers (CURSE),3.3,False
2026-08-12T21:21:08.567305+00:00,13673685173,GG League - 4x5 Min de juego,True,Los Angeles Lakers,CURSE,New York Knicks,JACKAL,Los Angeles Lakers (CURSE),New York Knicks (JACKAL),3º Cuarto,22,27,12/08/2026 21:07:00,97,moneyline_1x2,,New York Knicks (JACKAL),1.25,False
2026-08-12T21:21:08.567305+00:00,13673683632,GG League - 4x5 Min de juego,True,Chicago Bulls,OREZ,Brooklyn Nets,MARINE,Chicago Bulls (OREZ),Brooklyn Nets (MARINE),2º cuarto,19,23,12/08/2026 21:11:00,97,moneyline_1x2,,Chicago Bulls (OREZ),3.2,False
2026-08-12T21:21:08.567305+00:00,13673683632,GG League - 4x5 Min de juego,True,Chicago Bulls,OREZ,Brooklyn Nets,MARINE,Chicago Bulls (OREZ),Brooklyn Nets (MARINE),2º cuarto,19,23,12/08/2026 21:11:00,97,moneyline_1x2,,Brooklyn Nets (MARINE),1.28,False
2026-08-12T21:21:08.567305+00:00,13673683915,GG League - 4x5 Min de juego,False,Cleveland Cavaliers,DAGGER,Milwaukee Bucks,GENERAL,Cleveland Cavaliers (DAGGER),Milwaukee Bucks (GENERAL),,,,12/08/2026 22:23:00,97,moneyline_1x2,,Cleveland Cavaliers (DAGGER),1.5,False
2026-08-12T21:21:08.567305+00:00,13673683915,GG League - 4x5 Min de juego,False,Cleveland Cavaliers,DAGGER,Milwaukee Bucks,GENERAL,Cleveland Cavaliers (DAGGER),Milwaukee Bucks (GENERAL),,,,12/08/2026 22:23:00,97,moneyline_1x2,,Milwaukee Bucks (GENERAL),2.3,False
2026-08-12T21:21:08.567305+00:00,13673685774,GG League - 4x5 Min de juego,False,Brooklyn Nets,MARINE,Miami Heat,UNDERRATED,Brooklyn Nets (MARINE),Miami Heat (UNDERRATED),,,,12/08/2026 22:15:00,97,moneyline_1x2,,Brooklyn Nets (MARINE),1.57,False
2026-08-12T21:21:08.567305+00:00,13673685774,GG League - 4x5 Min de juego,False,Brooklyn Nets,MARINE,Miami Heat,UNDERRATED,Brooklyn Nets (MARINE),Miami Heat (UNDERRATED),,,,12/08/2026 22:15:00,97,moneyline_1x2,,Miami Heat (UNDERRATED),2.15,False
2026-08-12T21:21:08.567305+00:00,13673685174,GG League - 4x5 Min de juego,False,Boston Celtics,PHARAOH,Los Angeles Lakers,SIGNAL,Boston Celtics (PHARAOH),Los Angeles Lakers (SIGNAL),,,,12/08/2026 21:27:00,97,moneyline_1x2,,Boston Celtics (PHARAOH),2.3,False
2026-08-12T21:21:08.567305+00:00,13673685174,GG League - 4x5 Min de juego,False,Boston Celtics,PHARAOH,Los Angeles Lakers,SIGNAL,Boston Celtics (PHARAOH),Los Angeles Lakers (SIGNAL),,,,12/08/2026 21:27:00,97,moneyline_1x2,,Los Angeles Lakers (SIGNAL),1.5,False
2026-08-12T21:21:08.567305+00:00,13673685378,GG League - 4x5 Min de juego,False,Chicago Bulls,OREZ,Toronto Raptors,SPARKZ,Chicago Bulls (OREZ),Toronto Raptors (SPARKZ),,,,12/08/2026 21:43:00,97,moneyline_1x2,,Chicago Bulls (OREZ),2.3,False
2026-08-12T21:21:08.567305+00:00,13673685378,GG League - 4x5 Min de juego,False,Chicago Bulls,OREZ,Toronto Raptors,SPARKZ,Chicago Bulls (OREZ),Toronto Raptors (SPARKZ),,,,12/08/2026 21:43:00,97,moneyline_1x2,,Toronto Raptors (SPARKZ),1.5,False
2026-08-12T21:21:08.567305+00:00,13673685775,GG League - 4x5 Min de juego,False,Miami Heat,MYTH,Toronto Raptors,CYPHER,Miami Heat (MYTH),Toronto Raptors (CYPHER),,,,12/08/2026 22:19:00,97,moneyline_1x2,,Miami Heat (MYTH),2.3,False
2026-08-12T21:21:08.567305+00:00,13673685775,GG League - 4x5 Min de juego,False,Miami Heat,MYTH,Toronto Raptors,CYPHER,Miami Heat (MYTH),Toronto Raptors (CYPHER),,,,12/08/2026 22:19:00,97,moneyline_1x2,,Toronto Raptors (CYPHER),1.5,False
2026-08-12T21:21:08.567305+00:00,13673684118,GG League - 4x5 Min de juego,False,Chicago Bulls,OREZ,Miami Heat,UNDERRATED,Chicago Bulls (OREZ),Miami Heat (UNDERRATED),,,,12/08/2026 22:47:00,97,moneyline_1x2,,Chicago Bulls (OREZ),2.15,False
2026-08-12T21:21:08.567305+00:00,13673684118,GG League - 4x5 Min de juego,False,Chicago Bulls,OREZ,Miami Heat,UNDERRATED,Chicago Bulls (OREZ),Miami Heat (UNDERRATED),,,,12/08/2026 22:47:00,97,moneyline_1x2,,Miami Heat (UNDERRATED),1.57,False
2026-08-12T21:21:08.567305+00:00,13673683710,GG League - 4x5 Min de juego,False,Oklahoma City Thunder,STING,Los Angeles Lakers,ADMIRAL,Oklahoma City Thunder (STING),Los Angeles Lakers (ADMIRAL),,,,12/08/2026 21:23:00,97,moneyline_1x2,,Oklahoma City Thunder (STING),1.5,False
2026-08-12T21:21:08.567305+00:00,13673683710,GG League - 4x5 Min de juego,False,Oklahoma City Thunder,STING,Los Angeles Lakers,ADMIRAL,Oklahoma City Thunder (STING),Los Angeles Lakers (ADMIRAL),,,,12/08/2026 21:23:00,97,moneyline_1x2,,Los Angeles Lakers (ADMIRAL),2.35,False
2026-08-12T21:21:08.567305+00:00,13673685777,GG League - 4x5 Min de juego,False,Los Angeles Lakers,SIGNAL,Oklahoma City Thunder,AZURE,Los Angeles Lakers (SIGNAL),Oklahoma City Thunder (AZURE),,,,12/08/2026 22:31:00,97,moneyline_1x2,,Los Angeles Lakers (SIGNAL),1.62,False
2026-08-12T21:21:08.567305+00:00,13673685777,GG League - 4x5 Min de juego,False,Los Angeles Lakers,SIGNAL,Oklahoma City Thunder,AZURE,Los Angeles Lakers (SIGNAL),Oklahoma City Thunder (AZURE),,,,12/08/2026 22:31:00,97,moneyline_1x2,,Oklahoma City Thunder (AZURE),2.05,False
2026-08-12T21:21:08.567305+00:00,13673685379,GG League - 4x5 Min de juego,False,New York Knicks,JACKAL,Oklahoma City Thunder,CALAMITY,New York Knicks (JACKAL),Oklahoma City Thunder (CALAMITY),,,,12/08/2026 22:11:00,97,moneyline_1x2,,New York Knicks (JACKAL),2.3,False
2026-08-12T21:21:08.567305+00:00,13673685379,GG League - 4x5 Min de juego,False,New York Knicks,JACKAL,Oklahoma City Thunder,CALAMITY,New York Knicks (JACKAL),Oklahoma City Thunder (CALAMITY),,,,12/08/2026 22:11:00,97,moneyline_1x2,,Oklahoma City Thunder (CALAMITY),1.5,False
2026-08-12T21:21:08.567305+00:00,13673683712,GG League - 4x5 Min de juego,False,Charlotte Hornets,STING,Dallas Mavericks,RADIANT,Charlotte Hornets (STING),Dallas Mavericks (RADIANT),,,,12/08/2026 21:55:00,97,moneyline_1x2,,Charlotte Hornets (STING),2.2,False
2026-08-12T21:21:08.567305+00:00,13673683712,GG League - 4x5 Min de juego,False,Charlotte Hornets,STING,Dallas Mavericks,RADIANT,Charlotte Hornets (STING),Dallas Mavericks (RADIANT),,,,12/08/2026 21:55:00,97,moneyline_1x2,,Dallas Mavericks (RADIANT),1.55,False
2026-08-12T21:21:08.567305+00:00,13673685420,GG League - 4x5 Min de juego,False,Los Angeles Lakers,ADMIRAL,New York Knicks,RADIANT,Los Angeles Lakers (ADMIRAL),New York Knicks (RADIANT),,,,12/08/2026 22:27:00,97,moneyline_1x2,,Los Angeles Lakers (ADMIRAL),2.4,False
2026-08-12T21:21:08.567305+00:00,13673685420,GG League - 4x5 Min de juego,False,Los Angeles Lakers,ADMIRAL,New York Knicks,RADIANT,Los Angeles Lakers (ADMIRAL),New York Knicks (RADIANT),,,,12/08/2026 22:27:00,97,moneyline_1x2,,New York Knicks (RADIANT),1.45,False
2026-08-12T21:21:08.567305+00:00,13673685754,GG League - 4x5 Min de juego,False,Los Angeles Lakers,CURSE,Boston Celtics,HUNCHO,Los Angeles Lakers (CURSE),Boston Celtics (HUNCHO),,,,12/08/2026 21:39:00,97,moneyline_1x2,,Los Angeles Lakers (CURSE),2.35,False
2026-08-12T21:21:08.567305+00:00,13673685754,GG League - 4x5 Min de juego,False,Los Angeles Lakers,CURSE,Boston Celtics,HUNCHO,Los Angeles Lakers (CURSE),Boston Celtics (HUNCHO),,,,12/08/2026 21:39:00,97,moneyline_1x2,,Boston Celtics (HUNCHO),1.5,False
2026-08-12T21:21:08.567305+00:00,13673685422,GG League - 4x5 Min de juego,False,Los Angeles Lakers,CURSE,Oklahoma City Thunder,CALAMITY,Los Angeles Lakers (CURSE),Oklahoma City Thunder (CALAMITY),,,,12/08/2026 22:43:00,97,moneyline_1x2,,Los Angeles Lakers (CURSE),1.55,False
2026-08-12T21:21:08.567305+00:00,13673685422,GG League - 4x5 Min de juego,False,Los Angeles Lakers,CURSE,Oklahoma City Thunder,CALAMITY,Los Angeles Lakers (CURSE),Oklahoma City Thunder (CALAMITY),,,,12/08/2026 22:43:00,97,moneyline_1x2,,Oklahoma City Thunder (CALAMITY),2.2,False
2026-08-12T21:22:58.785197+00:00,13673685760,GG League - 4x5 Min de juego,False,Dallas Mavericks,JUGGERNAUT,Orlando Magic,NIGHTHAWK,Dallas Mavericks (JUGGERNAUT),Orlando Magic (NIGHTHAWK),,,,12/08/2026 21:51:00,97,moneyline_1x2,,Dallas Mavericks (JUGGERNAUT),2.4,False
2026-08-12T21:22:58.785197+00:00,13673685760,GG League - 4x5 Min de juego,False,Dallas Mavericks,JUGGERNAUT,Orlando Magic,NIGHTHAWK,Dallas Mavericks (JUGGERNAUT),Orlando Magic (NIGHTHAWK),,,,12/08/2026 21:51:00,97,moneyline_1x2,,Orlando Magic (NIGHTHAWK),1.45,False
2026-08-12T21:22:58.785197+00:00,13673685773,GG League - 4x5 Min de juego,False,Memphis Grizzlies,PHARAOH,Milwaukee Bucks,PATIENCE,Memphis Grizzlies (PHARAOH),Milwaukee Bucks (PATIENCE),,,,12/08/2026 21:59:00,97,moneyline_1x2,,Memphis Grizzlies (PHARAOH),2.3,False
2026-08-12T21:22:58.785197+00:00,13673685773,GG League - 4x5 Min de juego,False,Memphis Grizzlies,PHARAOH,Milwaukee Bucks,PATIENCE,Memphis Grizzlies (PHARAOH),Milwaukee Bucks (PATIENCE),,,,12/08/2026 21:59:00,97,moneyline_1x2,,Milwaukee Bucks (PATIENCE),1.5,False
2026-08-12T21:22:58.785197+00:00,13673685173,GG League - 4x5 Min de juego,True,Los Angeles Lakers,CURSE,New York Knicks,JACKAL,Los Angeles Lakers (CURSE),New York Knicks (JACKAL),3º Cuarto,29,33,12/08/2026 21:07:00,97,moneyline_1x2,,Los Angeles Lakers (CURSE),3.15,False
2026-08-12T21:22:58.785197+00:00,13673685173,GG League - 4x5 Min de juego,True,Los Angeles Lakers,CURSE,New York Knicks,JACKAL,Los Angeles Lakers (CURSE),New York Knicks (JACKAL),3º Cuarto,29,33,12/08/2026 21:07:00,97,moneyline_1x2,,New York Knicks (JACKAL),1.28,False
2026-08-12T21:22:58.785197+00:00,13673683632,GG League - 4x5 Min de juego,True,Chicago Bulls,OREZ,Brooklyn Nets,MARINE,Chicago Bulls (OREZ),Brooklyn Nets (MARINE),2º cuarto,21,25,12/08/2026 21:11:00,97,moneyline_1x2,,Chicago Bulls (OREZ),3.45,False
2026-08-12T21:22:58.785197+00:00,13673683632,GG League - 4x5 Min de juego,True,Chicago Bulls,OREZ,Brooklyn Nets,MARINE,Chicago Bulls (OREZ),Brooklyn Nets (MARINE),2º cuarto,21,25,12/08/2026 21:11:00,97,moneyline_1x2,,Brooklyn Nets (MARINE),1.22,False
2026-08-12T21:22:58.785197+00:00,13673683915,GG League - 4x5 Min de juego,False,Cleveland Cavaliers,DAGGER,Milwaukee Bucks,GENERAL,Cleveland Cavaliers (DAGGER),Milwaukee Bucks (GENERAL),,,,12/08/2026 22:23:00,97,moneyline_1x2,,Cleveland Cavaliers (DAGGER),1.5,False
2026-08-12T21:22:58.785197+00:00,13673683915,GG League - 4x5 Min de juego,False,Cleveland Cavaliers,DAGGER,Milwaukee Bucks,GENERAL,Cleveland Cavaliers (DAGGER),Milwaukee Bucks (GENERAL),,,,12/08/2026 22:23:00,97,moneyline_1x2,,Milwaukee Bucks (GENERAL),2.3,False
2026-08-12T21:22:58.785197+00:00,13673685774,GG League - 4x5 Min de juego,False,Brooklyn Nets,MARINE,Miami Heat,UNDERRATED,Brooklyn Nets (MARINE),Miami Heat (UNDERRATED),,,,12/08/2026 22:15:00,97,moneyline_1x2,,Brooklyn Nets (MARINE),1.57,False
2026-08-12T21:22:58.785197+00:00,13673685774,GG League - 4x5 Min de juego,False,Brooklyn Nets,MARINE,Miami Heat,UNDERRATED,Brooklyn Nets (MARINE),Miami Heat (UNDERRATED),,,,12/08/2026 22:15:00,97,moneyline_1x2,,Miami Heat (UNDERRATED),2.15,False
2026-08-12T21:22:58.785197+00:00,13673685174,GG League - 4x5 Min de juego,False,Boston Celtics,PHARAOH,Los Angeles Lakers,SIGNAL,Boston Celtics (PHARAOH),Los Angeles Lakers (SIGNAL),,,,12/08/2026 21:27:00,97,moneyline_1x2,,Boston Celtics (PHARAOH),2.3,False
2026-08-12T21:22:58.785197+00:00,13673685174,GG League - 4x5 Min de juego,False,Boston Celtics,PHARAOH,Los Angeles Lakers,SIGNAL,Boston Celtics (PHARAOH),Los Angeles Lakers (SIGNAL),,,,12/08/2026 21:27:00,97,moneyline_1x2,,Los Angeles Lakers (SIGNAL),1.5,False
2026-08-12T21:22:58.785197+00:00,13673685378,GG League - 4x5 Min de juego,False,Chicago Bulls,OREZ,Toronto Raptors,SPARKZ,Chicago Bulls (OREZ),Toronto Raptors (SPARKZ),,,,12/08/2026 21:43:00,97,moneyline_1x2,,Chicago Bulls (OREZ),2.3,False
2026-08-12T21:22:58.785197+00:00,13673685378,GG League - 4x5 Min de juego,False,Chicago Bulls,OREZ,Toronto Raptors,SPARKZ,Chicago Bulls (OREZ),Toronto Raptors (SPARKZ),,,,12/08/2026 21:43:00,97,moneyline_1x2,,Toronto Raptors (SPARKZ),1.5,False
2026-08-12T21:22:58.785197+00:00,13673685775,GG League - 4x5 Min de juego,False,Miami Heat,MYTH,Toronto Raptors,CYPHER,Miami Heat (MYTH),Toronto Raptors (CYPHER),,,,12/08/2026 22:19:00,97,moneyline_1x2,,Miami Heat (MYTH),2.3,False
2026-08-12T21:22:58.785197+00:00,13673685775,GG League - 4x5 Min de juego,False,Miami Heat,MYTH,Toronto Raptors,CYPHER,Miami Heat (MYTH),Toronto Raptors (CYPHER),,,,12/08/2026 22:19:00,97,moneyline_1x2,,Toronto Raptors (CYPHER),1.5,False
2026-08-12T21:22:58.785197+00:00,13673684118,GG League - 4x5 Min de juego,False,Chicago Bulls,OREZ,Miami Heat,UNDERRATED,Chicago Bulls (OREZ),Miami Heat (UNDERRATED),,,,12/08/2026 22:47:00,97,moneyline_1x2,,Chicago Bulls (OREZ),2.15,False
2026-08-12T21:22:58.785197+00:00,13673684118,GG League - 4x5 Min de juego,False,Chicago Bulls,OREZ,Miami Heat,UNDERRATED,Chicago Bulls (OREZ),Miami Heat (UNDERRATED),,,,12/08/2026 22:47:00,97,moneyline_1x2,,Miami Heat (UNDERRATED),1.57,False
2026-08-12T21:22:58.785197+00:00,13673685777,GG League - 4x5 Min de juego,False,Los Angeles Lakers,SIGNAL,Oklahoma City Thunder,AZURE,Los Angeles Lakers (SIGNAL),Oklahoma City Thunder (AZURE),,,,12/08/2026 22:31:00,97,moneyline_1x2,,Los Angeles Lakers (SIGNAL),1.62,False
2026-08-12T21:22:58.785197+00:00,13673685777,GG League - 4x5 Min de juego,False,Los Angeles Lakers,SIGNAL,Oklahoma City Thunder,AZURE,Los Angeles Lakers (SIGNAL),Oklahoma City Thunder (AZURE),,,,12/08/2026 22:31:00,97,moneyline_1x2,,Oklahoma City Thunder (AZURE),2.05,False
2026-08-12T21:22:58.785197+00:00,13673685379,GG League - 4x5 Min de juego,False,New York Knicks,JACKAL,Oklahoma City Thunder,CALAMITY,New York Knicks (JACKAL),Oklahoma City Thunder (CALAMITY),,,,12/08/2026 22:11:00,97,moneyline_1x2,,New York Knicks (JACKAL),2.3,False
2026-08-12T21:22:58.785197+00:00,13673685379,GG League - 4x5 Min de juego,False,New York Knicks,JACKAL,Oklahoma City Thunder,CALAMITY,New York Knicks (JACKAL),Oklahoma City Thunder (CALAMITY),,,,12/08/2026 22:11:00,97,moneyline_1x2,,Oklahoma City Thunder (CALAMITY),1.5,False
2026-08-12T21:22:58.785197+00:00,13673683712,GG League - 4x5 Min de juego,False,Charlotte Hornets,STING,Dallas Mavericks,RADIANT,Charlotte Hornets (STING),Dallas Mavericks (RADIANT),,,,12/08/2026 21:55:00,97,moneyline_1x2,,Charlotte Hornets (STING),2.2,False
2026-08-12T21:22:58.785197+00:00,13673683712,GG League - 4x5 Min de juego,False,Charlotte Hornets,STING,Dallas Mavericks,RADIANT,Charlotte Hornets (STING),Dallas Mavericks (RADIANT),,,,12/08/2026 21:55:00,97,moneyline_1x2,,Dallas Mavericks (RADIANT),1.55,False
2026-08-12T21:22:58.785197+00:00,13673685420,GG League - 4x5 Min de juego,False,Los Angeles Lakers,ADMIRAL,New York Knicks,RADIANT,Los Angeles Lakers (ADMIRAL),New York Knicks (RADIANT),,,,12/08/2026 22:27:00,97,moneyline_1x2,,Los Angeles Lakers (ADMIRAL),2.4,False
2026-08-12T21:22:58.785197+00:00,13673685420,GG League - 4x5 Min de juego,False,Los Angeles Lakers,ADMIRAL,New York Knicks,RADIANT,Los Angeles Lakers (ADMIRAL),New York Knicks (RADIANT),,,,12/08/2026 22:27:00,97,moneyline_1x2,,New York Knicks (RADIANT),1.45,False
2026-08-12T21:22:58.785197+00:00,13673685754,GG League - 4x5 Min de juego,False,Los Angeles Lakers,CURSE,Boston Celtics,HUNCHO,Los Angeles Lakers (CURSE),Boston Celtics (HUNCHO),,,,12/08/2026 21:39:00,97,moneyline_1x2,,Los Angeles Lakers (CURSE),2.35,False
2026-08-12T21:22:58.785197+00:00,13673685754,GG League - 4x5 Min de juego,False,Los Angeles Lakers,CURSE,Boston Celtics,HUNCHO,Los Angeles Lakers (CURSE),Boston Celtics (HUNCHO),,,,12/08/2026 21:39:00,97,moneyline_1x2,,Boston Celtics (HUNCHO),1.5,False
2026-08-12T21:22:58.785197+00:00,13673685422,GG League - 4x5 Min de juego,False,Los Angeles Lakers,CURSE,Oklahoma City Thunder,CALAMITY,Los Angeles Lakers (CURSE),Oklahoma City Thunder (CALAMITY),,,,12/08/2026 22:43:00,97,moneyline_1x2,,Los Angeles Lakers (CURSE),1.55,False
2026-08-12T21:22:58.785197+00:00,13673685422,GG League - 4x5 Min de juego,False,Los Angeles Lakers,CURSE,Oklahoma City Thunder,CALAMITY,Los Angeles Lakers (CURSE),Oklahoma City Thunder (CALAMITY),,,,12/08/2026 22:43:00,97,moneyline_1x2,,Oklahoma City Thunder (CALAMITY),2.2,False
2026-08-12T21:24:55.995252+00:00,13673685760,GG League - 4x5 Min de juego,False,Dallas Mavericks,JUGGERNAUT,Orlando Magic,NIGHTHAWK,Dallas Mavericks (JUGGERNAUT),Orlando Magic (NIGHTHAWK),,,,12/08/2026 21:51:00,97,moneyline_1x2,,Dallas Mavericks (JUGGERNAUT),2.4,False
2026-08-12T21:24:55.995252+00:00,13673685760,GG League - 4x5 Min de juego,False,Dallas Mavericks,JUGGERNAUT,Orlando Magic,NIGHTHAWK,Dallas Mavericks (JUGGERNAUT),Orlando Magic (NIGHTHAWK),,,,12/08/2026 21:51:00,97,moneyline_1x2,,Orlando Magic (NIGHTHAWK),1.45,False
2026-08-12T21:24:55.995252+00:00,13673685773,GG League - 4x5 Min de juego,False,Memphis Grizzlies,PHARAOH,Milwaukee Bucks,PATIENCE,Memphis Grizzlies (PHARAOH),Milwaukee Bucks (PATIENCE),,,,12/08/2026 21:59:00,97,moneyline_1x2,,Memphis Grizzlies (PHARAOH),2.3,False
2026-08-12T21:24:55.995252+00:00,13673685773,GG League - 4x5 Min de juego,False,Memphis Grizzlies,PHARAOH,Milwaukee Bucks,PATIENCE,Memphis Grizzlies (PHARAOH),Milwaukee Bucks (PATIENCE),,,,12/08/2026 21:59:00,97,moneyline_1x2,,Milwaukee Bucks (PATIENCE),1.5,False
2026-08-12T21:24:55.995252+00:00,13673685173,GG League - 4x5 Min de juego,True,Los Angeles Lakers,CURSE,New York Knicks,JACKAL,Los Angeles Lakers (CURSE),New York Knicks (JACKAL),3º Cuarto,32,37,12/08/2026 21:07:00,97,moneyline_1x2,,Los Angeles Lakers (CURSE),3.9,False
2026-08-12T21:24:55.995252+00:00,13673685173,GG League - 4x5 Min de juego,True,Los Angeles Lakers,CURSE,New York Knicks,JACKAL,Los Angeles Lakers (CURSE),New York Knicks (JACKAL),3º Cuarto,32,37,12/08/2026 21:07:00,97,moneyline_1x2,,New York Knicks (JACKAL),1.19,False
2026-08-12T21:24:55.995252+00:00,13673683632,GG League - 4x5 Min de juego,True,Chicago Bulls,OREZ,Brooklyn Nets,MARINE,Chicago Bulls (OREZ),Brooklyn Nets (MARINE),3º Cuarto,27,27,12/08/2026 21:11:00,97,moneyline_1x2,,Chicago Bulls (OREZ),2.05,False
2026-08-12T21:24:55.995252+00:00,13673683632,GG League - 4x5 Min de juego,True,Chicago Bulls,OREZ,Brooklyn Nets,MARINE,Chicago Bulls (OREZ),Brooklyn Nets (MARINE),3º Cuarto,27,27,12/08/2026 21:11:00,97,moneyline_1x2,,Brooklyn Nets (MARINE),1.62,False
2026-08-12T21:24:55.995252+00:00,13673683915,GG League - 4x5 Min de juego,False,Cleveland Cavaliers,DAGGER,Milwaukee Bucks,GENERAL,Cleveland Cavaliers (DAGGER),Milwaukee Bucks (GENERAL),,,,12/08/2026 22:23:00,97,moneyline_1x2,,Cleveland Cavaliers (DAGGER),1.5,False
2026-08-12T21:24:55.995252+00:00,13673683915,GG League - 4x5 Min de juego,False,Cleveland Cavaliers,DAGGER,Milwaukee Bucks,GENERAL,Cleveland Cavaliers (DAGGER),Milwaukee Bucks (GENERAL),,,,12/08/2026 22:23:00,97,moneyline_1x2,,Milwaukee Bucks (GENERAL),2.3,False
2026-08-12T21:24:55.995252+00:00,13673685774,GG League - 4x5 Min de juego,False,Brooklyn Nets,MARINE,Miami Heat,UNDERRATED,Brooklyn Nets (MARINE),Miami Heat (UNDERRATED),,,,12/08/2026 22:15:00,97,moneyline_1x2,,Brooklyn Nets (MARINE),1.57,False
2026-08-12T21:24:55.995252+00:00,13673685774,GG League - 4x5 Min de juego,False,Brooklyn Nets,MARINE,Miami Heat,UNDERRATED,Brooklyn Nets (MARINE),Miami Heat (UNDERRATED),,,,12/08/2026 22:15:00,97,moneyline_1x2,,Miami Heat (UNDERRATED),2.15,False
2026-08-12T21:24:55.995252+00:00,13673685174,GG League - 4x5 Min de juego,False,Boston Celtics,PHARAOH,Los Angeles Lakers,SIGNAL,Boston Celtics (PHARAOH),Los Angeles Lakers (SIGNAL),,,,12/08/2026 21:27:00,97,moneyline_1x2,,Boston Celtics (PHARAOH),2.3,False
2026-08-12T21:24:55.995252+00:00,13673685174,GG League - 4x5 Min de juego,False,Boston Celtics,PHARAOH,Los Angeles Lakers,SIGNAL,Boston Celtics (PHARAOH),Los Angeles Lakers (SIGNAL),,,,12/08/2026 21:27:00,97,moneyline_1x2,,Los Angeles Lakers (SIGNAL),1.5,False
2026-08-12T21:24:55.995252+00:00,13673685424,GG League - 4x5 Min de juego,False,Los Angeles Lakers,AIRFORCE,Oklahoma City Thunder,CYPHER,Los Angeles Lakers (AIRFORCE),Oklahoma City Thunder (CYPHER),,,,12/08/2026 22:51:00,97,moneyline_1x2,,Los Angeles Lakers (AIRFORCE),1.5,False
2026-08-12T21:24:55.995252+00:00,13673685424,GG League - 4x5 Min de juego,False,Los Angeles Lakers,AIRFORCE,Oklahoma City Thunder,CYPHER,Los Angeles Lakers (AIRFORCE),Oklahoma City Thunder (CYPHER),,,,12/08/2026 22:51:00,97,moneyline_1x2,,Oklahoma City Thunder (CYPHER),2.3,False
2026-08-12T21:24:55.995252+00:00,13673685378,GG League - 4x5 Min de juego,False,Chicago Bulls,OREZ,Toronto Raptors,SPARKZ,Chicago Bulls (OREZ),Toronto Raptors (SPARKZ),,,,12/08/2026 21:43:00,97,moneyline_1x2,,Chicago Bulls (OREZ),2.3,False
2026-08-12T21:24:55.995252+00:00,13673685378,GG League - 4x5 Min de juego,False,Chicago Bulls,OREZ,Toronto Raptors,SPARKZ,Chicago Bulls (OREZ),Toronto Raptors (SPARKZ),,,,12/08/2026 21:43:00,97,moneyline_1x2,,Toronto Raptors (SPARKZ),1.5,False
2026-08-12T21:24:55.995252+00:00,13673685775,GG League - 4x5 Min de juego,False,Miami Heat,MYTH,Toronto Raptors,CYPHER,Miami Heat (MYTH),Toronto Raptors (CYPHER),,,,12/08/2026 22:19:00,97,moneyline_1x2,,Miami Heat (MYTH),2.3,False
2026-08-12T21:24:55.995252+00:00,13673685775,GG League - 4x5 Min de juego,False,Miami Heat,MYTH,Toronto Raptors,CYPHER,Miami Heat (MYTH),Toronto Raptors (CYPHER),,,,12/08/2026 22:19:00,97,moneyline_1x2,,Toronto Raptors (CYPHER),1.5,False
2026-08-12T21:24:55.995252+00:00,13673684118,GG League - 4x5 Min de juego,False,Chicago Bulls,OREZ,Miami Heat,UNDERRATED,Chicago Bulls (OREZ),Miami Heat (UNDERRATED),,,,12/08/2026 22:47:00,97,moneyline_1x2,,Chicago Bulls (OREZ),2.15,False
2026-08-12T21:24:55.995252+00:00,13673684118,GG League - 4x5 Min de juego,False,Chicago Bulls,OREZ,Miami Heat,UNDERRATED,Chicago Bulls (OREZ),Miami Heat (UNDERRATED),,,,12/08/2026 22:47:00,97,moneyline_1x2,,Miami Heat (UNDERRATED),1.57,False
2026-08-12T21:24:55.995252+00:00,13673685777,GG League - 4x5 Min de juego,False,Los Angeles Lakers,SIGNAL,Oklahoma City Thunder,AZURE,Los Angeles Lakers (SIGNAL),Oklahoma City Thunder (AZURE),,,,12/08/2026 22:31:00,97,moneyline_1x2,,Los Angeles Lakers (SIGNAL),1.62,False
2026-08-12T21:24:55.995252+00:00,13673685777,GG League - 4x5 Min de juego,False,Los Angeles Lakers,SIGNAL,Oklahoma City Thunder,AZURE,Los Angeles Lakers (SIGNAL),Oklahoma City Thunder (AZURE),,,,12/08/2026 22:31:00,97,moneyline_1x2,,Oklahoma City Thunder (AZURE),2.05,False
2026-08-12T21:24:55.995252+00:00,13673685379,GG League - 4x5 Min de juego,False,New York Knicks,JACKAL,Oklahoma City Thunder,CALAMITY,New York Knicks (JACKAL),Oklahoma City Thunder (CALAMITY),,,,12/08/2026 22:11:00,97,moneyline_1x2,,New York Knicks (JACKAL),2.3,False
2026-08-12T21:24:55.995252+00:00,13673685379,GG League - 4x5 Min de juego,False,New York Knicks,JACKAL,Oklahoma City Thunder,CALAMITY,New York Knicks (JACKAL),Oklahoma City Thunder (CALAMITY),,,,12/08/2026 22:11:00,97,moneyline_1x2,,Oklahoma City Thunder (CALAMITY),1.5,False
2026-08-12T21:24:55.995252+00:00,13673683712,GG League - 4x5 Min de juego,False,Charlotte Hornets,STING,Dallas Mavericks,RADIANT,Charlotte Hornets (STING),Dallas Mavericks (RADIANT),,,,12/08/2026 21:55:00,97,moneyline_1x2,,Charlotte Hornets (STING),2.2,False
2026-08-12T21:24:55.995252+00:00,13673683712,GG League - 4x5 Min de juego,False,Charlotte Hornets,STING,Dallas Mavericks,RADIANT,Charlotte Hornets (STING),Dallas Mavericks (RADIANT),,,,12/08/2026 21:55:00,97,moneyline_1x2,,Dallas Mavericks (RADIANT),1.55,False
2026-08-12T21:24:55.995252+00:00,13673685420,GG League - 4x5 Min de juego,False,Los Angeles Lakers,ADMIRAL,New York Knicks,RADIANT,Los Angeles Lakers (ADMIRAL),New York Knicks (RADIANT),,,,12/08/2026 22:27:00,97,moneyline_1x2,,Los Angeles Lakers (ADMIRAL),2.4,False
2026-08-12T21:24:55.995252+00:00,13673685420,GG League - 4x5 Min de juego,False,Los Angeles Lakers,ADMIRAL,New York Knicks,RADIANT,Los Angeles Lakers (ADMIRAL),New York Knicks (RADIANT),,,,12/08/2026 22:27:00,97,moneyline_1x2,,New York Knicks (RADIANT),1.45,False
2026-08-12T21:24:55.995252+00:00,13673685754,GG League - 4x5 Min de juego,False,Los Angeles Lakers,CURSE,Boston Celtics,HUNCHO,Los Angeles Lakers (CURSE),Boston Celtics (HUNCHO),,,,12/08/2026 21:39:00,97,moneyline_1x2,,Los Angeles Lakers (CURSE),2.35,False
2026-08-12T21:24:55.995252+00:00,13673685754,GG League - 4x5 Min de juego,False,Los Angeles Lakers,CURSE,Boston Celtics,HUNCHO,Los Angeles Lakers (CURSE),Boston Celtics (HUNCHO),,,,12/08/2026 21:39:00,97,moneyline_1x2,,Boston Celtics (HUNCHO),1.5,False
2026-08-12T21:24:55.995252+00:00,13673685422,GG League - 4x5 Min de juego,False,Los Angeles Lakers,CURSE,Oklahoma City Thunder,CALAMITY,Los Angeles Lakers (CURSE),Oklahoma City Thunder (CALAMITY),,,,12/08/2026 22:43:00,97,moneyline_1x2,,Los Angeles Lakers (CURSE),1.55,False
2026-08-12T21:24:55.995252+00:00,13673685422,GG League - 4x5 Min de juego,False,Los Angeles Lakers,CURSE,Oklahoma City Thunder,CALAMITY,Los Angeles Lakers (CURSE),Oklahoma City Thunder (CALAMITY),,,,12/08/2026 22:43:00,97,moneyline_1x2,,Oklahoma City Thunder (CALAMITY),2.2,False
2026-08-12T21:26:50.818530+00:00,13673685760,GG League - 4x5 Min de juego,False,Dallas Mavericks,JUGGERNAUT,Orlando Magic,NIGHTHAWK,Dallas Mavericks (JUGGERNAUT),Orlando Magic (NIGHTHAWK),,,,12/08/2026 21:51:00,97,moneyline_1x2,,Dallas Mavericks (JUGGERNAUT),2.4,False
2026-08-12T21:26:50.818530+00:00,13673685760,GG League - 4x5 Min de juego,False,Dallas Mavericks,JUGGERNAUT,Orlando Magic,NIGHTHAWK,Dallas Mavericks (JUGGERNAUT),Orlando Magic (NIGHTHAWK),,,,12/08/2026 21:51:00,97,moneyline_1x2,,Orlando Magic (NIGHTHAWK),1.45,False
2026-08-12T21:26:50.818530+00:00,13673685773,GG League - 4x5 Min de juego,False,Memphis Grizzlies,PHARAOH,Milwaukee Bucks,PATIENCE,Memphis Grizzlies (PHARAOH),Milwaukee Bucks (PATIENCE),,,,12/08/2026 21:59:00,97,moneyline_1x2,,Memphis Grizzlies (PHARAOH),2.3,False
2026-08-12T21:26:50.818530+00:00,13673685773,GG League - 4x5 Min de juego,False,Memphis Grizzlies,PHARAOH,Milwaukee Bucks,PATIENCE,Memphis Grizzlies (PHARAOH),Milwaukee Bucks (PATIENCE),,,,12/08/2026 21:59:00,97,moneyline_1x2,,Milwaukee Bucks (PATIENCE),1.5,False
2026-08-12T21:26:50.818530+00:00,13673685173,GG League - 4x5 Min de juego,True,Los Angeles Lakers,CURSE,New York Knicks,JACKAL,Los Angeles Lakers (CURSE),New York Knicks (JACKAL),3º Cuarto,38,38,12/08/2026 21:07:00,97,moneyline_1x2,,Los Angeles Lakers (CURSE),1.85,False
2026-08-12T21:26:50.818530+00:00,13673685173,GG League - 4x5 Min de juego,True,Los Angeles Lakers,CURSE,New York Knicks,JACKAL,Los Angeles Lakers (CURSE),New York Knicks (JACKAL),3º Cuarto,38,38,12/08/2026 21:07:00,97,moneyline_1x2,,New York Knicks (JACKAL),1.8,False
2026-08-12T21:26:50.818530+00:00,13673683632,GG League - 4x5 Min de juego,True,Chicago Bulls,OREZ,Brooklyn Nets,MARINE,Chicago Bulls (OREZ),Brooklyn Nets (MARINE),3º Cuarto,29,31,12/08/2026 21:11:00,97,moneyline_1x2,,Chicago Bulls (OREZ),2.7,False
2026-08-12T21:26:50.818530+00:00,13673683632,GG League - 4x5 Min de juego,True,Chicago Bulls,OREZ,Brooklyn Nets,MARINE,Chicago Bulls (OREZ),Brooklyn Nets (MARINE),3º Cuarto,29,31,12/08/2026 21:11:00,97,moneyline_1x2,,Brooklyn Nets (MARINE),1.37,False
2026-08-12T21:26:50.818530+00:00,13673683915,GG League - 4x5 Min de juego,False,Cleveland Cavaliers,DAGGER,Milwaukee Bucks,GENERAL,Cleveland Cavaliers (DAGGER),Milwaukee Bucks (GENERAL),,,,12/08/2026 22:23:00,97,moneyline_1x2,,Cleveland Cavaliers (DAGGER),1.5,False
2026-08-12T21:26:50.818530+00:00,13673683915,GG League - 4x5 Min de juego,False,Cleveland Cavaliers,DAGGER,Milwaukee Bucks,GENERAL,Cleveland Cavaliers (DAGGER),Milwaukee Bucks (GENERAL),,,,12/08/2026 22:23:00,97,moneyline_1x2,,Milwaukee Bucks (GENERAL),2.3,False
2026-08-12T21:26:50.818530+00:00,13673685774,GG League - 4x5 Min de juego,False,Brooklyn Nets,MARINE,Miami Heat,UNDERRATED,Brooklyn Nets (MARINE),Miami Heat (UNDERRATED),,,,12/08/2026 22:15:00,97,moneyline_1x2,,Brooklyn Nets (MARINE),1.57,False
2026-08-12T21:26:50.818530+00:00,13673685774,GG League - 4x5 Min de juego,False,Brooklyn Nets,MARINE,Miami Heat,UNDERRATED,Brooklyn Nets (MARINE),Miami Heat (UNDERRATED),,,,12/08/2026 22:15:00,97,moneyline_1x2,,Miami Heat (UNDERRATED),2.15,False
2026-08-12T21:26:50.818530+00:00,13673685174,GG League - 4x5 Min de juego,False,Boston Celtics,PHARAOH,Los Angeles Lakers,SIGNAL,Boston Celtics (PHARAOH),Los Angeles Lakers (SIGNAL),,,,12/08/2026 21:27:00,97,moneyline_1x2,,Boston Celtics (PHARAOH),2.3,False
2026-08-12T21:26:50.818530+00:00,13673685174,GG League - 4x5 Min de juego,False,Boston Celtics,PHARAOH,Los Angeles Lakers,SIGNAL,Boston Celtics (PHARAOH),Los Angeles Lakers (SIGNAL),,,,12/08/2026 21:27:00,97,moneyline_1x2,,Los Angeles Lakers (SIGNAL),1.5,False
2026-08-12T21:26:50.818530+00:00,13673685424,GG League - 4x5 Min de juego,False,Los Angeles Lakers,AIRFORCE,Oklahoma City Thunder,CYPHER,Los Angeles Lakers (AIRFORCE),Oklahoma City Thunder (CYPHER),,,,12/08/2026 22:51:00,97,moneyline_1x2,,Los Angeles Lakers (AIRFORCE),1.5,False
2026-08-12T21:26:50.818530+00:00,13673685424,GG League - 4x5 Min de juego,False,Los Angeles Lakers,AIRFORCE,Oklahoma City Thunder,CYPHER,Los Angeles Lakers (AIRFORCE),Oklahoma City Thunder (CYPHER),,,,12/08/2026 22:51:00,97,moneyline_1x2,,Oklahoma City Thunder (CYPHER),2.3,False
2026-08-12T21:26:50.818530+00:00,13673685378,GG League - 4x5 Min de juego,False,Chicago Bulls,OREZ,Toronto Raptors,SPARKZ,Chicago Bulls (OREZ),Toronto Raptors (SPARKZ),,,,12/08/2026 21:43:00,97,moneyline_1x2,,Chicago Bulls (OREZ),2.3,False
2026-08-12T21:26:50.818530+00:00,13673685378,GG League - 4x5 Min de juego,False,Chicago Bulls,OREZ,Toronto Raptors,SPARKZ,Chicago Bulls (OREZ),Toronto Raptors (SPARKZ),,,,12/08/2026 21:43:00,97,moneyline_1x2,,Toronto Raptors (SPARKZ),1.5,False
2026-08-12T21:26:50.818530+00:00,13673685775,GG League - 4x5 Min de juego,False,Miami Heat,MYTH,Toronto Raptors,CYPHER,Miami Heat (MYTH),Toronto Raptors (CYPHER),,,,12/08/2026 22:19:00,97,moneyline_1x2,,Miami Heat (MYTH),2.3,False
2026-08-12T21:26:50.818530+00:00,13673685775,GG League - 4x5 Min de juego,False,Miami Heat,MYTH,Toronto Raptors,CYPHER,Miami Heat (MYTH),Toronto Raptors (CYPHER),,,,12/08/2026 22:19:00,97,moneyline_1x2,,Toronto Raptors (CYPHER),1.5,False
2026-08-12T21:26:50.818530+00:00,13673684118,GG League - 4x5 Min de juego,False,Chicago Bulls,OREZ,Miami Heat,UNDERRATED,Chicago Bulls (OREZ),Miami Heat (UNDERRATED),,,,12/08/2026 22:47:00,97,moneyline_1x2,,Chicago Bulls (OREZ),2.15,False
2026-08-12T21:26:50.818530+00:00,13673684118,GG League - 4x5 Min de juego,False,Chicago Bulls,OREZ,Miami Heat,UNDERRATED,Chicago Bulls (OREZ),Miami Heat (UNDERRATED),,,,12/08/2026 22:47:00,97,moneyline_1x2,,Miami Heat (UNDERRATED),1.57,False
2026-08-12T21:26:50.818530+00:00,13673683710,GG League - 4x5 Min de juego,True,Oklahoma City Thunder,STING,Los Angeles Lakers,ADMIRAL,Oklahoma City Thunder (STING),Los Angeles Lakers (ADMIRAL),1º cuarto,0,0,12/08/2026 21:23:00,97,moneyline_1x2,,Oklahoma City Thunder (STING),1.5,False
2026-08-12T21:26:50.818530+00:00,13673683710,GG League - 4x5 Min de juego,True,Oklahoma City Thunder,STING,Los Angeles Lakers,ADMIRAL,Oklahoma City Thunder (STING),Los Angeles Lakers (ADMIRAL),1º cuarto,0,0,12/08/2026 21:23:00,97,moneyline_1x2,,Los Angeles Lakers (ADMIRAL),2.35,False
2026-08-12T21:26:50.818530+00:00,13673685777,GG League - 4x5 Min de juego,False,Los Angeles Lakers,SIGNAL,Oklahoma City Thunder,AZURE,Los Angeles Lakers (SIGNAL),Oklahoma City Thunder (AZURE),,,,12/08/2026 22:31:00,97,moneyline_1x2,,Los Angeles Lakers (SIGNAL),1.62,False
2026-08-12T21:26:50.818530+00:00,13673685777,GG League - 4x5 Min de juego,False,Los Angeles Lakers,SIGNAL,Oklahoma City Thunder,AZURE,Los Angeles Lakers (SIGNAL),Oklahoma City Thunder (AZURE),,,,12/08/2026 22:31:00,97,moneyline_1x2,,Oklahoma City Thunder (AZURE),2.05,False
2026-08-12T21:26:50.818530+00:00,13673685379,GG League - 4x5 Min de juego,False,New York Knicks,JACKAL,Oklahoma City Thunder,CALAMITY,New York Knicks (JACKAL),Oklahoma City Thunder (CALAMITY),,,,12/08/2026 22:11:00,97,moneyline_1x2,,New York Knicks (JACKAL),2.3,False
2026-08-12T21:26:50.818530+00:00,13673685379,GG League - 4x5 Min de juego,False,New York Knicks,JACKAL,Oklahoma City Thunder,CALAMITY,New York Knicks (JACKAL),Oklahoma City Thunder (CALAMITY),,,,12/08/2026 22:11:00,97,moneyline_1x2,,Oklahoma City Thunder (CALAMITY),1.5,False
2026-08-12T21:26:50.818530+00:00,13673683712,GG League - 4x5 Min de juego,False,Charlotte Hornets,STING,Dallas Mavericks,RADIANT,Charlotte Hornets (STING),Dallas Mavericks (RADIANT),,,,12/08/2026 21:55:00,97,moneyline_1x2,,Charlotte Hornets (STING),2.2,False
2026-08-12T21:26:50.818530+00:00,13673683712,GG League - 4x5 Min de juego,False,Charlotte Hornets,STING,Dallas Mavericks,RADIANT,Charlotte Hornets (STING),Dallas Mavericks (RADIANT),,,,12/08/2026 21:55:00,97,moneyline_1x2,,Dallas Mavericks (RADIANT),1.55,False
2026-08-12T21:26:50.818530+00:00,13673685420,GG League - 4x5 Min de juego,False,Los Angeles Lakers,ADMIRAL,New York Knicks,RADIANT,Los Angeles Lakers (ADMIRAL),New York Knicks (RADIANT),,,,12/08/2026 22:27:00,97,moneyline_1x2,,Los Angeles Lakers (ADMIRAL),2.4,False
2026-08-12T21:26:50.818530+00:00,13673685420,GG League - 4x5 Min de juego,False,Los Angeles Lakers,ADMIRAL,New York Knicks,RADIANT,Los Angeles Lakers (ADMIRAL),New York Knicks (RADIANT),,,,12/08/2026 22:27:00,97,moneyline_1x2,,New York Knicks (RADIANT),1.45,False
2026-08-12T21:26:50.818530+00:00,13673685754,GG League - 4x5 Min de juego,False,Los Angeles Lakers,CURSE,Boston Celtics,HUNCHO,Los Angeles Lakers (CURSE),Boston Celtics (HUNCHO),,,,12/08/2026 21:39:00,97,moneyline_1x2,,Los Angeles Lakers (CURSE),2.35,False
2026-08-12T21:26:50.818530+00:00,13673685754,GG League - 4x5 Min de juego,False,Los Angeles Lakers,CURSE,Boston Celtics,HUNCHO,Los Angeles Lakers (CURSE),Boston Celtics (HUNCHO),,,,12/08/2026 21:39:00,97,moneyline_1x2,,Boston Celtics (HUNCHO),1.5,False
2026-08-12T21:26:50.818530+00:00,13673685422,GG League - 4x5 Min de juego,False,Los Angeles Lakers,CURSE,Oklahoma City Thunder,CALAMITY,Los Angeles Lakers (CURSE),Oklahoma City Thunder (CALAMITY),,,,12/08/2026 22:43:00,97,moneyline_1x2,,Los Angeles Lakers (CURSE),1.55,False
2026-08-12T21:26:50.818530+00:00,13673685422,GG League - 4x5 Min de juego,False,Los Angeles Lakers,CURSE,Oklahoma City Thunder,CALAMITY,Los Angeles Lakers (CURSE),Oklahoma City Thunder (CALAMITY),,,,12/08/2026 22:43:00,97,moneyline_1x2,,Oklahoma City Thunder (CALAMITY),2.2,False
2026-08-12T21:28:51.644462+00:00,13673685760,GG League - 4x5 Min de juego,False,Dallas Mavericks,JUGGERNAUT,Orlando Magic,NIGHTHAWK,Dallas Mavericks (JUGGERNAUT),Orlando Magic (NIGHTHAWK),,,,12/08/2026 21:51:00,97,moneyline_1x2,,Dallas Mavericks (JUGGERNAUT),2.4,False
2026-08-12T21:28:51.644462+00:00,13673685760,GG League - 4x5 Min de juego,False,Dallas Mavericks,JUGGERNAUT,Orlando Magic,NIGHTHAWK,Dallas Mavericks (JUGGERNAUT),Orlando Magic (NIGHTHAWK),,,,12/08/2026 21:51:00,97,moneyline_1x2,,Orlando Magic (NIGHTHAWK),1.45,False
2026-08-12T21:28:51.644462+00:00,13673685773,GG League - 4x5 Min de juego,False,Memphis Grizzlies,PHARAOH,Milwaukee Bucks,PATIENCE,Memphis Grizzlies (PHARAOH),Milwaukee Bucks (PATIENCE),,,,12/08/2026 21:59:00,97,moneyline_1x2,,Memphis Grizzlies (PHARAOH),2.3,False
2026-08-12T21:28:51.644462+00:00,13673685773,GG League - 4x5 Min de juego,False,Memphis Grizzlies,PHARAOH,Milwaukee Bucks,PATIENCE,Memphis Grizzlies (PHARAOH),Milwaukee Bucks (PATIENCE),,,,12/08/2026 21:59:00,97,moneyline_1x2,,Milwaukee Bucks (PATIENCE),1.5,False
2026-08-12T21:28:51.644462+00:00,13673685173,GG League - 4x5 Min de juego,True,Los Angeles Lakers,CURSE,New York Knicks,JACKAL,Los Angeles Lakers (CURSE),New York Knicks (JACKAL),4º cuarto,38,44,12/08/2026 21:07:00,97,moneyline_1x2,,Los Angeles Lakers (CURSE),6.5,False
2026-08-12T21:28:51.644462+00:00,13673685173,GG League - 4x5 Min de juego,True,Los Angeles Lakers,CURSE,New York Knicks,JACKAL,Los Angeles Lakers (CURSE),New York Knicks (JACKAL),4º cuarto,38,44,12/08/2026 21:07:00,97,moneyline_1x2,,New York Knicks (JACKAL),1.06,False
2026-08-12T21:28:51.644462+00:00,13673683632,GG League - 4x5 Min de juego,True,Chicago Bulls,OREZ,Brooklyn Nets,MARINE,Chicago Bulls (OREZ),Brooklyn Nets (MARINE),3º Cuarto,32,34,12/08/2026 21:11:00,97,moneyline_1x2,,Chicago Bulls (OREZ),2.7,False
2026-08-12T21:28:51.644462+00:00,13673683632,GG League - 4x5 Min de juego,True,Chicago Bulls,OREZ,Brooklyn Nets,MARINE,Chicago Bulls (OREZ),Brooklyn Nets (MARINE),3º Cuarto,32,34,12/08/2026 21:11:00,97,moneyline_1x2,,Brooklyn Nets (MARINE),1.37,False
2026-08-12T21:28:51.644462+00:00,13673683915,GG League - 4x5 Min de juego,False,Cleveland Cavaliers,DAGGER,Milwaukee Bucks,GENERAL,Cleveland Cavaliers (DAGGER),Milwaukee Bucks (GENERAL),,,,12/08/2026 22:23:00,97,moneyline_1x2,,Cleveland Cavaliers (DAGGER),1.5,False
2026-08-12T21:28:51.644462+00:00,13673683915,GG League - 4x5 Min de juego,False,Cleveland Cavaliers,DAGGER,Milwaukee Bucks,GENERAL,Cleveland Cavaliers (DAGGER),Milwaukee Bucks (GENERAL),,,,12/08/2026 22:23:00,97,moneyline_1x2,,Milwaukee Bucks (GENERAL),2.3,False
2026-08-12T21:28:51.644462+00:00,13673685774,GG League - 4x5 Min de juego,False,Brooklyn Nets,MARINE,Miami Heat,UNDERRATED,Brooklyn Nets (MARINE),Miami Heat (UNDERRATED),,,,12/08/2026 22:15:00,97,moneyline_1x2,,Brooklyn Nets (MARINE),1.57,False
2026-08-12T21:28:51.644462+00:00,13673685774,GG League - 4x5 Min de juego,False,Brooklyn Nets,MARINE,Miami Heat,UNDERRATED,Brooklyn Nets (MARINE),Miami Heat (UNDERRATED),,,,12/08/2026 22:15:00,97,moneyline_1x2,,Miami Heat (UNDERRATED),2.15,False
2026-08-12T21:28:51.644462+00:00,13673685174,GG League - 4x5 Min de juego,True,Boston Celtics,PHARAOH,Los Angeles Lakers,SIGNAL,Boston Celtics (PHARAOH),Los Angeles Lakers (SIGNAL),1º cuarto,2,5,12/08/2026 21:27:00,97,moneyline_1x2,,Boston Celtics (PHARAOH),2.95,False
2026-08-12T21:28:51.644462+00:00,13673685174,GG League - 4x5 Min de juego,True,Boston Celtics,PHARAOH,Los Angeles Lakers,SIGNAL,Boston Celtics (PHARAOH),Los Angeles Lakers (SIGNAL),1º cuarto,2,5,12/08/2026 21:27:00,97,moneyline_1x2,,Los Angeles Lakers (SIGNAL),1.3,False
2026-08-12T21:28:51.644462+00:00,13673685424,GG League - 4x5 Min de juego,False,Los Angeles Lakers,AIRFORCE,Oklahoma City Thunder,CYPHER,Los Angeles Lakers (AIRFORCE),Oklahoma City Thunder (CYPHER),,,,12/08/2026 22:51:00,97,moneyline_1x2,,Los Angeles Lakers (AIRFORCE),1.5,False
2026-08-12T21:28:51.644462+00:00,13673685424,GG League - 4x5 Min de juego,False,Los Angeles Lakers,AIRFORCE,Oklahoma City Thunder,CYPHER,Los Angeles Lakers (AIRFORCE),Oklahoma City Thunder (CYPHER),,,,12/08/2026 22:51:00,97,moneyline_1x2,,Oklahoma City Thunder (CYPHER),2.3,False
2026-08-12T21:28:51.644462+00:00,13673685378,GG League - 4x5 Min de juego,False,Chicago Bulls,OREZ,Toronto Raptors,SPARKZ,Chicago Bulls (OREZ),Toronto Raptors (SPARKZ),,,,12/08/2026 21:43:00,97,moneyline_1x2,,Chicago Bulls (OREZ),2.3,False
2026-08-12T21:28:51.644462+00:00,13673685378,GG League - 4x5 Min de juego,False,Chicago Bulls,OREZ,Toronto Raptors,SPARKZ,Chicago Bulls (OREZ),Toronto Raptors (SPARKZ),,,,12/08/2026 21:43:00,97,moneyline_1x2,,Toronto Raptors (SPARKZ),1.5,False
2026-08-12T21:28:51.644462+00:00,13673685775,GG League - 4x5 Min de juego,False,Miami Heat,MYTH,Toronto Raptors,CYPHER,Miami Heat (MYTH),Toronto Raptors (CYPHER),,,,12/08/2026 22:19:00,97,moneyline_1x2,,Miami Heat (MYTH),2.3,False
2026-08-12T21:28:51.644462+00:00,13673685775,GG League - 4x5 Min de juego,False,Miami Heat,MYTH,Toronto Raptors,CYPHER,Miami Heat (MYTH),Toronto Raptors (CYPHER),,,,12/08/2026 22:19:00,97,moneyline_1x2,,Toronto Raptors (CYPHER),1.5,False
2026-08-12T21:28:51.644462+00:00,13673684118,GG League - 4x5 Min de juego,False,Chicago Bulls,OREZ,Miami Heat,UNDERRATED,Chicago Bulls (OREZ),Miami Heat (UNDERRATED),,,,12/08/2026 22:47:00,97,moneyline_1x2,,Chicago Bulls (OREZ),2.15,False
2026-08-12T21:28:51.644462+00:00,13673684118,GG League - 4x5 Min de juego,False,Chicago Bulls,OREZ,Miami Heat,UNDERRATED,Chicago Bulls (OREZ),Miami Heat (UNDERRATED),,,,12/08/2026 22:47:00,97,moneyline_1x2,,Miami Heat (UNDERRATED),1.57,False
2026-08-12T21:28:51.644462+00:00,13673683710,GG League - 4x5 Min de juego,True,Oklahoma City Thunder,STING,Los Angeles Lakers,ADMIRAL,Oklahoma City Thunder (STING),Los Angeles Lakers (ADMIRAL),1º cuarto,4,5,12/08/2026 21:23:00,97,moneyline_1x2,,Oklahoma City Thunder (STING),1.57,False
2026-08-12T21:28:51.644462+00:00,13673683710,GG League - 4x5 Min de juego,True,Oklahoma City Thunder,STING,Los Angeles Lakers,ADMIRAL,Oklahoma City Thunder (STING),Los Angeles Lakers (ADMIRAL),1º cuarto,4,5,12/08/2026 21:23:00,97,moneyline_1x2,,Los Angeles Lakers (ADMIRAL),2.15,False
2026-08-12T21:28:51.644462+00:00,13673685777,GG League - 4x5 Min de juego,False,Los Angeles Lakers,SIGNAL,Oklahoma City Thunder,AZURE,Los Angeles Lakers (SIGNAL),Oklahoma City Thunder (AZURE),,,,12/08/2026 22:31:00,97,moneyline_1x2,,Los Angeles Lakers (SIGNAL),1.62,False
2026-08-12T21:28:51.644462+00:00,13673685777,GG League - 4x5 Min de juego,False,Los Angeles Lakers,SIGNAL,Oklahoma City Thunder,AZURE,Los Angeles Lakers (SIGNAL),Oklahoma City Thunder (AZURE),,,,12/08/2026 22:31:00,97,moneyline_1x2,,Oklahoma City Thunder (AZURE),2.05,False
2026-08-12T21:28:51.644462+00:00,13673685379,GG League - 4x5 Min de juego,False,New York Knicks,JACKAL,Oklahoma City Thunder,CALAMITY,New York Knicks (JACKAL),Oklahoma City Thunder (CALAMITY),,,,12/08/2026 22:11:00,97,moneyline_1x2,,New York Knicks (JACKAL),2.3,False
2026-08-12T21:28:51.644462+00:00,13673685379,GG League - 4x5 Min de juego,False,New York Knicks,JACKAL,Oklahoma City Thunder,CALAMITY,New York Knicks (JACKAL),Oklahoma City Thunder (CALAMITY),,,,12/08/2026 22:11:00,97,moneyline_1x2,,Oklahoma City Thunder (CALAMITY),1.5,False
2026-08-12T21:28:51.644462+00:00,13673683712,GG League - 4x5 Min de juego,False,Charlotte Hornets,STING,Dallas Mavericks,RADIANT,Charlotte Hornets (STING),Dallas Mavericks (RADIANT),,,,12/08/2026 21:55:00,97,moneyline_1x2,,Charlotte Hornets (STING),2.2,False
2026-08-12T21:28:51.644462+00:00,13673683712,GG League - 4x5 Min de juego,False,Charlotte Hornets,STING,Dallas Mavericks,RADIANT,Charlotte Hornets (STING),Dallas Mavericks (RADIANT),,,,12/08/2026 21:55:00,97,moneyline_1x2,,Dallas Mavericks (RADIANT),1.55,False
2026-08-12T21:28:51.644462+00:00,13673685420,GG League - 4x5 Min de juego,False,Los Angeles Lakers,ADMIRAL,New York Knicks,RADIANT,Los Angeles Lakers (ADMIRAL),New York Knicks (RADIANT),,,,12/08/2026 22:27:00,97,moneyline_1x2,,Los Angeles Lakers (ADMIRAL),2.4,False
2026-08-12T21:28:51.644462+00:00,13673685420,GG League - 4x5 Min de juego,False,Los Angeles Lakers,ADMIRAL,New York Knicks,RADIANT,Los Angeles Lakers (ADMIRAL),New York Knicks (RADIANT),,,,12/08/2026 22:27:00,97,moneyline_1x2,,New York Knicks (RADIANT),1.45,False
2026-08-12T21:28:51.644462+00:00,13673685754,GG League - 4x5 Min de juego,False,Los Angeles Lakers,CURSE,Boston Celtics,HUNCHO,Los Angeles Lakers (CURSE),Boston Celtics (HUNCHO),,,,12/08/2026 21:39:00,97,moneyline_1x2,,Los Angeles Lakers (CURSE),2.35,False
2026-08-12T21:28:51.644462+00:00,13673685754,GG League - 4x5 Min de juego,False,Los Angeles Lakers,CURSE,Boston Celtics,HUNCHO,Los Angeles Lakers (CURSE),Boston Celtics (HUNCHO),,,,12/08/2026 21:39:00,97,moneyline_1x2,,Boston Celtics (HUNCHO),1.5,False
2026-08-12T21:28:51.644462+00:00,13673685422,GG League - 4x5 Min de juego,False,Los Angeles Lakers,CURSE,Oklahoma City Thunder,CALAMITY,Los Angeles Lakers (CURSE),Oklahoma City Thunder (CALAMITY),,,,12/08/2026 22:43:00,97,moneyline_1x2,,Los Angeles Lakers (CURSE),1.55,False
2026-08-12T21:28:51.644462+00:00,13673685422,GG League - 4x5 Min de juego,False,Los Angeles Lakers,CURSE,Oklahoma City Thunder,CALAMITY,Los Angeles Lakers (CURSE),Oklahoma City Thunder (CALAMITY),,,,12/08/2026 22:43:00,97,moneyline_1x2,,Oklahoma City Thunder (CALAMITY),2.2,False
2026-08-12T21:31:20.401009+00:00,13673685760,GG League - 4x5 Min de juego,False,Dallas Mavericks,JUGGERNAUT,Orlando Magic,NIGHTHAWK,Dallas Mavericks (JUGGERNAUT),Orlando Magic (NIGHTHAWK),,,,12/08/2026 21:51:00,97,moneyline_1x2,,Dallas Mavericks (JUGGERNAUT),2.4,False
2026-08-12T21:31:20.401009+00:00,13673685760,GG League - 4x5 Min de juego,False,Dallas Mavericks,JUGGERNAUT,Orlando Magic,NIGHTHAWK,Dallas Mavericks (JUGGERNAUT),Orlando Magic (NIGHTHAWK),,,,12/08/2026 21:51:00,97,moneyline_1x2,,Orlando Magic (NIGHTHAWK),1.45,False
2026-08-12T21:31:20.401009+00:00,13673685773,GG League - 4x5 Min de juego,False,Memphis Grizzlies,PHARAOH,Milwaukee Bucks,PATIENCE,Memphis Grizzlies (PHARAOH),Milwaukee Bucks (PATIENCE),,,,12/08/2026 21:59:00,97,moneyline_1x2,,Memphis Grizzlies (PHARAOH),2.3,False
2026-08-12T21:31:20.401009+00:00,13673685773,GG League - 4x5 Min de juego,False,Memphis Grizzlies,PHARAOH,Milwaukee Bucks,PATIENCE,Memphis Grizzlies (PHARAOH),Milwaukee Bucks (PATIENCE),,,,12/08/2026 21:59:00,97,moneyline_1x2,,Milwaukee Bucks (PATIENCE),1.5,False
2026-08-12T21:31:20.401009+00:00,13673683632,GG League - 4x5 Min de juego,True,Chicago Bulls,OREZ,Brooklyn Nets,MARINE,Chicago Bulls (OREZ),Brooklyn Nets (MARINE),4º cuarto,37,42,12/08/2026 21:11:00,97,moneyline_1x2,,Chicago Bulls (OREZ),5.0,False
2026-08-12T21:31:20.401009+00:00,13673683632,GG League - 4x5 Min de juego,True,Chicago Bulls,OREZ,Brooklyn Nets,MARINE,Chicago Bulls (OREZ),Brooklyn Nets (MARINE),4º cuarto,37,42,12/08/2026 21:11:00,97,moneyline_1x2,,Brooklyn Nets (MARINE),1.11,False
2026-08-12T21:31:20.401009+00:00,13673683915,GG League - 4x5 Min de juego,False,Cleveland Cavaliers,DAGGER,Milwaukee Bucks,GENERAL,Cleveland Cavaliers (DAGGER),Milwaukee Bucks (GENERAL),,,,12/08/2026 22:23:00,97,moneyline_1x2,,Cleveland Cavaliers (DAGGER),1.5,False
2026-08-12T21:31:20.401009+00:00,13673683915,GG League - 4x5 Min de juego,False,Cleveland Cavaliers,DAGGER,Milwaukee Bucks,GENERAL,Cleveland Cavaliers (DAGGER),Milwaukee Bucks (GENERAL),,,,12/08/2026 22:23:00,97,moneyline_1x2,,Milwaukee Bucks (GENERAL),2.3,False
2026-08-12T21:31:20.401009+00:00,13673685774,GG League - 4x5 Min de juego,False,Brooklyn Nets,MARINE,Miami Heat,UNDERRATED,Brooklyn Nets (MARINE),Miami Heat (UNDERRATED),,,,12/08/2026 22:15:00,97,moneyline_1x2,,Brooklyn Nets (MARINE),1.57,False
2026-08-12T21:31:20.401009+00:00,13673685774,GG League - 4x5 Min de juego,False,Brooklyn Nets,MARINE,Miami Heat,UNDERRATED,Brooklyn Nets (MARINE),Miami Heat (UNDERRATED),,,,12/08/2026 22:15:00,97,moneyline_1x2,,Miami Heat (UNDERRATED),2.15,False
2026-08-12T21:31:20.401009+00:00,13673685174,GG League - 4x5 Min de juego,True,Boston Celtics,PHARAOH,Los Angeles Lakers,SIGNAL,Boston Celtics (PHARAOH),Los Angeles Lakers (SIGNAL),1º cuarto,11,9,12/08/2026 21:27:00,97,moneyline_1x2,,Boston Celtics (PHARAOH),1.91,False
2026-08-12T21:31:20.401009+00:00,13673685174,GG League - 4x5 Min de juego,True,Boston Celtics,PHARAOH,Los Angeles Lakers,SIGNAL,Boston Celtics (PHARAOH),Los Angeles Lakers (SIGNAL),1º cuarto,11,9,12/08/2026 21:27:00,97,moneyline_1x2,,Los Angeles Lakers (SIGNAL),1.72,False
2026-08-12T21:31:20.401009+00:00,13673685424,GG League - 4x5 Min de juego,False,Los Angeles Lakers,AIRFORCE,Oklahoma City Thunder,CYPHER,Los Angeles Lakers (AIRFORCE),Oklahoma City Thunder (CYPHER),,,,12/08/2026 22:51:00,97,moneyline_1x2,,Los Angeles Lakers (AIRFORCE),1.5,False
2026-08-12T21:31:20.401009+00:00,13673685424,GG League - 4x5 Min de juego,False,Los Angeles Lakers,AIRFORCE,Oklahoma City Thunder,CYPHER,Los Angeles Lakers (AIRFORCE),Oklahoma City Thunder (CYPHER),,,,12/08/2026 22:51:00,97,moneyline_1x2,,Oklahoma City Thunder (CYPHER),2.3,False
2026-08-12T21:31:20.401009+00:00,13673685378,GG League - 4x5 Min de juego,False,Chicago Bulls,OREZ,Toronto Raptors,SPARKZ,Chicago Bulls (OREZ),Toronto Raptors (SPARKZ),,,,12/08/2026 21:43:00,97,moneyline_1x2,,Chicago Bulls (OREZ),2.3,False
2026-08-12T21:31:20.401009+00:00,13673685378,GG League - 4x5 Min de juego,False,Chicago Bulls,OREZ,Toronto Raptors,SPARKZ,Chicago Bulls (OREZ),Toronto Raptors (SPARKZ),,,,12/08/2026 21:43:00,97,moneyline_1x2,,Toronto Raptors (SPARKZ),1.5,False
2026-08-12T21:31:20.401009+00:00,13673685775,GG League - 4x5 Min de juego,False,Miami Heat,MYTH,Toronto Raptors,CYPHER,Miami Heat (MYTH),Toronto Raptors (CYPHER),,,,12/08/2026 22:19:00,97,moneyline_1x2,,Miami Heat (MYTH),2.3,False
2026-08-12T21:31:20.401009+00:00,13673685775,GG League - 4x5 Min de juego,False,Miami Heat,MYTH,Toronto Raptors,CYPHER,Miami Heat (MYTH),Toronto Raptors (CYPHER),,,,12/08/2026 22:19:00,97,moneyline_1x2,,Toronto Raptors (CYPHER),1.5,False
2026-08-12T21:31:20.401009+00:00,13673684118,GG League - 4x5 Min de juego,False,Chicago Bulls,OREZ,Miami Heat,UNDERRATED,Chicago Bulls (OREZ),Miami Heat (UNDERRATED),,,,12/08/2026 22:47:00,97,moneyline_1x2,,Chicago Bulls (OREZ),2.15,False
2026-08-12T21:31:20.401009+00:00,13673684118,GG League - 4x5 Min de juego,False,Chicago Bulls,OREZ,Miami Heat,UNDERRATED,Chicago Bulls (OREZ),Miami Heat (UNDERRATED),,,,12/08/2026 22:47:00,97,moneyline_1x2,,Miami Heat (UNDERRATED),1.57,False
2026-08-12T21:31:20.401009+00:00,13673683710,GG League - 4x5 Min de juego,True,Oklahoma City Thunder,STING,Los Angeles Lakers,ADMIRAL,Oklahoma City Thunder (STING),Los Angeles Lakers (ADMIRAL),1º cuarto,13,5,12/08/2026 21:23:00,97,moneyline_1x2,,Oklahoma City Thunder (STING),1.09,False
2026-08-12T21:31:20.401009+00:00,13673683710,GG League - 4x5 Min de juego,True,Oklahoma City Thunder,STING,Los Angeles Lakers,ADMIRAL,Oklahoma City Thunder (STING),Los Angeles Lakers (ADMIRAL),1º cuarto,13,5,12/08/2026 21:23:00,97,moneyline_1x2,,Los Angeles Lakers (ADMIRAL),5.5,False
2026-08-12T21:31:20.401009+00:00,13673685777,GG League - 4x5 Min de juego,False,Los Angeles Lakers,SIGNAL,Oklahoma City Thunder,AZURE,Los Angeles Lakers (SIGNAL),Oklahoma City Thunder (AZURE),,,,12/08/2026 22:31:00,97,moneyline_1x2,,Los Angeles Lakers (SIGNAL),1.62,False
2026-08-12T21:31:20.401009+00:00,13673685777,GG League - 4x5 Min de juego,False,Los Angeles Lakers,SIGNAL,Oklahoma City Thunder,AZURE,Los Angeles Lakers (SIGNAL),Oklahoma City Thunder (AZURE),,,,12/08/2026 22:31:00,97,moneyline_1x2,,Oklahoma City Thunder (AZURE),2.05,False
2026-08-12T21:31:20.401009+00:00,13673685379,GG League - 4x5 Min de juego,False,New York Knicks,JACKAL,Oklahoma City Thunder,CALAMITY,New York Knicks (JACKAL),Oklahoma City Thunder (CALAMITY),,,,12/08/2026 22:11:00,97,moneyline_1x2,,New York Knicks (JACKAL),2.3,False
2026-08-12T21:31:20.401009+00:00,13673685379,GG League - 4x5 Min de juego,False,New York Knicks,JACKAL,Oklahoma City Thunder,CALAMITY,New York Knicks (JACKAL),Oklahoma City Thunder (CALAMITY),,,,12/08/2026 22:11:00,97,moneyline_1x2,,Oklahoma City Thunder (CALAMITY),1.5,False
2026-08-12T21:31:20.401009+00:00,13673683712,GG League - 4x5 Min de juego,False,Charlotte Hornets,STING,Dallas Mavericks,RADIANT,Charlotte Hornets (STING),Dallas Mavericks (RADIANT),,,,12/08/2026 21:55:00,97,moneyline_1x2,,Charlotte Hornets (STING),2.2,False
2026-08-12T21:31:20.401009+00:00,13673683712,GG League - 4x5 Min de juego,False,Charlotte Hornets,STING,Dallas Mavericks,RADIANT,Charlotte Hornets (STING),Dallas Mavericks (RADIANT),,,,12/08/2026 21:55:00,97,moneyline_1x2,,Dallas Mavericks (RADIANT),1.55,False
2026-08-12T21:31:20.401009+00:00,13673685420,GG League - 4x5 Min de juego,False,Los Angeles Lakers,ADMIRAL,New York Knicks,RADIANT,Los Angeles Lakers (ADMIRAL),New York Knicks (RADIANT),,,,12/08/2026 22:27:00,97,moneyline_1x2,,Los Angeles Lakers (ADMIRAL),2.4,False
2026-08-12T21:31:20.401009+00:00,13673685420,GG League - 4x5 Min de juego,False,Los Angeles Lakers,ADMIRAL,New York Knicks,RADIANT,Los Angeles Lakers (ADMIRAL),New York Knicks (RADIANT),,,,12/08/2026 22:27:00,97,moneyline_1x2,,New York Knicks (RADIANT),1.45,False
2026-08-12T21:31:20.401009+00:00,13673685754,GG League - 4x5 Min de juego,False,Los Angeles Lakers,CURSE,Boston Celtics,HUNCHO,Los Angeles Lakers (CURSE),Boston Celtics (HUNCHO),,,,12/08/2026 21:39:00,97,moneyline_1x2,,Los Angeles Lakers (CURSE),2.35,False
2026-08-12T21:31:20.401009+00:00,13673685754,GG League - 4x5 Min de juego,False,Los Angeles Lakers,CURSE,Boston Celtics,HUNCHO,Los Angeles Lakers (CURSE),Boston Celtics (HUNCHO),,,,12/08/2026 21:39:00,97,moneyline_1x2,,Boston Celtics (HUNCHO),1.5,False
2026-08-12T21:31:20.401009+00:00,13673685422,GG League - 4x5 Min de juego,False,Los Angeles Lakers,CURSE,Oklahoma City Thunder,CALAMITY,Los Angeles Lakers (CURSE),Oklahoma City Thunder (CALAMITY),,,,12/08/2026 22:43:00,97,moneyline_1x2,,Los Angeles Lakers (CURSE),1.55,False
2026-08-12T21:31:20.401009+00:00,13673685422,GG League - 4x5 Min de juego,False,Los Angeles Lakers,CURSE,Oklahoma City Thunder,CALAMITY,Los Angeles Lakers (CURSE),Oklahoma City Thunder (CALAMITY),,,,12/08/2026 22:43:00,97,moneyline_1x2,,Oklahoma City Thunder (CALAMITY),2.2,False
2026-08-12T21:32:53.354151+00:00,13673685760,GG League - 4x5 Min de juego,False,Dallas Mavericks,JUGGERNAUT,Orlando Magic,NIGHTHAWK,Dallas Mavericks (JUGGERNAUT),Orlando Magic (NIGHTHAWK),,,,12/08/2026 21:51:00,97,moneyline_1x2,,Dallas Mavericks (JUGGERNAUT),2.4,False
2026-08-12T21:32:53.354151+00:00,13673685760,GG League - 4x5 Min de juego,False,Dallas Mavericks,JUGGERNAUT,Orlando Magic,NIGHTHAWK,Dallas Mavericks (JUGGERNAUT),Orlando Magic (NIGHTHAWK),,,,12/08/2026 21:51:00,97,moneyline_1x2,,Orlando Magic (NIGHTHAWK),1.45,False
2026-08-12T21:32:53.354151+00:00,13673685773,GG League - 4x5 Min de juego,False,Memphis Grizzlies,PHARAOH,Milwaukee Bucks,PATIENCE,Memphis Grizzlies (PHARAOH),Milwaukee Bucks (PATIENCE),,,,12/08/2026 21:59:00,97,moneyline_1x2,,Memphis Grizzlies (PHARAOH),2.3,False
2026-08-12T21:32:53.354151+00:00,13673685773,GG League - 4x5 Min de juego,False,Memphis Grizzlies,PHARAOH,Milwaukee Bucks,PATIENCE,Memphis Grizzlies (PHARAOH),Milwaukee Bucks (PATIENCE),,,,12/08/2026 21:59:00,97,moneyline_1x2,,Milwaukee Bucks (PATIENCE),1.5,False
2026-08-12T21:32:53.354151+00:00,13673683632,GG League - 4x5 Min de juego,True,Chicago Bulls,OREZ,Brooklyn Nets,MARINE,Chicago Bulls (OREZ),Brooklyn Nets (MARINE),4º cuarto,39,46,12/08/2026 21:11:00,97,moneyline_1x2,,Chicago Bulls (OREZ),8.0,False
2026-08-12T21:32:53.354151+00:00,13673683632,GG League - 4x5 Min de juego,True,Chicago Bulls,OREZ,Brooklyn Nets,MARINE,Chicago Bulls (OREZ),Brooklyn Nets (MARINE),4º cuarto,39,46,12/08/2026 21:11:00,97,moneyline_1x2,,Brooklyn Nets (MARINE),1.03,False
2026-08-12T21:32:53.354151+00:00,13673683915,GG League - 4x5 Min de juego,False,Cleveland Cavaliers,DAGGER,Milwaukee Bucks,GENERAL,Cleveland Cavaliers (DAGGER),Milwaukee Bucks (GENERAL),,,,12/08/2026 22:23:00,97,moneyline_1x2,,Cleveland Cavaliers (DAGGER),1.5,False
2026-08-12T21:32:53.354151+00:00,13673683915,GG League - 4x5 Min de juego,False,Cleveland Cavaliers,DAGGER,Milwaukee Bucks,GENERAL,Cleveland Cavaliers (DAGGER),Milwaukee Bucks (GENERAL),,,,12/08/2026 22:23:00,97,moneyline_1x2,,Milwaukee Bucks (GENERAL),2.3,False
2026-08-12T21:32:53.354151+00:00,13673685774,GG League - 4x5 Min de juego,False,Brooklyn Nets,MARINE,Miami Heat,UNDERRATED,Brooklyn Nets (MARINE),Miami Heat (UNDERRATED),,,,12/08/2026 22:15:00,97,moneyline_1x2,,Brooklyn Nets (MARINE),1.57,False
2026-08-12T21:32:53.354151+00:00,13673685774,GG League - 4x5 Min de juego,False,Brooklyn Nets,MARINE,Miami Heat,UNDERRATED,Brooklyn Nets (MARINE),Miami Heat (UNDERRATED),,,,12/08/2026 22:15:00,97,moneyline_1x2,,Miami Heat (UNDERRATED),2.15,False
2026-08-12T21:32:53.354151+00:00,13673685174,GG League - 4x5 Min de juego,True,Boston Celtics,PHARAOH,Los Angeles Lakers,SIGNAL,Boston Celtics (PHARAOH),Los Angeles Lakers (SIGNAL),1º cuarto,14,11,12/08/2026 21:27:00,97,moneyline_1x2,,Boston Celtics (PHARAOH),1.75,False
2026-08-12T21:32:53.354151+00:00,13673685174,GG League - 4x5 Min de juego,True,Boston Celtics,PHARAOH,Los Angeles Lakers,SIGNAL,Boston Celtics (PHARAOH),Los Angeles Lakers (SIGNAL),1º cuarto,14,11,12/08/2026 21:27:00,97,moneyline_1x2,,Los Angeles Lakers (SIGNAL),1.9,False
2026-08-12T21:32:53.354151+00:00,13673685424,GG League - 4x5 Min de juego,False,Los Angeles Lakers,AIRFORCE,Oklahoma City Thunder,CYPHER,Los Angeles Lakers (AIRFORCE),Oklahoma City Thunder (CYPHER),,,,12/08/2026 22:51:00,97,moneyline_1x2,,Los Angeles Lakers (AIRFORCE),1.5,False
2026-08-12T21:32:53.354151+00:00,13673685424,GG League - 4x5 Min de juego,False,Los Angeles Lakers,AIRFORCE,Oklahoma City Thunder,CYPHER,Los Angeles Lakers (AIRFORCE),Oklahoma City Thunder (CYPHER),,,,12/08/2026 22:51:00,97,moneyline_1x2,,Oklahoma City Thunder (CYPHER),2.3,False
2026-08-12T21:32:53.354151+00:00,13673685378,GG League - 4x5 Min de juego,False,Chicago Bulls,OREZ,Toronto Raptors,SPARKZ,Chicago Bulls (OREZ),Toronto Raptors (SPARKZ),,,,12/08/2026 21:43:00,97,moneyline_1x2,,Chicago Bulls (OREZ),2.3,False
2026-08-12T21:32:53.354151+00:00,13673685378,GG League - 4x5 Min de juego,False,Chicago Bulls,OREZ,Toronto Raptors,SPARKZ,Chicago Bulls (OREZ),Toronto Raptors (SPARKZ),,,,12/08/2026 21:43:00,97,moneyline_1x2,,Toronto Raptors (SPARKZ),1.5,False
2026-08-12T21:32:53.354151+00:00,13673685775,GG League - 4x5 Min de juego,False,Miami Heat,MYTH,Toronto Raptors,CYPHER,Miami Heat (MYTH),Toronto Raptors (CYPHER),,,,12/08/2026 22:19:00,97,moneyline_1x2,,Miami Heat (MYTH),2.3,False
2026-08-12T21:32:53.354151+00:00,13673685775,GG League - 4x5 Min de juego,False,Miami Heat,MYTH,Toronto Raptors,CYPHER,Miami Heat (MYTH),Toronto Raptors (CYPHER),,,,12/08/2026 22:19:00,97,moneyline_1x2,,Toronto Raptors (CYPHER),1.5,False
2026-08-12T21:32:53.354151+00:00,13673684118,GG League - 4x5 Min de juego,False,Chicago Bulls,OREZ,Miami Heat,UNDERRATED,Chicago Bulls (OREZ),Miami Heat (UNDERRATED),,,,12/08/2026 22:47:00,97,moneyline_1x2,,Chicago Bulls (OREZ),2.15,False
2026-08-12T21:32:53.354151+00:00,13673684118,GG League - 4x5 Min de juego,False,Chicago Bulls,OREZ,Miami Heat,UNDERRATED,Chicago Bulls (OREZ),Miami Heat (UNDERRATED),,,,12/08/2026 22:47:00,97,moneyline_1x2,,Miami Heat (UNDERRATED),1.57,False
2026-08-12T21:32:53.354151+00:00,13673683710,GG League - 4x5 Min de juego,True,Oklahoma City Thunder,STING,Los Angeles Lakers,ADMIRAL,Oklahoma City Thunder (STING),Los Angeles Lakers (ADMIRAL),2º cuarto,13,11,12/08/2026 21:23:00,97,moneyline_1x2,,Oklahoma City Thunder (STING),1.35,False
2026-08-12T21:32:53.354151+00:00,13673683710,GG League - 4x5 Min de juego,True,Oklahoma City Thunder,STING,Los Angeles Lakers,ADMIRAL,Oklahoma City Thunder (STING),Los Angeles Lakers (ADMIRAL),2º cuarto,13,11,12/08/2026 21:23:00,97,moneyline_1x2,,Los Angeles Lakers (ADMIRAL),2.8,False
2026-08-12T21:32:53.354151+00:00,13673685777,GG League - 4x5 Min de juego,False,Los Angeles Lakers,SIGNAL,Oklahoma City Thunder,AZURE,Los Angeles Lakers (SIGNAL),Oklahoma City Thunder (AZURE),,,,12/08/2026 22:31:00,97,moneyline_1x2,,Los Angeles Lakers (SIGNAL),1.62,False
2026-08-12T21:32:53.354151+00:00,13673685777,GG League - 4x5 Min de juego,False,Los Angeles Lakers,SIGNAL,Oklahoma City Thunder,AZURE,Los Angeles Lakers (SIGNAL),Oklahoma City Thunder (AZURE),,,,12/08/2026 22:31:00,97,moneyline_1x2,,Oklahoma City Thunder (AZURE),2.05,False
2026-08-12T21:32:53.354151+00:00,13673685379,GG League - 4x5 Min de juego,False,New York Knicks,JACKAL,Oklahoma City Thunder,CALAMITY,New York Knicks (JACKAL),Oklahoma City Thunder (CALAMITY),,,,12/08/2026 22:11:00,97,moneyline_1x2,,New York Knicks (JACKAL),2.3,False
2026-08-12T21:32:53.354151+00:00,13673685379,GG League - 4x5 Min de juego,False,New York Knicks,JACKAL,Oklahoma City Thunder,CALAMITY,New York Knicks (JACKAL),Oklahoma City Thunder (CALAMITY),,,,12/08/2026 22:11:00,97,moneyline_1x2,,Oklahoma City Thunder (CALAMITY),1.5,False
2026-08-12T21:32:53.354151+00:00,13673683712,GG League - 4x5 Min de juego,False,Charlotte Hornets,STING,Dallas Mavericks,RADIANT,Charlotte Hornets (STING),Dallas Mavericks (RADIANT),,,,12/08/2026 21:55:00,97,moneyline_1x2,,Charlotte Hornets (STING),2.2,False
2026-08-12T21:32:53.354151+00:00,13673683712,GG League - 4x5 Min de juego,False,Charlotte Hornets,STING,Dallas Mavericks,RADIANT,Charlotte Hornets (STING),Dallas Mavericks (RADIANT),,,,12/08/2026 21:55:00,97,moneyline_1x2,,Dallas Mavericks (RADIANT),1.55,False
2026-08-12T21:32:53.354151+00:00,13673684119,GG League - 4x5 Min de juego,False,Dallas Mavericks,JUGGERNAUT,Charlotte Hornets,GENERAL,Dallas Mavericks (JUGGERNAUT),Charlotte Hornets (GENERAL),,,,12/08/2026 22:55:00,97,moneyline_1x2,,Dallas Mavericks (JUGGERNAUT),1.55,False
2026-08-12T21:32:53.354151+00:00,13673684119,GG League - 4x5 Min de juego,False,Dallas Mavericks,JUGGERNAUT,Charlotte Hornets,GENERAL,Dallas Mavericks (JUGGERNAUT),Charlotte Hornets (GENERAL),,,,12/08/2026 22:55:00,97,moneyline_1x2,,Charlotte Hornets (GENERAL),2.2,False
2026-08-12T21:32:53.354151+00:00,13673685420,GG League - 4x5 Min de juego,False,Los Angeles Lakers,ADMIRAL,New York Knicks,RADIANT,Los Angeles Lakers (ADMIRAL),New York Knicks (RADIANT),,,,12/08/2026 22:27:00,97,moneyline_1x2,,Los Angeles Lakers (ADMIRAL),2.4,False
2026-08-12T21:32:53.354151+00:00,13673685420,GG League - 4x5 Min de juego,False,Los Angeles Lakers,ADMIRAL,New York Knicks,RADIANT,Los Angeles Lakers (ADMIRAL),New York Knicks (RADIANT),,,,12/08/2026 22:27:00,97,moneyline_1x2,,New York Knicks (RADIANT),1.45,False
2026-08-12T21:32:53.354151+00:00,13673685754,GG League - 4x5 Min de juego,False,Los Angeles Lakers,CURSE,Boston Celtics,HUNCHO,Los Angeles Lakers (CURSE),Boston Celtics (HUNCHO),,,,12/08/2026 21:39:00,97,moneyline_1x2,,Los Angeles Lakers (CURSE),2.35,False
2026-08-12T21:32:53.354151+00:00,13673685754,GG League - 4x5 Min de juego,False,Los Angeles Lakers,CURSE,Boston Celtics,HUNCHO,Los Angeles Lakers (CURSE),Boston Celtics (HUNCHO),,,,12/08/2026 21:39:00,97,moneyline_1x2,,Boston Celtics (HUNCHO),1.5,False
2026-08-12T21:32:53.354151+00:00,13673685422,GG League - 4x5 Min de juego,False,Los Angeles Lakers,CURSE,Oklahoma City Thunder,CALAMITY,Los Angeles Lakers (CURSE),Oklahoma City Thunder (CALAMITY),,,,12/08/2026 22:43:00,97,moneyline_1x2,,Los Angeles Lakers (CURSE),1.55,False
2026-08-12T21:32:53.354151+00:00,13673685422,GG League - 4x5 Min de juego,False,Los Angeles Lakers,CURSE,Oklahoma City Thunder,CALAMITY,Los Angeles Lakers (CURSE),Oklahoma City Thunder (CALAMITY),,,,12/08/2026 22:43:00,97,moneyline_1x2,,Oklahoma City Thunder (CALAMITY),2.2,False
2026-08-12T21:34:51.816397+00:00,13673685760,GG League - 4x5 Min de juego,False,Dallas Mavericks,JUGGERNAUT,Orlando Magic,NIGHTHAWK,Dallas Mavericks (JUGGERNAUT),Orlando Magic (NIGHTHAWK),,,,12/08/2026 21:51:00,97,moneyline_1x2,,Dallas Mavericks (JUGGERNAUT),2.4,False
2026-08-12T21:34:51.816397+00:00,13673685760,GG League - 4x5 Min de juego,False,Dallas Mavericks,JUGGERNAUT,Orlando Magic,NIGHTHAWK,Dallas Mavericks (JUGGERNAUT),Orlando Magic (NIGHTHAWK),,,,12/08/2026 21:51:00,97,moneyline_1x2,,Orlando Magic (NIGHTHAWK),1.45,False
2026-08-12T21:34:51.816397+00:00,13673685773,GG League - 4x5 Min de juego,False,Memphis Grizzlies,PHARAOH,Milwaukee Bucks,PATIENCE,Memphis Grizzlies (PHARAOH),Milwaukee Bucks (PATIENCE),,,,12/08/2026 21:59:00,97,moneyline_1x2,,Memphis Grizzlies (PHARAOH),2.3,False
2026-08-12T21:34:51.816397+00:00,13673685773,GG League - 4x5 Min de juego,False,Memphis Grizzlies,PHARAOH,Milwaukee Bucks,PATIENCE,Memphis Grizzlies (PHARAOH),Milwaukee Bucks (PATIENCE),,,,12/08/2026 21:59:00,97,moneyline_1x2,,Milwaukee Bucks (PATIENCE),1.5,False
2026-08-12T21:34:51.816397+00:00,13673683915,GG League - 4x5 Min de juego,False,Cleveland Cavaliers,DAGGER,Milwaukee Bucks,GENERAL,Cleveland Cavaliers (DAGGER),Milwaukee Bucks (GENERAL),,,,12/08/2026 22:23:00,97,moneyline_1x2,,Cleveland Cavaliers (DAGGER),1.5,False
2026-08-12T21:34:51.816397+00:00,13673683915,GG League - 4x5 Min de juego,False,Cleveland Cavaliers,DAGGER,Milwaukee Bucks,GENERAL,Cleveland Cavaliers (DAGGER),Milwaukee Bucks (GENERAL),,,,12/08/2026 22:23:00,97,moneyline_1x2,,Milwaukee Bucks (GENERAL),2.3,False
2026-08-12T21:34:51.816397+00:00,13673685774,GG League - 4x5 Min de juego,False,Brooklyn Nets,MARINE,Miami Heat,UNDERRATED,Brooklyn Nets (MARINE),Miami Heat (UNDERRATED),,,,12/08/2026 22:15:00,97,moneyline_1x2,,Brooklyn Nets (MARINE),1.57,False
2026-08-12T21:34:51.816397+00:00,13673685774,GG League - 4x5 Min de juego,False,Brooklyn Nets,MARINE,Miami Heat,UNDERRATED,Brooklyn Nets (MARINE),Miami Heat (UNDERRATED),,,,12/08/2026 22:15:00,97,moneyline_1x2,,Miami Heat (UNDERRATED),2.15,False
2026-08-12T21:34:51.816397+00:00,13673685174,GG League - 4x5 Min de juego,True,Boston Celtics,PHARAOH,Los Angeles Lakers,SIGNAL,Boston Celtics (PHARAOH),Los Angeles Lakers (SIGNAL),2º cuarto,16,13,12/08/2026 21:27:00,97,moneyline_1x2,,Boston Celtics (PHARAOH),1.67,False
2026-08-12T21:34:51.816397+00:00,13673685174,GG League - 4x5 Min de juego,True,Boston Celtics,PHARAOH,Los Angeles Lakers,SIGNAL,Boston Celtics (PHARAOH),Los Angeles Lakers (SIGNAL),2º cuarto,16,13,12/08/2026 21:27:00,97,moneyline_1x2,,Los Angeles Lakers (SIGNAL),2.0,False
2026-08-12T21:34:51.816397+00:00,13673685424,GG League - 4x5 Min de juego,False,Los Angeles Lakers,AIRFORCE,Oklahoma City Thunder,CYPHER,Los Angeles Lakers (AIRFORCE),Oklahoma City Thunder (CYPHER),,,,12/08/2026 22:51:00,97,moneyline_1x2,,Los Angeles Lakers (AIRFORCE),1.5,False
2026-08-12T21:34:51.816397+00:00,13673685424,GG League - 4x5 Min de juego,False,Los Angeles Lakers,AIRFORCE,Oklahoma City Thunder,CYPHER,Los Angeles Lakers (AIRFORCE),Oklahoma City Thunder (CYPHER),,,,12/08/2026 22:51:00,97,moneyline_1x2,,Oklahoma City Thunder (CYPHER),2.3,False
2026-08-12T21:34:51.816397+00:00,13673685749,GG League - 4x5 Min de juego,True,Chicago Bulls,AIRFORCE,Miami Heat,MYTH,Chicago Bulls (AIRFORCE),Miami Heat (MYTH),4º cuarto,50,43,12/08/2026 21:15:00,97,moneyline_1x2,,Chicago Bulls (AIRFORCE),1.09,False
2026-08-12T21:34:51.816397+00:00,13673685749,GG League - 4x5 Min de juego,True,Chicago Bulls,AIRFORCE,Miami Heat,MYTH,Chicago Bulls (AIRFORCE),Miami Heat (MYTH),4º cuarto,50,43,12/08/2026 21:15:00,97,moneyline_1x2,,Miami Heat (MYTH),5.5,False
2026-08-12T21:34:51.816397+00:00,13673685378,GG League - 4x5 Min de juego,False,Chicago Bulls,OREZ,Toronto Raptors,SPARKZ,Chicago Bulls (OREZ),Toronto Raptors (SPARKZ),,,,12/08/2026 21:43:00,97,moneyline_1x2,,Chicago Bulls (OREZ),2.3,False
2026-08-12T21:34:51.816397+00:00,13673685378,GG League - 4x5 Min de juego,False,Chicago Bulls,OREZ,Toronto Raptors,SPARKZ,Chicago Bulls (OREZ),Toronto Raptors (SPARKZ),,,,12/08/2026 21:43:00,97,moneyline_1x2,,Toronto Raptors (SPARKZ),1.5,False
2026-08-12T21:34:51.816397+00:00,13673685775,GG League - 4x5 Min de juego,False,Miami Heat,MYTH,Toronto Raptors,CYPHER,Miami Heat (MYTH),Toronto Raptors (CYPHER),,,,12/08/2026 22:19:00,97,moneyline_1x2,,Miami Heat (MYTH),2.3,False
2026-08-12T21:34:51.816397+00:00,13673685775,GG League - 4x5 Min de juego,False,Miami Heat,MYTH,Toronto Raptors,CYPHER,Miami Heat (MYTH),Toronto Raptors (CYPHER),,,,12/08/2026 22:19:00,97,moneyline_1x2,,Toronto Raptors (CYPHER),1.5,False
2026-08-12T21:34:51.816397+00:00,13673684118,GG League - 4x5 Min de juego,False,Chicago Bulls,OREZ,Miami Heat,UNDERRATED,Chicago Bulls (OREZ),Miami Heat (UNDERRATED),,,,12/08/2026 22:47:00,97,moneyline_1x2,,Chicago Bulls (OREZ),2.15,False
2026-08-12T21:34:51.816397+00:00,13673684118,GG League - 4x5 Min de juego,False,Chicago Bulls,OREZ,Miami Heat,UNDERRATED,Chicago Bulls (OREZ),Miami Heat (UNDERRATED),,,,12/08/2026 22:47:00,97,moneyline_1x2,,Miami Heat (UNDERRATED),1.57,False
2026-08-12T21:34:51.816397+00:00,13673683710,GG League - 4x5 Min de juego,True,Oklahoma City Thunder,STING,Los Angeles Lakers,ADMIRAL,Oklahoma City Thunder (STING),Los Angeles Lakers (ADMIRAL),2º cuarto,17,14,12/08/2026 21:23:00,97,moneyline_1x2,,Oklahoma City Thunder (STING),1.28,False
2026-08-12T21:34:51.816397+00:00,13673683710,GG League - 4x5 Min de juego,True,Oklahoma City Thunder,STING,Los Angeles Lakers,ADMIRAL,Oklahoma City Thunder (STING),Los Angeles Lakers (ADMIRAL),2º cuarto,17,14,12/08/2026 21:23:00,97,moneyline_1x2,,Los Angeles Lakers (ADMIRAL),3.15,False
2026-08-12T21:34:51.816397+00:00,13673685777,GG League - 4x5 Min de juego,False,Los Angeles Lakers,SIGNAL,Oklahoma City Thunder,AZURE,Los Angeles Lakers (SIGNAL),Oklahoma City Thunder (AZURE),,,,12/08/2026 22:31:00,97,moneyline_1x2,,Los Angeles Lakers (SIGNAL),1.62,False
2026-08-12T21:34:51.816397+00:00,13673685777,GG League - 4x5 Min de juego,False,Los Angeles Lakers,SIGNAL,Oklahoma City Thunder,AZURE,Los Angeles Lakers (SIGNAL),Oklahoma City Thunder (AZURE),,,,12/08/2026 22:31:00,97,moneyline_1x2,,Oklahoma City Thunder (AZURE),2.05,False
2026-08-12T21:34:51.816397+00:00,13673685379,GG League - 4x5 Min de juego,False,New York Knicks,JACKAL,Oklahoma City Thunder,CALAMITY,New York Knicks (JACKAL),Oklahoma City Thunder (CALAMITY),,,,12/08/2026 22:11:00,97,moneyline_1x2,,New York Knicks (JACKAL),2.3,False
2026-08-12T21:34:51.816397+00:00,13673685379,GG League - 4x5 Min de juego,False,New York Knicks,JACKAL,Oklahoma City Thunder,CALAMITY,New York Knicks (JACKAL),Oklahoma City Thunder (CALAMITY),,,,12/08/2026 22:11:00,97,moneyline_1x2,,Oklahoma City Thunder (CALAMITY),1.5,False
2026-08-12T21:34:51.816397+00:00,13673683712,GG League - 4x5 Min de juego,False,Charlotte Hornets,STING,Dallas Mavericks,RADIANT,Charlotte Hornets (STING),Dallas Mavericks (RADIANT),,,,12/08/2026 21:55:00,97,moneyline_1x2,,Charlotte Hornets (STING),2.2,False
2026-08-12T21:34:51.816397+00:00,13673683712,GG League - 4x5 Min de juego,False,Charlotte Hornets,STING,Dallas Mavericks,RADIANT,Charlotte Hornets (STING),Dallas Mavericks (RADIANT),,,,12/08/2026 21:55:00,97,moneyline_1x2,,Dallas Mavericks (RADIANT),1.55,False
2026-08-12T21:34:51.816397+00:00,13673684119,GG League - 4x5 Min de juego,False,Dallas Mavericks,JUGGERNAUT,Charlotte Hornets,GENERAL,Dallas Mavericks (JUGGERNAUT),Charlotte Hornets (GENERAL),,,,12/08/2026 22:55:00,97,moneyline_1x2,,Dallas Mavericks (JUGGERNAUT),1.55,False
2026-08-12T21:34:51.816397+00:00,13673684119,GG League - 4x5 Min de juego,False,Dallas Mavericks,JUGGERNAUT,Charlotte Hornets,GENERAL,Dallas Mavericks (JUGGERNAUT),Charlotte Hornets (GENERAL),,,,12/08/2026 22:55:00,97,moneyline_1x2,,Charlotte Hornets (GENERAL),2.2,False
2026-08-12T21:34:51.816397+00:00,13673685420,GG League - 4x5 Min de juego,False,Los Angeles Lakers,ADMIRAL,New York Knicks,RADIANT,Los Angeles Lakers (ADMIRAL),New York Knicks (RADIANT),,,,12/08/2026 22:27:00,97,moneyline_1x2,,Los Angeles Lakers (ADMIRAL),2.4,False
2026-08-12T21:34:51.816397+00:00,13673685420,GG League - 4x5 Min de juego,False,Los Angeles Lakers,ADMIRAL,New York Knicks,RADIANT,Los Angeles Lakers (ADMIRAL),New York Knicks (RADIANT),,,,12/08/2026 22:27:00,97,moneyline_1x2,,New York Knicks (RADIANT),1.45,False
2026-08-12T21:34:51.816397+00:00,13673685754,GG League - 4x5 Min de juego,False,Los Angeles Lakers,CURSE,Boston Celtics,HUNCHO,Los Angeles Lakers (CURSE),Boston Celtics (HUNCHO),,,,12/08/2026 21:39:00,97,moneyline_1x2,,Los Angeles Lakers (CURSE),2.35,False
2026-08-12T21:34:51.816397+00:00,13673685754,GG League - 4x5 Min de juego,False,Los Angeles Lakers,CURSE,Boston Celtics,HUNCHO,Los Angeles Lakers (CURSE),Boston Celtics (HUNCHO),,,,12/08/2026 21:39:00,97,moneyline_1x2,,Boston Celtics (HUNCHO),1.5,False
2026-08-12T21:34:51.816397+00:00,13673685422,GG League - 4x5 Min de juego,False,Los Angeles Lakers,CURSE,Oklahoma City Thunder,CALAMITY,Los Angeles Lakers (CURSE),Oklahoma City Thunder (CALAMITY),,,,12/08/2026 22:43:00,97,moneyline_1x2,,Los Angeles Lakers (CURSE),1.55,False
2026-08-12T21:34:51.816397+00:00,13673685422,GG League - 4x5 Min de juego,False,Los Angeles Lakers,CURSE,Oklahoma City Thunder,CALAMITY,Los Angeles Lakers (CURSE),Oklahoma City Thunder (CALAMITY),,,,12/08/2026 22:43:00,97,moneyline_1x2,,Oklahoma City Thunder (CALAMITY),2.2,False
2026-08-12T21:36:49.853217+00:00,13673685760,GG League - 4x5 Min de juego,False,Dallas Mavericks,JUGGERNAUT,Orlando Magic,NIGHTHAWK,Dallas Mavericks (JUGGERNAUT),Orlando Magic (NIGHTHAWK),,,,12/08/2026 21:51:00,97,moneyline_1x2,,Dallas Mavericks (JUGGERNAUT),2.4,False
2026-08-12T21:36:49.853217+00:00,13673685760,GG League - 4x5 Min de juego,False,Dallas Mavericks,JUGGERNAUT,Orlando Magic,NIGHTHAWK,Dallas Mavericks (JUGGERNAUT),Orlando Magic (NIGHTHAWK),,,,12/08/2026 21:51:00,97,moneyline_1x2,,Orlando Magic (NIGHTHAWK),1.45,False
2026-08-12T21:36:49.853217+00:00,13673685773,GG League - 4x5 Min de juego,False,Memphis Grizzlies,PHARAOH,Milwaukee Bucks,PATIENCE,Memphis Grizzlies (PHARAOH),Milwaukee Bucks (PATIENCE),,,,12/08/2026 21:59:00,97,moneyline_1x2,,Memphis Grizzlies (PHARAOH),2.3,False
2026-08-12T21:36:49.853217+00:00,13673685773,GG League - 4x5 Min de juego,False,Memphis Grizzlies,PHARAOH,Milwaukee Bucks,PATIENCE,Memphis Grizzlies (PHARAOH),Milwaukee Bucks (PATIENCE),,,,12/08/2026 21:59:00,97,moneyline_1x2,,Milwaukee Bucks (PATIENCE),1.5,False
2026-08-12T21:36:49.853217+00:00,13673683915,GG League - 4x5 Min de juego,False,Cleveland Cavaliers,DAGGER,Milwaukee Bucks,GENERAL,Cleveland Cavaliers (DAGGER),Milwaukee Bucks (GENERAL),,,,12/08/2026 22:23:00,97,moneyline_1x2,,Cleveland Cavaliers (DAGGER),1.5,False
2026-08-12T21:36:49.853217+00:00,13673683915,GG League - 4x5 Min de juego,False,Cleveland Cavaliers,DAGGER,Milwaukee Bucks,GENERAL,Cleveland Cavaliers (DAGGER),Milwaukee Bucks (GENERAL),,,,12/08/2026 22:23:00,97,moneyline_1x2,,Milwaukee Bucks (GENERAL),2.3,False
2026-08-12T21:36:49.853217+00:00,13673685774,GG League - 4x5 Min de juego,False,Brooklyn Nets,MARINE,Miami Heat,UNDERRATED,Brooklyn Nets (MARINE),Miami Heat (UNDERRATED),,,,12/08/2026 22:15:00,97,moneyline_1x2,,Brooklyn Nets (MARINE),1.57,False
2026-08-12T21:36:49.853217+00:00,13673685774,GG League - 4x5 Min de juego,False,Brooklyn Nets,MARINE,Miami Heat,UNDERRATED,Brooklyn Nets (MARINE),Miami Heat (UNDERRATED),,,,12/08/2026 22:15:00,97,moneyline_1x2,,Miami Heat (UNDERRATED),2.15,False
2026-08-12T21:36:49.853217+00:00,13673685174,GG League - 4x5 Min de juego,True,Boston Celtics,PHARAOH,Los Angeles Lakers,SIGNAL,Boston Celtics (PHARAOH),Los Angeles Lakers (SIGNAL),2º cuarto,19,13,12/08/2026 21:27:00,97,moneyline_1x2,,Boston Celtics (PHARAOH),1.37,False
2026-08-12T21:36:49.853217+00:00,13673685174,GG League - 4x5 Min de juego,True,Boston Celtics,PHARAOH,Los Angeles Lakers,SIGNAL,Boston Celtics (PHARAOH),Los Angeles Lakers (SIGNAL),2º cuarto,19,13,12/08/2026 21:27:00,97,moneyline_1x2,,Los Angeles Lakers (SIGNAL),2.7,False
2026-08-12T21:36:49.853217+00:00,13673685424,GG League - 4x5 Min de juego,False,Los Angeles Lakers,AIRFORCE,Oklahoma City Thunder,CYPHER,Los Angeles Lakers (AIRFORCE),Oklahoma City Thunder (CYPHER),,,,12/08/2026 22:51:00,97,moneyline_1x2,,Los Angeles Lakers (AIRFORCE),1.5,False
2026-08-12T21:36:49.853217+00:00,13673685424,GG League - 4x5 Min de juego,False,Los Angeles Lakers,AIRFORCE,Oklahoma City Thunder,CYPHER,Los Angeles Lakers (AIRFORCE),Oklahoma City Thunder (CYPHER),,,,12/08/2026 22:51:00,97,moneyline_1x2,,Oklahoma City Thunder (CYPHER),2.3,False
2026-08-12T21:36:49.853217+00:00,13673685749,GG League - 4x5 Min de juego,True,Chicago Bulls,AIRFORCE,Miami Heat,MYTH,Chicago Bulls (AIRFORCE),Miami Heat (MYTH),4º cuarto,52,48,12/08/2026 21:15:00,97,moneyline_1x2,,Chicago Bulls (AIRFORCE),1.21,False
2026-08-12T21:36:49.853217+00:00,13673685749,GG League - 4x5 Min de juego,True,Chicago Bulls,AIRFORCE,Miami Heat,MYTH,Chicago Bulls (AIRFORCE),Miami Heat (MYTH),4º cuarto,52,48,12/08/2026 21:15:00,97,moneyline_1x2,,Miami Heat (MYTH),3.7,False
2026-08-12T21:36:49.853217+00:00,13673685378,GG League - 4x5 Min de juego,False,Chicago Bulls,OREZ,Toronto Raptors,SPARKZ,Chicago Bulls (OREZ),Toronto Raptors (SPARKZ),,,,12/08/2026 21:43:00,97,moneyline_1x2,,Chicago Bulls (OREZ),2.3,False
2026-08-12T21:36:49.853217+00:00,13673685378,GG League - 4x5 Min de juego,False,Chicago Bulls,OREZ,Toronto Raptors,SPARKZ,Chicago Bulls (OREZ),Toronto Raptors (SPARKZ),,,,12/08/2026 21:43:00,97,moneyline_1x2,,Toronto Raptors (SPARKZ),1.5,False
2026-08-12T21:36:49.853217+00:00,13673685775,GG League - 4x5 Min de juego,False,Miami Heat,MYTH,Toronto Raptors,CYPHER,Miami Heat (MYTH),Toronto Raptors (CYPHER),,,,12/08/2026 22:19:00,97,moneyline_1x2,,Miami Heat (MYTH),2.3,False
2026-08-12T21:36:49.853217+00:00,13673685775,GG League - 4x5 Min de juego,False,Miami Heat,MYTH,Toronto Raptors,CYPHER,Miami Heat (MYTH),Toronto Raptors (CYPHER),,,,12/08/2026 22:19:00,97,moneyline_1x2,,Toronto Raptors (CYPHER),1.5,False
2026-08-12T21:36:49.853217+00:00,13673685751,GG League - 4x5 Min de juego,True,Memphis Grizzlies,JUGGERNAUT,Cleveland Cavaliers,DAGGER,Memphis Grizzlies (JUGGERNAUT),Cleveland Cavaliers (DAGGER),3º Cuarto,34,38,12/08/2026 21:19:00,97,moneyline_1x2,,Memphis Grizzlies (JUGGERNAUT),3.2,False
2026-08-12T21:36:49.853217+00:00,13673685751,GG League - 4x5 Min de juego,True,Memphis Grizzlies,JUGGERNAUT,Cleveland Cavaliers,DAGGER,Memphis Grizzlies (JUGGERNAUT),Cleveland Cavaliers (DAGGER),3º Cuarto,34,38,12/08/2026 21:19:00,97,moneyline_1x2,,Cleveland Cavaliers (DAGGER),1.28,False
2026-08-12T21:36:49.853217+00:00,13673684118,GG League - 4x5 Min de juego,False,Chicago Bulls,OREZ,Miami Heat,UNDERRATED,Chicago Bulls (OREZ),Miami Heat (UNDERRATED),,,,12/08/2026 22:47:00,97,moneyline_1x2,,Chicago Bulls (OREZ),2.15,False
2026-08-12T21:36:49.853217+00:00,13673684118,GG League - 4x5 Min de juego,False,Chicago Bulls,OREZ,Miami Heat,UNDERRATED,Chicago Bulls (OREZ),Miami Heat (UNDERRATED),,,,12/08/2026 22:47:00,97,moneyline_1x2,,Miami Heat (UNDERRATED),1.57,False
2026-08-12T21:36:49.853217+00:00,13673683710,GG League - 4x5 Min de juego,True,Oklahoma City Thunder,STING,Los Angeles Lakers,ADMIRAL,Oklahoma City Thunder (STING),Los Angeles Lakers (ADMIRAL),2º cuarto,20,17,12/08/2026 21:23:00,97,moneyline_1x2,,Oklahoma City Thunder (STING),1.28,False
2026-08-12T21:36:49.853217+00:00,13673683710,GG League - 4x5 Min de juego,True,Oklahoma City Thunder,STING,Los Angeles Lakers,ADMIRAL,Oklahoma City Thunder (STING),Los Angeles Lakers (ADMIRAL),2º cuarto,20,17,12/08/2026 21:23:00,97,moneyline_1x2,,Los Angeles Lakers (ADMIRAL),3.2,False
2026-08-12T21:36:49.853217+00:00,13673685777,GG League - 4x5 Min de juego,False,Los Angeles Lakers,SIGNAL,Oklahoma City Thunder,AZURE,Los Angeles Lakers (SIGNAL),Oklahoma City Thunder (AZURE),,,,12/08/2026 22:31:00,97,moneyline_1x2,,Los Angeles Lakers (SIGNAL),1.62,False
2026-08-12T21:36:49.853217+00:00,13673685777,GG League - 4x5 Min de juego,False,Los Angeles Lakers,SIGNAL,Oklahoma City Thunder,AZURE,Los Angeles Lakers (SIGNAL),Oklahoma City Thunder (AZURE),,,,12/08/2026 22:31:00,97,moneyline_1x2,,Oklahoma City Thunder (AZURE),2.05,False
2026-08-12T21:36:49.853217+00:00,13673685379,GG League - 4x5 Min de juego,False,New York Knicks,JACKAL,Oklahoma City Thunder,CALAMITY,New York Knicks (JACKAL),Oklahoma City Thunder (CALAMITY),,,,12/08/2026 22:11:00,97,moneyline_1x2,,New York Knicks (JACKAL),2.3,False
2026-08-12T21:36:49.853217+00:00,13673685379,GG League - 4x5 Min de juego,False,New York Knicks,JACKAL,Oklahoma City Thunder,CALAMITY,New York Knicks (JACKAL),Oklahoma City Thunder (CALAMITY),,,,12/08/2026 22:11:00,97,moneyline_1x2,,Oklahoma City Thunder (CALAMITY),1.5,False
2026-08-12T21:36:49.853217+00:00,13673683712,GG League - 4x5 Min de juego,False,Charlotte Hornets,STING,Dallas Mavericks,RADIANT,Charlotte Hornets (STING),Dallas Mavericks (RADIANT),,,,12/08/2026 21:55:00,97,moneyline_1x2,,Charlotte Hornets (STING),2.2,False
2026-08-12T21:36:49.853217+00:00,13673683712,GG League - 4x5 Min de juego,False,Charlotte Hornets,STING,Dallas Mavericks,RADIANT,Charlotte Hornets (STING),Dallas Mavericks (RADIANT),,,,12/08/2026 21:55:00,97,moneyline_1x2,,Dallas Mavericks (RADIANT),1.55,False
2026-08-12T21:36:49.853217+00:00,13673684119,GG League - 4x5 Min de juego,False,Dallas Mavericks,JUGGERNAUT,Charlotte Hornets,GENERAL,Dallas Mavericks (JUGGERNAUT),Charlotte Hornets (GENERAL),,,,12/08/2026 22:55:00,97,moneyline_1x2,,Dallas Mavericks (JUGGERNAUT),1.55,False
2026-08-12T21:36:49.853217+00:00,13673684119,GG League - 4x5 Min de juego,False,Dallas Mavericks,JUGGERNAUT,Charlotte Hornets,GENERAL,Dallas Mavericks (JUGGERNAUT),Charlotte Hornets (GENERAL),,,,12/08/2026 22:55:00,97,moneyline_1x2,,Charlotte Hornets (GENERAL),2.2,False
2026-08-12T21:36:49.853217+00:00,13673685420,GG League - 4x5 Min de juego,False,Los Angeles Lakers,ADMIRAL,New York Knicks,RADIANT,Los Angeles Lakers (ADMIRAL),New York Knicks (RADIANT),,,,12/08/2026 22:27:00,97,moneyline_1x2,,Los Angeles Lakers (ADMIRAL),2.4,False
2026-08-12T21:36:49.853217+00:00,13673685420,GG League - 4x5 Min de juego,False,Los Angeles Lakers,ADMIRAL,New York Knicks,RADIANT,Los Angeles Lakers (ADMIRAL),New York Knicks (RADIANT),,,,12/08/2026 22:27:00,97,moneyline_1x2,,New York Knicks (RADIANT),1.45,False
2026-08-12T21:36:49.853217+00:00,13673685754,GG League - 4x5 Min de juego,False,Los Angeles Lakers,CURSE,Boston Celtics,HUNCHO,Los Angeles Lakers (CURSE),Boston Celtics (HUNCHO),,,,12/08/2026 21:39:00,97,moneyline_1x2,,Los Angeles Lakers (CURSE),2.35,False
2026-08-12T21:36:49.853217+00:00,13673685754,GG League - 4x5 Min de juego,False,Los Angeles Lakers,CURSE,Boston Celtics,HUNCHO,Los Angeles Lakers (CURSE),Boston Celtics (HUNCHO),,,,12/08/2026 21:39:00,97,moneyline_1x2,,Boston Celtics (HUNCHO),1.5,False
2026-08-12T21:36:49.853217+00:00,13673685422,GG League - 4x5 Min de juego,False,Los Angeles Lakers,CURSE,Oklahoma City Thunder,CALAMITY,Los Angeles Lakers (CURSE),Oklahoma City Thunder (CALAMITY),,,,12/08/2026 22:43:00,97,moneyline_1x2,,Los Angeles Lakers (CURSE),1.55,False
2026-08-12T21:36:49.853217+00:00,13673685422,GG League - 4x5 Min de juego,False,Los Angeles Lakers,CURSE,Oklahoma City Thunder,CALAMITY,Los Angeles Lakers (CURSE),Oklahoma City Thunder (CALAMITY),,,,12/08/2026 22:43:00,97,moneyline_1x2,,Oklahoma City Thunder (CALAMITY),2.2,False
2026-08-12T21:38:58.649541+00:00,13673685760,GG League - 4x5 Min de juego,False,Dallas Mavericks,JUGGERNAUT,Orlando Magic,NIGHTHAWK,Dallas Mavericks (JUGGERNAUT),Orlando Magic (NIGHTHAWK),,,,12/08/2026 21:51:00,97,moneyline_1x2,,Dallas Mavericks (JUGGERNAUT),2.4,False
2026-08-12T21:38:58.649541+00:00,13673685760,GG League - 4x5 Min de juego,False,Dallas Mavericks,JUGGERNAUT,Orlando Magic,NIGHTHAWK,Dallas Mavericks (JUGGERNAUT),Orlando Magic (NIGHTHAWK),,,,12/08/2026 21:51:00,97,moneyline_1x2,,Orlando Magic (NIGHTHAWK),1.45,False
2026-08-12T21:38:58.649541+00:00,13673685773,GG League - 4x5 Min de juego,False,Memphis Grizzlies,PHARAOH,Milwaukee Bucks,PATIENCE,Memphis Grizzlies (PHARAOH),Milwaukee Bucks (PATIENCE),,,,12/08/2026 21:59:00,97,moneyline_1x2,,Memphis Grizzlies (PHARAOH),2.3,False
2026-08-12T21:38:58.649541+00:00,13673685773,GG League - 4x5 Min de juego,False,Memphis Grizzlies,PHARAOH,Milwaukee Bucks,PATIENCE,Memphis Grizzlies (PHARAOH),Milwaukee Bucks (PATIENCE),,,,12/08/2026 21:59:00,97,moneyline_1x2,,Milwaukee Bucks (PATIENCE),1.5,False
2026-08-12T21:38:58.649541+00:00,13673684349,GG League - 4x5 Min de juego,False,Charlotte Hornets,STING,Denver Nuggets,ADMIRAL,Charlotte Hornets (STING),Denver Nuggets (ADMIRAL),,,,12/08/2026 22:59:00,97,moneyline_1x2,,Charlotte Hornets (STING),1.5,False
2026-08-12T21:38:58.649541+00:00,13673684349,GG League - 4x5 Min de juego,False,Charlotte Hornets,STING,Denver Nuggets,ADMIRAL,Charlotte Hornets (STING),Denver Nuggets (ADMIRAL),,,,12/08/2026 22:59:00,97,moneyline_1x2,,Denver Nuggets (ADMIRAL),2.35,False
2026-08-12T21:38:58.649541+00:00,13673683915,GG League - 4x5 Min de juego,False,Cleveland Cavaliers,DAGGER,Milwaukee Bucks,GENERAL,Cleveland Cavaliers (DAGGER),Milwaukee Bucks (GENERAL),,,,12/08/2026 22:23:00,97,moneyline_1x2,,Cleveland Cavaliers (DAGGER),1.5,False
2026-08-12T21:38:58.649541+00:00,13673683915,GG League - 4x5 Min de juego,False,Cleveland Cavaliers,DAGGER,Milwaukee Bucks,GENERAL,Cleveland Cavaliers (DAGGER),Milwaukee Bucks (GENERAL),,,,12/08/2026 22:23:00,97,moneyline_1x2,,Milwaukee Bucks (GENERAL),2.3,False
2026-08-12T21:38:58.649541+00:00,13673685774,GG League - 4x5 Min de juego,False,Brooklyn Nets,MARINE,Miami Heat,UNDERRATED,Brooklyn Nets (MARINE),Miami Heat (UNDERRATED),,,,12/08/2026 22:15:00,97,moneyline_1x2,,Brooklyn Nets (MARINE),1.57,False
2026-08-12T21:38:58.649541+00:00,13673685774,GG League - 4x5 Min de juego,False,Brooklyn Nets,MARINE,Miami Heat,UNDERRATED,Brooklyn Nets (MARINE),Miami Heat (UNDERRATED),,,,12/08/2026 22:15:00,97,moneyline_1x2,,Miami Heat (UNDERRATED),2.15,False
2026-08-12T21:38:58.649541+00:00,13673685174,GG League - 4x5 Min de juego,True,Boston Celtics,PHARAOH,Los Angeles Lakers,SIGNAL,Boston Celtics (PHARAOH),Los Angeles Lakers (SIGNAL),2º cuarto,25,20,12/08/2026 21:27:00,97,moneyline_1x2,,Boston Celtics (PHARAOH),1.37,False
2026-08-12T21:38:58.649541+00:00,13673685174,GG League - 4x5 Min de juego,True,Boston Celtics,PHARAOH,Los Angeles Lakers,SIGNAL,Boston Celtics (PHARAOH),Los Angeles Lakers (SIGNAL),2º cuarto,25,20,12/08/2026 21:27:00,97,moneyline_1x2,,Los Angeles Lakers (SIGNAL),2.7,False
2026-08-12T21:38:58.649541+00:00,13673685424,GG League - 4x5 Min de juego,False,Los Angeles Lakers,AIRFORCE,Oklahoma City Thunder,CYPHER,Los Angeles Lakers (AIRFORCE),Oklahoma City Thunder (CYPHER),,,,12/08/2026 22:51:00,97,moneyline_1x2,,Los Angeles Lakers (AIRFORCE),1.5,False
2026-08-12T21:38:58.649541+00:00,13673685424,GG League - 4x5 Min de juego,False,Los Angeles Lakers,AIRFORCE,Oklahoma City Thunder,CYPHER,Los Angeles Lakers (AIRFORCE),Oklahoma City Thunder (CYPHER),,,,12/08/2026 22:51:00,97,moneyline_1x2,,Oklahoma City Thunder (CYPHER),2.3,False
2026-08-12T21:38:58.649541+00:00,13673685378,GG League - 4x5 Min de juego,False,Chicago Bulls,OREZ,Toronto Raptors,SPARKZ,Chicago Bulls (OREZ),Toronto Raptors (SPARKZ),,,,12/08/2026 21:43:00,97,moneyline_1x2,,Chicago Bulls (OREZ),2.3,False
2026-08-12T21:38:58.649541+00:00,13673685378,GG League - 4x5 Min de juego,False,Chicago Bulls,OREZ,Toronto Raptors,SPARKZ,Chicago Bulls (OREZ),Toronto Raptors (SPARKZ),,,,12/08/2026 21:43:00,97,moneyline_1x2,,Toronto Raptors (SPARKZ),1.5,False
2026-08-12T21:38:58.649541+00:00,13673685775,GG League - 4x5 Min de juego,False,Miami Heat,MYTH,Toronto Raptors,CYPHER,Miami Heat (MYTH),Toronto Raptors (CYPHER),,,,12/08/2026 22:19:00,97,moneyline_1x2,,Miami Heat (MYTH),2.3,False
2026-08-12T21:38:58.649541+00:00,13673685775,GG League - 4x5 Min de juego,False,Miami Heat,MYTH,Toronto Raptors,CYPHER,Miami Heat (MYTH),Toronto Raptors (CYPHER),,,,12/08/2026 22:19:00,97,moneyline_1x2,,Toronto Raptors (CYPHER),1.5,False
2026-08-12T21:38:58.649541+00:00,13673685751,GG League - 4x5 Min de juego,True,Memphis Grizzlies,JUGGERNAUT,Cleveland Cavaliers,DAGGER,Memphis Grizzlies (JUGGERNAUT),Cleveland Cavaliers (DAGGER),3º Cuarto,38,43,12/08/2026 21:19:00,97,moneyline_1x2,,Memphis Grizzlies (JUGGERNAUT),3.15,False
2026-08-12T21:38:58.649541+00:00,13673685751,GG League - 4x5 Min de juego,True,Memphis Grizzlies,JUGGERNAUT,Cleveland Cavaliers,DAGGER,Memphis Grizzlies (JUGGERNAUT),Cleveland Cavaliers (DAGGER),3º Cuarto,38,43,12/08/2026 21:19:00,97,moneyline_1x2,,Cleveland Cavaliers (DAGGER),1.28,False
2026-08-12T21:38:58.649541+00:00,13673684118,GG League - 4x5 Min de juego,False,Chicago Bulls,OREZ,Miami Heat,UNDERRATED,Chicago Bulls (OREZ),Miami Heat (UNDERRATED),,,,12/08/2026 22:47:00,97,moneyline_1x2,,Chicago Bulls (OREZ),2.15,False
2026-08-12T21:38:58.649541+00:00,13673684118,GG League - 4x5 Min de juego,False,Chicago Bulls,OREZ,Miami Heat,UNDERRATED,Chicago Bulls (OREZ),Miami Heat (UNDERRATED),,,,12/08/2026 22:47:00,97,moneyline_1x2,,Miami Heat (UNDERRATED),1.57,False
2026-08-12T21:38:58.649541+00:00,13673683710,GG League - 4x5 Min de juego,True,Oklahoma City Thunder,STING,Los Angeles Lakers,ADMIRAL,Oklahoma City Thunder (STING),Los Angeles Lakers (ADMIRAL),3º Cuarto,20,21,12/08/2026 21:23:00,97,moneyline_1x2,,Oklahoma City Thunder (STING),1.67,False
2026-08-12T21:38:58.649541+00:00,13673683710,GG League - 4x5 Min de juego,True,Oklahoma City Thunder,STING,Los Angeles Lakers,ADMIRAL,Oklahoma City Thunder (STING),Los Angeles Lakers (ADMIRAL),3º Cuarto,20,21,12/08/2026 21:23:00,97,moneyline_1x2,,Los Angeles Lakers (ADMIRAL),2.0,False
2026-08-12T21:38:58.649541+00:00,13673685777,GG League - 4x5 Min de juego,False,Los Angeles Lakers,SIGNAL,Oklahoma City Thunder,AZURE,Los Angeles Lakers (SIGNAL),Oklahoma City Thunder (AZURE),,,,12/08/2026 22:31:00,97,moneyline_1x2,,Los Angeles Lakers (SIGNAL),1.62,False
2026-08-12T21:38:58.649541+00:00,13673685777,GG League - 4x5 Min de juego,False,Los Angeles Lakers,SIGNAL,Oklahoma City Thunder,AZURE,Los Angeles Lakers (SIGNAL),Oklahoma City Thunder (AZURE),,,,12/08/2026 22:31:00,97,moneyline_1x2,,Oklahoma City Thunder (AZURE),2.05,False
2026-08-12T21:38:58.649541+00:00,13673685379,GG League - 4x5 Min de juego,False,New York Knicks,JACKAL,Oklahoma City Thunder,CALAMITY,New York Knicks (JACKAL),Oklahoma City Thunder (CALAMITY),,,,12/08/2026 22:11:00,97,moneyline_1x2,,New York Knicks (JACKAL),2.3,False
2026-08-12T21:38:58.649541+00:00,13673685379,GG League - 4x5 Min de juego,False,New York Knicks,JACKAL,Oklahoma City Thunder,CALAMITY,New York Knicks (JACKAL),Oklahoma City Thunder (CALAMITY),,,,12/08/2026 22:11:00,97,moneyline_1x2,,Oklahoma City Thunder (CALAMITY),1.5,False
2026-08-12T21:38:58.649541+00:00,13673683712,GG League - 4x5 Min de juego,False,Charlotte Hornets,STING,Dallas Mavericks,RADIANT,Charlotte Hornets (STING),Dallas Mavericks (RADIANT),,,,12/08/2026 21:55:00,97,moneyline_1x2,,Charlotte Hornets (STING),2.2,False
2026-08-12T21:38:58.649541+00:00,13673683712,GG League - 4x5 Min de juego,False,Charlotte Hornets,STING,Dallas Mavericks,RADIANT,Charlotte Hornets (STING),Dallas Mavericks (RADIANT),,,,12/08/2026 21:55:00,97,moneyline_1x2,,Dallas Mavericks (RADIANT),1.55,False
2026-08-12T21:38:58.649541+00:00,13673684119,GG League - 4x5 Min de juego,False,Dallas Mavericks,JUGGERNAUT,Charlotte Hornets,GENERAL,Dallas Mavericks (JUGGERNAUT),Charlotte Hornets (GENERAL),,,,12/08/2026 22:55:00,97,moneyline_1x2,,Dallas Mavericks (JUGGERNAUT),1.55,False
2026-08-12T21:38:58.649541+00:00,13673684119,GG League - 4x5 Min de juego,False,Dallas Mavericks,JUGGERNAUT,Charlotte Hornets,GENERAL,Dallas Mavericks (JUGGERNAUT),Charlotte Hornets (GENERAL),,,,12/08/2026 22:55:00,97,moneyline_1x2,,Charlotte Hornets (GENERAL),2.2,False
2026-08-12T21:38:58.649541+00:00,13673685420,GG League - 4x5 Min de juego,False,Los Angeles Lakers,ADMIRAL,New York Knicks,RADIANT,Los Angeles Lakers (ADMIRAL),New York Knicks (RADIANT),,,,12/08/2026 22:27:00,97,moneyline_1x2,,Los Angeles Lakers (ADMIRAL),2.4,False
2026-08-12T21:38:58.649541+00:00,13673685420,GG League - 4x5 Min de juego,False,Los Angeles Lakers,ADMIRAL,New York Knicks,RADIANT,Los Angeles Lakers (ADMIRAL),New York Knicks (RADIANT),,,,12/08/2026 22:27:00,97,moneyline_1x2,,New York Knicks (RADIANT),1.45,False
2026-08-12T21:38:58.649541+00:00,13673685754,GG League - 4x5 Min de juego,False,Los Angeles Lakers,CURSE,Boston Celtics,HUNCHO,Los Angeles Lakers (CURSE),Boston Celtics (HUNCHO),,,,12/08/2026 21:39:00,97,moneyline_1x2,,Los Angeles Lakers (CURSE),2.35,False
2026-08-12T21:38:58.649541+00:00,13673685754,GG League - 4x5 Min de juego,False,Los Angeles Lakers,CURSE,Boston Celtics,HUNCHO,Los Angeles Lakers (CURSE),Boston Celtics (HUNCHO),,,,12/08/2026 21:39:00,97,moneyline_1x2,,Boston Celtics (HUNCHO),1.5,False
2026-08-12T21:38:58.649541+00:00,13673685422,GG League - 4x5 Min de juego,False,Los Angeles Lakers,CURSE,Oklahoma City Thunder,CALAMITY,Los Angeles Lakers (CURSE),Oklahoma City Thunder (CALAMITY),,,,12/08/2026 22:43:00,97,moneyline_1x2,,Los Angeles Lakers (CURSE),1.55,False
2026-08-12T21:38:58.649541+00:00,13673685422,GG League - 4x5 Min de juego,False,Los Angeles Lakers,CURSE,Oklahoma City Thunder,CALAMITY,Los Angeles Lakers (CURSE),Oklahoma City Thunder (CALAMITY),,,,12/08/2026 22:43:00,97,moneyline_1x2,,Oklahoma City Thunder (CALAMITY),2.2,False
2026-08-12T21:41:17.769550+00:00,13673685760,GG League - 4x5 Min de juego,False,Dallas Mavericks,JUGGERNAUT,Orlando Magic,NIGHTHAWK,Dallas Mavericks (JUGGERNAUT),Orlando Magic (NIGHTHAWK),,,,12/08/2026 21:51:00,97,moneyline_1x2,,Dallas Mavericks (JUGGERNAUT),2.4,False
2026-08-12T21:41:17.769550+00:00,13673685760,GG League - 4x5 Min de juego,False,Dallas Mavericks,JUGGERNAUT,Orlando Magic,NIGHTHAWK,Dallas Mavericks (JUGGERNAUT),Orlando Magic (NIGHTHAWK),,,,12/08/2026 21:51:00,97,moneyline_1x2,,Orlando Magic (NIGHTHAWK),1.45,False
2026-08-12T21:41:17.769550+00:00,13673684350,GG League - 4x5 Min de juego,False,Memphis Grizzlies,PHARAOH,Cleveland Cavaliers,AZURE,Memphis Grizzlies (PHARAOH),Cleveland Cavaliers (AZURE),,,,12/08/2026 23:03:00,97,moneyline_1x2,,Memphis Grizzlies (PHARAOH),2.6,False
2026-08-12T21:41:17.769550+00:00,13673684350,GG League - 4x5 Min de juego,False,Memphis Grizzlies,PHARAOH,Cleveland Cavaliers,AZURE,Memphis Grizzlies (PHARAOH),Cleveland Cavaliers (AZURE),,,,12/08/2026 23:03:00,97,moneyline_1x2,,Cleveland Cavaliers (AZURE),1.4,False
2026-08-12T21:41:17.769550+00:00,13673685773,GG League - 4x5 Min de juego,False,Memphis Grizzlies,PHARAOH,Milwaukee Bucks,PATIENCE,Memphis Grizzlies (PHARAOH),Milwaukee Bucks (PATIENCE),,,,12/08/2026 21:59:00,97,moneyline_1x2,,Memphis Grizzlies (PHARAOH),2.3,False
2026-08-12T21:41:17.769550+00:00,13673685773,GG League - 4x5 Min de juego,False,Memphis Grizzlies,PHARAOH,Milwaukee Bucks,PATIENCE,Memphis Grizzlies (PHARAOH),Milwaukee Bucks (PATIENCE),,,,12/08/2026 21:59:00,97,moneyline_1x2,,Milwaukee Bucks (PATIENCE),1.5,False
2026-08-12T21:41:17.769550+00:00,13673684349,GG League - 4x5 Min de juego,False,Charlotte Hornets,STING,Denver Nuggets,ADMIRAL,Charlotte Hornets (STING),Denver Nuggets (ADMIRAL),,,,12/08/2026 22:59:00,97,moneyline_1x2,,Charlotte Hornets (STING),1.5,False
2026-08-12T21:41:17.769550+00:00,13673684349,GG League - 4x5 Min de juego,False,Charlotte Hornets,STING,Denver Nuggets,ADMIRAL,Charlotte Hornets (STING),Denver Nuggets (ADMIRAL),,,,12/08/2026 22:59:00,97,moneyline_1x2,,Denver Nuggets (ADMIRAL),2.35,False
2026-08-12T21:41:17.769550+00:00,13673683915,GG League - 4x5 Min de juego,False,Cleveland Cavaliers,DAGGER,Milwaukee Bucks,GENERAL,Cleveland Cavaliers (DAGGER),Milwaukee Bucks (GENERAL),,,,12/08/2026 22:23:00,97,moneyline_1x2,,Cleveland Cavaliers (DAGGER),1.5,False
2026-08-12T21:41:17.769550+00:00,13673683915,GG League - 4x5 Min de juego,False,Cleveland Cavaliers,DAGGER,Milwaukee Bucks,GENERAL,Cleveland Cavaliers (DAGGER),Milwaukee Bucks (GENERAL),,,,12/08/2026 22:23:00,97,moneyline_1x2,,Milwaukee Bucks (GENERAL),2.3,False
2026-08-12T21:41:17.769550+00:00,13673685774,GG League - 4x5 Min de juego,False,Brooklyn Nets,MARINE,Miami Heat,UNDERRATED,Brooklyn Nets (MARINE),Miami Heat (UNDERRATED),,,,12/08/2026 22:15:00,97,moneyline_1x2,,Brooklyn Nets (MARINE),1.57,False
2026-08-12T21:41:17.769550+00:00,13673685774,GG League - 4x5 Min de juego,False,Brooklyn Nets,MARINE,Miami Heat,UNDERRATED,Brooklyn Nets (MARINE),Miami Heat (UNDERRATED),,,,12/08/2026 22:15:00,97,moneyline_1x2,,Miami Heat (UNDERRATED),2.15,False
2026-08-12T21:41:17.769550+00:00,13673685174,GG League - 4x5 Min de juego,True,Boston Celtics,PHARAOH,Los Angeles Lakers,SIGNAL,Boston Celtics (PHARAOH),Los Angeles Lakers (SIGNAL),3º Cuarto,25,24,12/08/2026 21:27:00,97,moneyline_1x2,,Boston Celtics (PHARAOH),1.9,False
2026-08-12T21:41:17.769550+00:00,13673685174,GG League - 4x5 Min de juego,True,Boston Celtics,PHARAOH,Los Angeles Lakers,SIGNAL,Boston Celtics (PHARAOH),Los Angeles Lakers (SIGNAL),3º Cuarto,25,24,12/08/2026 21:27:00,97,moneyline_1x2,,Los Angeles Lakers (SIGNAL),1.75,False
2026-08-12T21:41:17.769550+00:00,13673685424,GG League - 4x5 Min de juego,False,Los Angeles Lakers,AIRFORCE,Oklahoma City Thunder,CYPHER,Los Angeles Lakers (AIRFORCE),Oklahoma City Thunder (CYPHER),,,,12/08/2026 22:51:00,97,moneyline_1x2,,Los Angeles Lakers (AIRFORCE),1.5,False
2026-08-12T21:41:17.769550+00:00,13673685424,GG League - 4x5 Min de juego,False,Los Angeles Lakers,AIRFORCE,Oklahoma City Thunder,CYPHER,Los Angeles Lakers (AIRFORCE),Oklahoma City Thunder (CYPHER),,,,12/08/2026 22:51:00,97,moneyline_1x2,,Oklahoma City Thunder (CYPHER),2.3,False
2026-08-12T21:41:17.769550+00:00,13673685378,GG League - 4x5 Min de juego,False,Chicago Bulls,OREZ,Toronto Raptors,SPARKZ,Chicago Bulls (OREZ),Toronto Raptors (SPARKZ),,,,12/08/2026 21:43:00,97,moneyline_1x2,,Chicago Bulls (OREZ),2.3,False
2026-08-12T21:41:17.769550+00:00,13673685378,GG League - 4x5 Min de juego,False,Chicago Bulls,OREZ,Toronto Raptors,SPARKZ,Chicago Bulls (OREZ),Toronto Raptors (SPARKZ),,,,12/08/2026 21:43:00,97,moneyline_1x2,,Toronto Raptors (SPARKZ),1.5,False
2026-08-12T21:41:17.769550+00:00,13673685775,GG League - 4x5 Min de juego,False,Miami Heat,MYTH,Toronto Raptors,CYPHER,Miami Heat (MYTH),Toronto Raptors (CYPHER),,,,12/08/2026 22:19:00,97,moneyline_1x2,,Miami Heat (MYTH),2.3,False
2026-08-12T21:41:17.769550+00:00,13673685775,GG League - 4x5 Min de juego,False,Miami Heat,MYTH,Toronto Raptors,CYPHER,Miami Heat (MYTH),Toronto Raptors (CYPHER),,,,12/08/2026 22:19:00,97,moneyline_1x2,,Toronto Raptors (CYPHER),1.5,False
2026-08-12T21:41:17.769550+00:00,13673685751,GG League - 4x5 Min de juego,True,Memphis Grizzlies,JUGGERNAUT,Cleveland Cavaliers,DAGGER,Memphis Grizzlies (JUGGERNAUT),Cleveland Cavaliers (DAGGER),3º Cuarto,40,46,12/08/2026 21:19:00,97,moneyline_1x2,,Memphis Grizzlies (JUGGERNAUT),5.0,False
2026-08-12T21:41:17.769550+00:00,13673685751,GG League - 4x5 Min de juego,True,Memphis Grizzlies,JUGGERNAUT,Cleveland Cavaliers,DAGGER,Memphis Grizzlies (JUGGERNAUT),Cleveland Cavaliers (DAGGER),3º Cuarto,40,46,12/08/2026 21:19:00,97,moneyline_1x2,,Cleveland Cavaliers (DAGGER),1.11,False
2026-08-12T21:41:17.769550+00:00,13673684118,GG League - 4x5 Min de juego,False,Chicago Bulls,OREZ,Miami Heat,UNDERRATED,Chicago Bulls (OREZ),Miami Heat (UNDERRATED),,,,12/08/2026 22:47:00,97,moneyline_1x2,,Chicago Bulls (OREZ),2.15,False
2026-08-12T21:41:17.769550+00:00,13673684118,GG League - 4x5 Min de juego,False,Chicago Bulls,OREZ,Miami Heat,UNDERRATED,Chicago Bulls (OREZ),Miami Heat (UNDERRATED),,,,12/08/2026 22:47:00,97,moneyline_1x2,,Miami Heat (UNDERRATED),1.57,False
2026-08-12T21:41:17.769550+00:00,13673683710,GG League - 4x5 Min de juego,True,Oklahoma City Thunder,STING,Los Angeles Lakers,ADMIRAL,Oklahoma City Thunder (STING),Los Angeles Lakers (ADMIRAL),3º Cuarto,25,26,12/08/2026 21:23:00,97,moneyline_1x2,,Oklahoma City Thunder (STING),1.72,False
2026-08-12T21:41:17.769550+00:00,13673683710,GG League - 4x5 Min de juego,True,Oklahoma City Thunder,STING,Los Angeles Lakers,ADMIRAL,Oklahoma City Thunder (STING),Los Angeles Lakers (ADMIRAL),3º Cuarto,25,26,12/08/2026 21:23:00,97,moneyline_1x2,,Los Angeles Lakers (ADMIRAL),1.91,False
2026-08-12T21:41:17.769550+00:00,13673685777,GG League - 4x5 Min de juego,False,Los Angeles Lakers,SIGNAL,Oklahoma City Thunder,AZURE,Los Angeles Lakers (SIGNAL),Oklahoma City Thunder (AZURE),,,,12/08/2026 22:31:00,97,moneyline_1x2,,Los Angeles Lakers (SIGNAL),1.62,False
2026-08-12T21:41:17.769550+00:00,13673685777,GG League - 4x5 Min de juego,False,Los Angeles Lakers,SIGNAL,Oklahoma City Thunder,AZURE,Los Angeles Lakers (SIGNAL),Oklahoma City Thunder (AZURE),,,,12/08/2026 22:31:00,97,moneyline_1x2,,Oklahoma City Thunder (AZURE),2.05,False
2026-08-12T21:41:17.769550+00:00,13673685379,GG League - 4x5 Min de juego,False,New York Knicks,JACKAL,Oklahoma City Thunder,CALAMITY,New York Knicks (JACKAL),Oklahoma City Thunder (CALAMITY),,,,12/08/2026 22:11:00,97,moneyline_1x2,,New York Knicks (JACKAL),2.3,False
2026-08-12T21:41:17.769550+00:00,13673685379,GG League - 4x5 Min de juego,False,New York Knicks,JACKAL,Oklahoma City Thunder,CALAMITY,New York Knicks (JACKAL),Oklahoma City Thunder (CALAMITY),,,,12/08/2026 22:11:00,97,moneyline_1x2,,Oklahoma City Thunder (CALAMITY),1.5,False
2026-08-12T21:41:17.769550+00:00,13673683712,GG League - 4x5 Min de juego,False,Charlotte Hornets,STING,Dallas Mavericks,RADIANT,Charlotte Hornets (STING),Dallas Mavericks (RADIANT),,,,12/08/2026 21:55:00,97,moneyline_1x2,,Charlotte Hornets (STING),2.2,False
2026-08-12T21:41:17.769550+00:00,13673683712,GG League - 4x5 Min de juego,False,Charlotte Hornets,STING,Dallas Mavericks,RADIANT,Charlotte Hornets (STING),Dallas Mavericks (RADIANT),,,,12/08/2026 21:55:00,97,moneyline_1x2,,Dallas Mavericks (RADIANT),1.55,False
2026-08-12T21:41:17.769550+00:00,13673684119,GG League - 4x5 Min de juego,False,Dallas Mavericks,JUGGERNAUT,Charlotte Hornets,GENERAL,Dallas Mavericks (JUGGERNAUT),Charlotte Hornets (GENERAL),,,,12/08/2026 22:55:00,97,moneyline_1x2,,Dallas Mavericks (JUGGERNAUT),1.55,False
2026-08-12T21:41:17.769550+00:00,13673684119,GG League - 4x5 Min de juego,False,Dallas Mavericks,JUGGERNAUT,Charlotte Hornets,GENERAL,Dallas Mavericks (JUGGERNAUT),Charlotte Hornets (GENERAL),,,,12/08/2026 22:55:00,97,moneyline_1x2,,Charlotte Hornets (GENERAL),2.2,False
2026-08-12T21:41:17.769550+00:00,13673685420,GG League - 4x5 Min de juego,False,Los Angeles Lakers,ADMIRAL,New York Knicks,RADIANT,Los Angeles Lakers (ADMIRAL),New York Knicks (RADIANT),,,,12/08/2026 22:27:00,97,moneyline_1x2,,Los Angeles Lakers (ADMIRAL),2.4,False
2026-08-12T21:41:17.769550+00:00,13673685420,GG League - 4x5 Min de juego,False,Los Angeles Lakers,ADMIRAL,New York Knicks,RADIANT,Los Angeles Lakers (ADMIRAL),New York Knicks (RADIANT),,,,12/08/2026 22:27:00,97,moneyline_1x2,,New York Knicks (RADIANT),1.45,False
2026-08-12T21:41:17.769550+00:00,13673685422,GG League - 4x5 Min de juego,False,Los Angeles Lakers,CURSE,Oklahoma City Thunder,CALAMITY,Los Angeles Lakers (CURSE),Oklahoma City Thunder (CALAMITY),,,,12/08/2026 22:43:00,97,moneyline_1x2,,Los Angeles Lakers (CURSE),1.55,False
2026-08-12T21:41:17.769550+00:00,13673685422,GG League - 4x5 Min de juego,False,Los Angeles Lakers,CURSE,Oklahoma City Thunder,CALAMITY,Los Angeles Lakers (CURSE),Oklahoma City Thunder (CALAMITY),,,,12/08/2026 22:43:00,97,moneyline_1x2,,Oklahoma City Thunder (CALAMITY),2.2,False
2026-08-12T21:42:49.496176+00:00,13673685760,GG League - 4x5 Min de juego,False,Dallas Mavericks,JUGGERNAUT,Orlando Magic,NIGHTHAWK,Dallas Mavericks (JUGGERNAUT),Orlando Magic (NIGHTHAWK),,,,12/08/2026 21:51:00,97,moneyline_1x2,,Dallas Mavericks (JUGGERNAUT),2.4,False
2026-08-12T21:42:49.496176+00:00,13673685760,GG League - 4x5 Min de juego,False,Dallas Mavericks,JUGGERNAUT,Orlando Magic,NIGHTHAWK,Dallas Mavericks (JUGGERNAUT),Orlando Magic (NIGHTHAWK),,,,12/08/2026 21:51:00,97,moneyline_1x2,,Orlando Magic (NIGHTHAWK),1.45,False
2026-08-12T21:42:49.496176+00:00,13673684350,GG League - 4x5 Min de juego,False,Memphis Grizzlies,PHARAOH,Cleveland Cavaliers,AZURE,Memphis Grizzlies (PHARAOH),Cleveland Cavaliers (AZURE),,,,12/08/2026 23:03:00,97,moneyline_1x2,,Memphis Grizzlies (PHARAOH),2.6,False
2026-08-12T21:42:49.496176+00:00,13673684350,GG League - 4x5 Min de juego,False,Memphis Grizzlies,PHARAOH,Cleveland Cavaliers,AZURE,Memphis Grizzlies (PHARAOH),Cleveland Cavaliers (AZURE),,,,12/08/2026 23:03:00,97,moneyline_1x2,,Cleveland Cavaliers (AZURE),1.4,False
2026-08-12T21:42:49.496176+00:00,13673685773,GG League - 4x5 Min de juego,False,Memphis Grizzlies,PHARAOH,Milwaukee Bucks,PATIENCE,Memphis Grizzlies (PHARAOH),Milwaukee Bucks (PATIENCE),,,,12/08/2026 21:59:00,97,moneyline_1x2,,Memphis Grizzlies (PHARAOH),2.3,False
2026-08-12T21:42:49.496176+00:00,13673685773,GG League - 4x5 Min de juego,False,Memphis Grizzlies,PHARAOH,Milwaukee Bucks,PATIENCE,Memphis Grizzlies (PHARAOH),Milwaukee Bucks (PATIENCE),,,,12/08/2026 21:59:00,97,moneyline_1x2,,Milwaukee Bucks (PATIENCE),1.5,False
2026-08-12T21:42:49.496176+00:00,13673684349,GG League - 4x5 Min de juego,False,Charlotte Hornets,STING,Denver Nuggets,ADMIRAL,Charlotte Hornets (STING),Denver Nuggets (ADMIRAL),,,,12/08/2026 22:59:00,97,moneyline_1x2,,Charlotte Hornets (STING),1.5,False
2026-08-12T21:42:49.496176+00:00,13673684349,GG League - 4x5 Min de juego,False,Charlotte Hornets,STING,Denver Nuggets,ADMIRAL,Charlotte Hornets (STING),Denver Nuggets (ADMIRAL),,,,12/08/2026 22:59:00,97,moneyline_1x2,,Denver Nuggets (ADMIRAL),2.35,False
2026-08-12T21:42:49.496176+00:00,13673683915,GG League - 4x5 Min de juego,False,Cleveland Cavaliers,DAGGER,Milwaukee Bucks,GENERAL,Cleveland Cavaliers (DAGGER),Milwaukee Bucks (GENERAL),,,,12/08/2026 22:23:00,97,moneyline_1x2,,Cleveland Cavaliers (DAGGER),1.5,False
2026-08-12T21:42:49.496176+00:00,13673683915,GG League - 4x5 Min de juego,False,Cleveland Cavaliers,DAGGER,Milwaukee Bucks,GENERAL,Cleveland Cavaliers (DAGGER),Milwaukee Bucks (GENERAL),,,,12/08/2026 22:23:00,97,moneyline_1x2,,Milwaukee Bucks (GENERAL),2.3,False
2026-08-12T21:42:49.496176+00:00,13673685774,GG League - 4x5 Min de juego,False,Brooklyn Nets,MARINE,Miami Heat,UNDERRATED,Brooklyn Nets (MARINE),Miami Heat (UNDERRATED),,,,12/08/2026 22:15:00,97,moneyline_1x2,,Brooklyn Nets (MARINE),1.57,False
2026-08-12T21:42:49.496176+00:00,13673685774,GG League - 4x5 Min de juego,False,Brooklyn Nets,MARINE,Miami Heat,UNDERRATED,Brooklyn Nets (MARINE),Miami Heat (UNDERRATED),,,,12/08/2026 22:15:00,97,moneyline_1x2,,Miami Heat (UNDERRATED),2.15,False
2026-08-12T21:42:49.496176+00:00,13673685174,GG League - 4x5 Min de juego,True,Boston Celtics,PHARAOH,Los Angeles Lakers,SIGNAL,Boston Celtics (PHARAOH),Los Angeles Lakers (SIGNAL),3º Cuarto,28,29,12/08/2026 21:27:00,97,moneyline_1x2,,Boston Celtics (PHARAOH),2.4,False
2026-08-12T21:42:49.496176+00:00,13673685174,GG League - 4x5 Min de juego,True,Boston Celtics,PHARAOH,Los Angeles Lakers,SIGNAL,Boston Celtics (PHARAOH),Los Angeles Lakers (SIGNAL),3º Cuarto,28,29,12/08/2026 21:27:00,97,moneyline_1x2,,Los Angeles Lakers (SIGNAL),1.45,False
2026-08-12T21:42:49.496176+00:00,13673685424,GG League - 4x5 Min de juego,False,Los Angeles Lakers,AIRFORCE,Oklahoma City Thunder,CYPHER,Los Angeles Lakers (AIRFORCE),Oklahoma City Thunder (CYPHER),,,,12/08/2026 22:51:00,97,moneyline_1x2,,Los Angeles Lakers (AIRFORCE),1.5,False
2026-08-12T21:42:49.496176+00:00,13673685424,GG League - 4x5 Min de juego,False,Los Angeles Lakers,AIRFORCE,Oklahoma City Thunder,CYPHER,Los Angeles Lakers (AIRFORCE),Oklahoma City Thunder (CYPHER),,,,12/08/2026 22:51:00,97,moneyline_1x2,,Oklahoma City Thunder (CYPHER),2.3,False
2026-08-12T21:42:49.496176+00:00,13673685378,GG League - 4x5 Min de juego,False,Chicago Bulls,OREZ,Toronto Raptors,SPARKZ,Chicago Bulls (OREZ),Toronto Raptors (SPARKZ),,,,12/08/2026 21:43:00,97,moneyline_1x2,,Chicago Bulls (OREZ),2.3,False
2026-08-12T21:42:49.496176+00:00,13673685378,GG League - 4x5 Min de juego,False,Chicago Bulls,OREZ,Toronto Raptors,SPARKZ,Chicago Bulls (OREZ),Toronto Raptors (SPARKZ),,,,12/08/2026 21:43:00,97,moneyline_1x2,,Toronto Raptors (SPARKZ),1.5,False
2026-08-12T21:42:49.496176+00:00,13673685775,GG League - 4x5 Min de juego,False,Miami Heat,MYTH,Toronto Raptors,CYPHER,Miami Heat (MYTH),Toronto Raptors (CYPHER),,,,12/08/2026 22:19:00,97,moneyline_1x2,,Miami Heat (MYTH),2.3,False
2026-08-12T21:42:49.496176+00:00,13673685775,GG League - 4x5 Min de juego,False,Miami Heat,MYTH,Toronto Raptors,CYPHER,Miami Heat (MYTH),Toronto Raptors (CYPHER),,,,12/08/2026 22:19:00,97,moneyline_1x2,,Toronto Raptors (CYPHER),1.5,False
2026-08-12T21:42:49.496176+00:00,13673684118,GG League - 4x5 Min de juego,False,Chicago Bulls,OREZ,Miami Heat,UNDERRATED,Chicago Bulls (OREZ),Miami Heat (UNDERRATED),,,,12/08/2026 22:47:00,97,moneyline_1x2,,Chicago Bulls (OREZ),2.15,False
2026-08-12T21:42:49.496176+00:00,13673684118,GG League - 4x5 Min de juego,False,Chicago Bulls,OREZ,Miami Heat,UNDERRATED,Chicago Bulls (OREZ),Miami Heat (UNDERRATED),,,,12/08/2026 22:47:00,97,moneyline_1x2,,Miami Heat (UNDERRATED),1.57,False
2026-08-12T21:42:49.496176+00:00,13673683710,GG League - 4x5 Min de juego,True,Oklahoma City Thunder,STING,Los Angeles Lakers,ADMIRAL,Oklahoma City Thunder (STING),Los Angeles Lakers (ADMIRAL),3º Cuarto,28,29,12/08/2026 21:23:00,97,moneyline_1x2,,Oklahoma City Thunder (STING),1.75,False
2026-08-12T21:42:49.496176+00:00,13673683710,GG League - 4x5 Min de juego,True,Oklahoma City Thunder,STING,Los Angeles Lakers,ADMIRAL,Oklahoma City Thunder (STING),Los Angeles Lakers (ADMIRAL),3º Cuarto,28,29,12/08/2026 21:23:00,97,moneyline_1x2,,Los Angeles Lakers (ADMIRAL),1.9,False
2026-08-12T21:42:49.496176+00:00,13673685777,GG League - 4x5 Min de juego,False,Los Angeles Lakers,SIGNAL,Oklahoma City Thunder,AZURE,Los Angeles Lakers (SIGNAL),Oklahoma City Thunder (AZURE),,,,12/08/2026 22:31:00,97,moneyline_1x2,,Los Angeles Lakers (SIGNAL),1.62,False
2026-08-12T21:42:49.496176+00:00,13673685777,GG League - 4x5 Min de juego,False,Los Angeles Lakers,SIGNAL,Oklahoma City Thunder,AZURE,Los Angeles Lakers (SIGNAL),Oklahoma City Thunder (AZURE),,,,12/08/2026 22:31:00,97,moneyline_1x2,,Oklahoma City Thunder (AZURE),2.05,False
2026-08-12T21:42:49.496176+00:00,13673685379,GG League - 4x5 Min de juego,False,New York Knicks,JACKAL,Oklahoma City Thunder,CALAMITY,New York Knicks (JACKAL),Oklahoma City Thunder (CALAMITY),,,,12/08/2026 22:11:00,97,moneyline_1x2,,New York Knicks (JACKAL),2.3,False
2026-08-12T21:42:49.496176+00:00,13673685379,GG League - 4x5 Min de juego,False,New York Knicks,JACKAL,Oklahoma City Thunder,CALAMITY,New York Knicks (JACKAL),Oklahoma City Thunder (CALAMITY),,,,12/08/2026 22:11:00,97,moneyline_1x2,,Oklahoma City Thunder (CALAMITY),1.5,False
2026-08-12T21:42:49.496176+00:00,13673683712,GG League - 4x5 Min de juego,False,Charlotte Hornets,STING,Dallas Mavericks,RADIANT,Charlotte Hornets (STING),Dallas Mavericks (RADIANT),,,,12/08/2026 21:55:00,97,moneyline_1x2,,Charlotte Hornets (STING),2.2,False
2026-08-12T21:42:49.496176+00:00,13673683712,GG League - 4x5 Min de juego,False,Charlotte Hornets,STING,Dallas Mavericks,RADIANT,Charlotte Hornets (STING),Dallas Mavericks (RADIANT),,,,12/08/2026 21:55:00,97,moneyline_1x2,,Dallas Mavericks (RADIANT),1.55,False
2026-08-12T21:42:49.496176+00:00,13673684119,GG League - 4x5 Min de juego,False,Dallas Mavericks,JUGGERNAUT,Charlotte Hornets,GENERAL,Dallas Mavericks (JUGGERNAUT),Charlotte Hornets (GENERAL),,,,12/08/2026 22:55:00,97,moneyline_1x2,,Dallas Mavericks (JUGGERNAUT),1.55,False
2026-08-12T21:42:49.496176+00:00,13673684119,GG League - 4x5 Min de juego,False,Dallas Mavericks,JUGGERNAUT,Charlotte Hornets,GENERAL,Dallas Mavericks (JUGGERNAUT),Charlotte Hornets (GENERAL),,,,12/08/2026 22:55:00,97,moneyline_1x2,,Charlotte Hornets (GENERAL),2.2,False
2026-08-12T21:42:49.496176+00:00,13673685420,GG League - 4x5 Min de juego,False,Los Angeles Lakers,ADMIRAL,New York Knicks,RADIANT,Los Angeles Lakers (ADMIRAL),New York Knicks (RADIANT),,,,12/08/2026 22:27:00,97,moneyline_1x2,,Los Angeles Lakers (ADMIRAL),2.4,False
2026-08-12T21:42:49.496176+00:00,13673685420,GG League - 4x5 Min de juego,False,Los Angeles Lakers,ADMIRAL,New York Knicks,RADIANT,Los Angeles Lakers (ADMIRAL),New York Knicks (RADIANT),,,,12/08/2026 22:27:00,97,moneyline_1x2,,New York Knicks (RADIANT),1.45,False
2026-08-12T21:42:49.496176+00:00,13673685422,GG League - 4x5 Min de juego,False,Los Angeles Lakers,CURSE,Oklahoma City Thunder,CALAMITY,Los Angeles Lakers (CURSE),Oklahoma City Thunder (CALAMITY),,,,12/08/2026 22:43:00,97,moneyline_1x2,,Los Angeles Lakers (CURSE),1.55,False
2026-08-12T21:42:49.496176+00:00,13673685422,GG League - 4x5 Min de juego,False,Los Angeles Lakers,CURSE,Oklahoma City Thunder,CALAMITY,Los Angeles Lakers (CURSE),Oklahoma City Thunder (CALAMITY),,,,12/08/2026 22:43:00,97,moneyline_1x2,,Oklahoma City Thunder (CALAMITY),2.2,False
2026-08-12T21:44:51.262642+00:00,13673685760,GG League - 4x5 Min de juego,False,Dallas Mavericks,JUGGERNAUT,Orlando Magic,NIGHTHAWK,Dallas Mavericks (JUGGERNAUT),Orlando Magic (NIGHTHAWK),,,,12/08/2026 21:51:00,97,moneyline_1x2,,Dallas Mavericks (JUGGERNAUT),2.4,False
2026-08-12T21:44:51.262642+00:00,13673685760,GG League - 4x5 Min de juego,False,Dallas Mavericks,JUGGERNAUT,Orlando Magic,NIGHTHAWK,Dallas Mavericks (JUGGERNAUT),Orlando Magic (NIGHTHAWK),,,,12/08/2026 21:51:00,97,moneyline_1x2,,Orlando Magic (NIGHTHAWK),1.45,False
2026-08-12T21:44:51.262642+00:00,13673684350,GG League - 4x5 Min de juego,False,Memphis Grizzlies,PHARAOH,Cleveland Cavaliers,AZURE,Memphis Grizzlies (PHARAOH),Cleveland Cavaliers (AZURE),,,,12/08/2026 23:03:00,97,moneyline_1x2,,Memphis Grizzlies (PHARAOH),2.6,False
2026-08-12T21:44:51.262642+00:00,13673684350,GG League - 4x5 Min de juego,False,Memphis Grizzlies,PHARAOH,Cleveland Cavaliers,AZURE,Memphis Grizzlies (PHARAOH),Cleveland Cavaliers (AZURE),,,,12/08/2026 23:03:00,97,moneyline_1x2,,Cleveland Cavaliers (AZURE),1.4,False
2026-08-12T21:44:51.262642+00:00,13673685773,GG League - 4x5 Min de juego,False,Memphis Grizzlies,PHARAOH,Milwaukee Bucks,PATIENCE,Memphis Grizzlies (PHARAOH),Milwaukee Bucks (PATIENCE),,,,12/08/2026 21:59:00,97,moneyline_1x2,,Memphis Grizzlies (PHARAOH),2.3,False
2026-08-12T21:44:51.262642+00:00,13673685773,GG League - 4x5 Min de juego,False,Memphis Grizzlies,PHARAOH,Milwaukee Bucks,PATIENCE,Memphis Grizzlies (PHARAOH),Milwaukee Bucks (PATIENCE),,,,12/08/2026 21:59:00,97,moneyline_1x2,,Milwaukee Bucks (PATIENCE),1.5,False
2026-08-12T21:44:51.262642+00:00,13673684349,GG League - 4x5 Min de juego,False,Charlotte Hornets,STING,Denver Nuggets,ADMIRAL,Charlotte Hornets (STING),Denver Nuggets (ADMIRAL),,,,12/08/2026 22:59:00,97,moneyline_1x2,,Charlotte Hornets (STING),1.5,False
2026-08-12T21:44:51.262642+00:00,13673684349,GG League - 4x5 Min de juego,False,Charlotte Hornets,STING,Denver Nuggets,ADMIRAL,Charlotte Hornets (STING),Denver Nuggets (ADMIRAL),,,,12/08/2026 22:59:00,97,moneyline_1x2,,Denver Nuggets (ADMIRAL),2.35,False
2026-08-12T21:44:51.262642+00:00,13673683915,GG League - 4x5 Min de juego,False,Cleveland Cavaliers,DAGGER,Milwaukee Bucks,GENERAL,Cleveland Cavaliers (DAGGER),Milwaukee Bucks (GENERAL),,,,12/08/2026 22:23:00,97,moneyline_1x2,,Cleveland Cavaliers (DAGGER),1.5,False
2026-08-12T21:44:51.262642+00:00,13673683915,GG League - 4x5 Min de juego,False,Cleveland Cavaliers,DAGGER,Milwaukee Bucks,GENERAL,Cleveland Cavaliers (DAGGER),Milwaukee Bucks (GENERAL),,,,12/08/2026 22:23:00,97,moneyline_1x2,,Milwaukee Bucks (GENERAL),2.3,False
2026-08-12T21:44:51.262642+00:00,13673685774,GG League - 4x5 Min de juego,False,Brooklyn Nets,MARINE,Miami Heat,UNDERRATED,Brooklyn Nets (MARINE),Miami Heat (UNDERRATED),,,,12/08/2026 22:15:00,97,moneyline_1x2,,Brooklyn Nets (MARINE),1.57,False
2026-08-12T21:44:51.262642+00:00,13673685774,GG League - 4x5 Min de juego,False,Brooklyn Nets,MARINE,Miami Heat,UNDERRATED,Brooklyn Nets (MARINE),Miami Heat (UNDERRATED),,,,12/08/2026 22:15:00,97,moneyline_1x2,,Miami Heat (UNDERRATED),2.15,False
2026-08-12T21:44:51.262642+00:00,13673685174,GG League - 4x5 Min de juego,True,Boston Celtics,PHARAOH,Los Angeles Lakers,SIGNAL,Boston Celtics (PHARAOH),Los Angeles Lakers (SIGNAL),3º Cuarto,32,33,12/08/2026 21:27:00,97,moneyline_1x2,,Boston Celtics (PHARAOH),2.4,False
2026-08-12T21:44:51.262642+00:00,13673685174,GG League - 4x5 Min de juego,True,Boston Celtics,PHARAOH,Los Angeles Lakers,SIGNAL,Boston Celtics (PHARAOH),Los Angeles Lakers (SIGNAL),3º Cuarto,32,33,12/08/2026 21:27:00,97,moneyline_1x2,,Los Angeles Lakers (SIGNAL),1.45,False
2026-08-12T21:44:51.262642+00:00,13673685424,GG League - 4x5 Min de juego,False,Los Angeles Lakers,AIRFORCE,Oklahoma City Thunder,CYPHER,Los Angeles Lakers (AIRFORCE),Oklahoma City Thunder (CYPHER),,,,12/08/2026 22:51:00,97,moneyline_1x2,,Los Angeles Lakers (AIRFORCE),1.5,False
2026-08-12T21:44:51.262642+00:00,13673685424,GG League - 4x5 Min de juego,False,Los Angeles Lakers,AIRFORCE,Oklahoma City Thunder,CYPHER,Los Angeles Lakers (AIRFORCE),Oklahoma City Thunder (CYPHER),,,,12/08/2026 22:51:00,97,moneyline_1x2,,Oklahoma City Thunder (CYPHER),2.3,False
2026-08-12T21:44:51.262642+00:00,13673685378,GG League - 4x5 Min de juego,True,Chicago Bulls,OREZ,Toronto Raptors,SPARKZ,Chicago Bulls (OREZ),Toronto Raptors (SPARKZ),1º cuarto,7,2,12/08/2026 21:43:00,97,moneyline_1x2,,Chicago Bulls (OREZ),1.67,False
2026-08-12T21:44:51.262642+00:00,13673685378,GG League - 4x5 Min de juego,True,Chicago Bulls,OREZ,Toronto Raptors,SPARKZ,Chicago Bulls (OREZ),Toronto Raptors (SPARKZ),1º cuarto,7,2,12/08/2026 21:43:00,97,moneyline_1x2,,Toronto Raptors (SPARKZ),2.0,False
2026-08-12T21:44:51.262642+00:00,13673685775,GG League - 4x5 Min de juego,False,Miami Heat,MYTH,Toronto Raptors,CYPHER,Miami Heat (MYTH),Toronto Raptors (CYPHER),,,,12/08/2026 22:19:00,97,moneyline_1x2,,Miami Heat (MYTH),2.3,False
2026-08-12T21:44:51.262642+00:00,13673685775,GG League - 4x5 Min de juego,False,Miami Heat,MYTH,Toronto Raptors,CYPHER,Miami Heat (MYTH),Toronto Raptors (CYPHER),,,,12/08/2026 22:19:00,97,moneyline_1x2,,Toronto Raptors (CYPHER),1.5,False
2026-08-12T21:44:51.262642+00:00,13673684118,GG League - 4x5 Min de juego,False,Chicago Bulls,OREZ,Miami Heat,UNDERRATED,Chicago Bulls (OREZ),Miami Heat (UNDERRATED),,,,12/08/2026 22:47:00,97,moneyline_1x2,,Chicago Bulls (OREZ),2.15,False
2026-08-12T21:44:51.262642+00:00,13673684118,GG League - 4x5 Min de juego,False,Chicago Bulls,OREZ,Miami Heat,UNDERRATED,Chicago Bulls (OREZ),Miami Heat (UNDERRATED),,,,12/08/2026 22:47:00,97,moneyline_1x2,,Miami Heat (UNDERRATED),1.57,False
2026-08-12T21:44:51.262642+00:00,13673683710,GG League - 4x5 Min de juego,True,Oklahoma City Thunder,STING,Los Angeles Lakers,ADMIRAL,Oklahoma City Thunder (STING),Los Angeles Lakers (ADMIRAL),3º Cuarto,28,34,12/08/2026 21:23:00,97,moneyline_1x2,,Oklahoma City Thunder (STING),4.3,False
2026-08-12T21:44:51.262642+00:00,13673683710,GG League - 4x5 Min de juego,True,Oklahoma City Thunder,STING,Los Angeles Lakers,ADMIRAL,Oklahoma City Thunder (STING),Los Angeles Lakers (ADMIRAL),3º Cuarto,28,34,12/08/2026 21:23:00,97,moneyline_1x2,,Los Angeles Lakers (ADMIRAL),1.15,False
2026-08-12T21:44:51.262642+00:00,13673685777,GG League - 4x5 Min de juego,False,Los Angeles Lakers,SIGNAL,Oklahoma City Thunder,AZURE,Los Angeles Lakers (SIGNAL),Oklahoma City Thunder (AZURE),,,,12/08/2026 22:31:00,97,moneyline_1x2,,Los Angeles Lakers (SIGNAL),1.62,False
2026-08-12T21:44:51.262642+00:00,13673685777,GG League - 4x5 Min de juego,False,Los Angeles Lakers,SIGNAL,Oklahoma City Thunder,AZURE,Los Angeles Lakers (SIGNAL),Oklahoma City Thunder (AZURE),,,,12/08/2026 22:31:00,97,moneyline_1x2,,Oklahoma City Thunder (AZURE),2.05,False
2026-08-12T21:44:51.262642+00:00,13673685379,GG League - 4x5 Min de juego,False,New York Knicks,JACKAL,Oklahoma City Thunder,CALAMITY,New York Knicks (JACKAL),Oklahoma City Thunder (CALAMITY),,,,12/08/2026 22:11:00,97,moneyline_1x2,,New York Knicks (JACKAL),2.3,False
2026-08-12T21:44:51.262642+00:00,13673685379,GG League - 4x5 Min de juego,False,New York Knicks,JACKAL,Oklahoma City Thunder,CALAMITY,New York Knicks (JACKAL),Oklahoma City Thunder (CALAMITY),,,,12/08/2026 22:11:00,97,moneyline_1x2,,Oklahoma City Thunder (CALAMITY),1.5,False
2026-08-12T21:44:51.262642+00:00,13673683712,GG League - 4x5 Min de juego,False,Charlotte Hornets,STING,Dallas Mavericks,RADIANT,Charlotte Hornets (STING),Dallas Mavericks (RADIANT),,,,12/08/2026 21:55:00,97,moneyline_1x2,,Charlotte Hornets (STING),2.2,False
2026-08-12T21:44:51.262642+00:00,13673683712,GG League - 4x5 Min de juego,False,Charlotte Hornets,STING,Dallas Mavericks,RADIANT,Charlotte Hornets (STING),Dallas Mavericks (RADIANT),,,,12/08/2026 21:55:00,97,moneyline_1x2,,Dallas Mavericks (RADIANT),1.55,False
2026-08-12T21:44:51.262642+00:00,13673684119,GG League - 4x5 Min de juego,False,Dallas Mavericks,JUGGERNAUT,Charlotte Hornets,GENERAL,Dallas Mavericks (JUGGERNAUT),Charlotte Hornets (GENERAL),,,,12/08/2026 22:55:00,97,moneyline_1x2,,Dallas Mavericks (JUGGERNAUT),1.55,False
2026-08-12T21:44:51.262642+00:00,13673684119,GG League - 4x5 Min de juego,False,Dallas Mavericks,JUGGERNAUT,Charlotte Hornets,GENERAL,Dallas Mavericks (JUGGERNAUT),Charlotte Hornets (GENERAL),,,,12/08/2026 22:55:00,97,moneyline_1x2,,Charlotte Hornets (GENERAL),2.2,False
2026-08-12T21:44:51.262642+00:00,13673685420,GG League - 4x5 Min de juego,False,Los Angeles Lakers,ADMIRAL,New York Knicks,RADIANT,Los Angeles Lakers (ADMIRAL),New York Knicks (RADIANT),,,,12/08/2026 22:27:00,97,moneyline_1x2,,Los Angeles Lakers (ADMIRAL),2.4,False
2026-08-12T21:44:51.262642+00:00,13673685420,GG League - 4x5 Min de juego,False,Los Angeles Lakers,ADMIRAL,New York Knicks,RADIANT,Los Angeles Lakers (ADMIRAL),New York Knicks (RADIANT),,,,12/08/2026 22:27:00,97,moneyline_1x2,,New York Knicks (RADIANT),1.45,False
2026-08-12T21:44:51.262642+00:00,13673685422,GG League - 4x5 Min de juego,False,Los Angeles Lakers,CURSE,Oklahoma City Thunder,CALAMITY,Los Angeles Lakers (CURSE),Oklahoma City Thunder (CALAMITY),,,,12/08/2026 22:43:00,97,moneyline_1x2,,Los Angeles Lakers (CURSE),1.55,False
2026-08-12T21:44:51.262642+00:00,13673685422,GG League - 4x5 Min de juego,False,Los Angeles Lakers,CURSE,Oklahoma City Thunder,CALAMITY,Los Angeles Lakers (CURSE),Oklahoma City Thunder (CALAMITY),,,,12/08/2026 22:43:00,97,moneyline_1x2,,Oklahoma City Thunder (CALAMITY),2.2,False
2026-08-12T21:46:48.203959+00:00,13673685760,GG League - 4x5 Min de juego,False,Dallas Mavericks,JUGGERNAUT,Orlando Magic,NIGHTHAWK,Dallas Mavericks (JUGGERNAUT),Orlando Magic (NIGHTHAWK),,,,12/08/2026 21:51:00,97,moneyline_1x2,,Dallas Mavericks (JUGGERNAUT),2.3,False
2026-08-12T21:46:48.203959+00:00,13673685760,GG League - 4x5 Min de juego,False,Dallas Mavericks,JUGGERNAUT,Orlando Magic,NIGHTHAWK,Dallas Mavericks (JUGGERNAUT),Orlando Magic (NIGHTHAWK),,,,12/08/2026 21:51:00,97,moneyline_1x2,,Orlando Magic (NIGHTHAWK),1.5,False
2026-08-12T21:46:48.203959+00:00,13673684350,GG League - 4x5 Min de juego,False,Memphis Grizzlies,PHARAOH,Cleveland Cavaliers,AZURE,Memphis Grizzlies (PHARAOH),Cleveland Cavaliers (AZURE),,,,12/08/2026 23:03:00,97,moneyline_1x2,,Memphis Grizzlies (PHARAOH),2.6,False
2026-08-12T21:46:48.203959+00:00,13673684350,GG League - 4x5 Min de juego,False,Memphis Grizzlies,PHARAOH,Cleveland Cavaliers,AZURE,Memphis Grizzlies (PHARAOH),Cleveland Cavaliers (AZURE),,,,12/08/2026 23:03:00,97,moneyline_1x2,,Cleveland Cavaliers (AZURE),1.4,False
2026-08-12T21:46:48.203959+00:00,13673685773,GG League - 4x5 Min de juego,False,Memphis Grizzlies,PHARAOH,Milwaukee Bucks,PATIENCE,Memphis Grizzlies (PHARAOH),Milwaukee Bucks (PATIENCE),,,,12/08/2026 21:59:00,97,moneyline_1x2,,Memphis Grizzlies (PHARAOH),2.3,False
2026-08-12T21:46:48.203959+00:00,13673685773,GG League - 4x5 Min de juego,False,Memphis Grizzlies,PHARAOH,Milwaukee Bucks,PATIENCE,Memphis Grizzlies (PHARAOH),Milwaukee Bucks (PATIENCE),,,,12/08/2026 21:59:00,97,moneyline_1x2,,Milwaukee Bucks (PATIENCE),1.5,False
2026-08-12T21:46:48.203959+00:00,13673684349,GG League - 4x5 Min de juego,False,Charlotte Hornets,STING,Denver Nuggets,ADMIRAL,Charlotte Hornets (STING),Denver Nuggets (ADMIRAL),,,,12/08/2026 22:59:00,97,moneyline_1x2,,Charlotte Hornets (STING),1.5,False
2026-08-12T21:46:48.203959+00:00,13673684349,GG League - 4x5 Min de juego,False,Charlotte Hornets,STING,Denver Nuggets,ADMIRAL,Charlotte Hornets (STING),Denver Nuggets (ADMIRAL),,,,12/08/2026 22:59:00,97,moneyline_1x2,,Denver Nuggets (ADMIRAL),2.35,False
2026-08-12T21:46:48.203959+00:00,13673683915,GG League - 4x5 Min de juego,False,Cleveland Cavaliers,DAGGER,Milwaukee Bucks,GENERAL,Cleveland Cavaliers (DAGGER),Milwaukee Bucks (GENERAL),,,,12/08/2026 22:23:00,97,moneyline_1x2,,Cleveland Cavaliers (DAGGER),1.5,False
2026-08-12T21:46:48.203959+00:00,13673683915,GG League - 4x5 Min de juego,False,Cleveland Cavaliers,DAGGER,Milwaukee Bucks,GENERAL,Cleveland Cavaliers (DAGGER),Milwaukee Bucks (GENERAL),,,,12/08/2026 22:23:00,97,moneyline_1x2,,Milwaukee Bucks (GENERAL),2.3,False
2026-08-12T21:46:48.203959+00:00,13673685774,GG League - 4x5 Min de juego,False,Brooklyn Nets,MARINE,Miami Heat,UNDERRATED,Brooklyn Nets (MARINE),Miami Heat (UNDERRATED),,,,12/08/2026 22:15:00,97,moneyline_1x2,,Brooklyn Nets (MARINE),1.57,False
2026-08-12T21:46:48.203959+00:00,13673685774,GG League - 4x5 Min de juego,False,Brooklyn Nets,MARINE,Miami Heat,UNDERRATED,Brooklyn Nets (MARINE),Miami Heat (UNDERRATED),,,,12/08/2026 22:15:00,97,moneyline_1x2,,Miami Heat (UNDERRATED),2.15,False
2026-08-12T21:46:48.203959+00:00,13673685174,GG League - 4x5 Min de juego,True,Boston Celtics,PHARAOH,Los Angeles Lakers,SIGNAL,Boston Celtics (PHARAOH),Los Angeles Lakers (SIGNAL),4º cuarto,32,35,12/08/2026 21:27:00,97,moneyline_1x2,,Boston Celtics (PHARAOH),3.5,False
2026-08-12T21:46:48.203959+00:00,13673685174,GG League - 4x5 Min de juego,True,Boston Celtics,PHARAOH,Los Angeles Lakers,SIGNAL,Boston Celtics (PHARAOH),Los Angeles Lakers (SIGNAL),4º cuarto,32,35,12/08/2026 21:27:00,97,moneyline_1x2,,Los Angeles Lakers (SIGNAL),1.22,False
2026-08-12T21:46:48.203959+00:00,13673685424,GG League - 4x5 Min de juego,False,Los Angeles Lakers,AIRFORCE,Oklahoma City Thunder,CYPHER,Los Angeles Lakers (AIRFORCE),Oklahoma City Thunder (CYPHER),,,,12/08/2026 22:51:00,97,moneyline_1x2,,Los Angeles Lakers (AIRFORCE),1.5,False
2026-08-12T21:46:48.203959+00:00,13673685424,GG League - 4x5 Min de juego,False,Los Angeles Lakers,AIRFORCE,Oklahoma City Thunder,CYPHER,Los Angeles Lakers (AIRFORCE),Oklahoma City Thunder (CYPHER),,,,12/08/2026 22:51:00,97,moneyline_1x2,,Oklahoma City Thunder (CYPHER),2.3,False
2026-08-12T21:46:48.203959+00:00,13673685378,GG League - 4x5 Min de juego,True,Chicago Bulls,OREZ,Toronto Raptors,SPARKZ,Chicago Bulls (OREZ),Toronto Raptors (SPARKZ),1º cuarto,13,8,12/08/2026 21:43:00,97,moneyline_1x2,,Chicago Bulls (OREZ),1.62,False
2026-08-12T21:46:48.203959+00:00,13673685378,GG League - 4x5 Min de juego,True,Chicago Bulls,OREZ,Toronto Raptors,SPARKZ,Chicago Bulls (OREZ),Toronto Raptors (SPARKZ),1º cuarto,13,8,12/08/2026 21:43:00,97,moneyline_1x2,,Toronto Raptors (SPARKZ),2.05,False
2026-08-12T21:46:48.203959+00:00,13673685775,GG League - 4x5 Min de juego,False,Miami Heat,MYTH,Toronto Raptors,CYPHER,Miami Heat (MYTH),Toronto Raptors (CYPHER),,,,12/08/2026 22:19:00,97,moneyline_1x2,,Miami Heat (MYTH),2.3,False
2026-08-12T21:46:48.203959+00:00,13673685775,GG League - 4x5 Min de juego,False,Miami Heat,MYTH,Toronto Raptors,CYPHER,Miami Heat (MYTH),Toronto Raptors (CYPHER),,,,12/08/2026 22:19:00,97,moneyline_1x2,,Toronto Raptors (CYPHER),1.5,False
2026-08-12T21:46:48.203959+00:00,13673684118,GG League - 4x5 Min de juego,False,Chicago Bulls,OREZ,Miami Heat,UNDERRATED,Chicago Bulls (OREZ),Miami Heat (UNDERRATED),,,,12/08/2026 22:47:00,97,moneyline_1x2,,Chicago Bulls (OREZ),2.15,False
2026-08-12T21:46:48.203959+00:00,13673684118,GG League - 4x5 Min de juego,False,Chicago Bulls,OREZ,Miami Heat,UNDERRATED,Chicago Bulls (OREZ),Miami Heat (UNDERRATED),,,,12/08/2026 22:47:00,97,moneyline_1x2,,Miami Heat (UNDERRATED),1.57,False
2026-08-12T21:46:48.203959+00:00,13673683710,GG League - 4x5 Min de juego,True,Oklahoma City Thunder,STING,Los Angeles Lakers,ADMIRAL,Oklahoma City Thunder (STING),Los Angeles Lakers (ADMIRAL),4º cuarto,31,37,12/08/2026 21:23:00,97,moneyline_1x2,,Oklahoma City Thunder (STING),5.5,False
2026-08-12T21:46:48.203959+00:00,13673683710,GG League - 4x5 Min de juego,True,Oklahoma City Thunder,STING,Los Angeles Lakers,ADMIRAL,Oklahoma City Thunder (STING),Los Angeles Lakers (ADMIRAL),4º cuarto,31,37,12/08/2026 21:23:00,97,moneyline_1x2,,Los Angeles Lakers (ADMIRAL),1.09,False
2026-08-12T21:46:48.203959+00:00,13673685777,GG League - 4x5 Min de juego,False,Los Angeles Lakers,SIGNAL,Oklahoma City Thunder,AZURE,Los Angeles Lakers (SIGNAL),Oklahoma City Thunder (AZURE),,,,12/08/2026 22:31:00,97,moneyline_1x2,,Los Angeles Lakers (SIGNAL),1.62,False
2026-08-12T21:46:48.203959+00:00,13673685777,GG League - 4x5 Min de juego,False,Los Angeles Lakers,SIGNAL,Oklahoma City Thunder,AZURE,Los Angeles Lakers (SIGNAL),Oklahoma City Thunder (AZURE),,,,12/08/2026 22:31:00,97,moneyline_1x2,,Oklahoma City Thunder (AZURE),2.05,False
2026-08-12T21:46:48.203959+00:00,13673685379,GG League - 4x5 Min de juego,False,New York Knicks,JACKAL,Oklahoma City Thunder,CALAMITY,New York Knicks (JACKAL),Oklahoma City Thunder (CALAMITY),,,,12/08/2026 22:11:00,97,moneyline_1x2,,New York Knicks (JACKAL),2.5,False
2026-08-12T21:46:48.203959+00:00,13673685379,GG League - 4x5 Min de juego,False,New York Knicks,JACKAL,Oklahoma City Thunder,CALAMITY,New York Knicks (JACKAL),Oklahoma City Thunder (CALAMITY),,,,12/08/2026 22:11:00,97,moneyline_1x2,,Oklahoma City Thunder (CALAMITY),1.43,False
2026-08-12T21:46:48.203959+00:00,13673683712,GG League - 4x5 Min de juego,False,Charlotte Hornets,STING,Dallas Mavericks,RADIANT,Charlotte Hornets (STING),Dallas Mavericks (RADIANT),,,,12/08/2026 21:55:00,97,moneyline_1x2,,Charlotte Hornets (STING),2.2,False
2026-08-12T21:46:48.203959+00:00,13673683712,GG League - 4x5 Min de juego,False,Charlotte Hornets,STING,Dallas Mavericks,RADIANT,Charlotte Hornets (STING),Dallas Mavericks (RADIANT),,,,12/08/2026 21:55:00,97,moneyline_1x2,,Dallas Mavericks (RADIANT),1.55,False
2026-08-12T21:46:48.203959+00:00,13673684119,GG League - 4x5 Min de juego,False,Dallas Mavericks,JUGGERNAUT,Charlotte Hornets,GENERAL,Dallas Mavericks (JUGGERNAUT),Charlotte Hornets (GENERAL),,,,12/08/2026 22:55:00,97,moneyline_1x2,,Dallas Mavericks (JUGGERNAUT),1.55,False
2026-08-12T21:46:48.203959+00:00,13673684119,GG League - 4x5 Min de juego,False,Dallas Mavericks,JUGGERNAUT,Charlotte Hornets,GENERAL,Dallas Mavericks (JUGGERNAUT),Charlotte Hornets (GENERAL),,,,12/08/2026 22:55:00,97,moneyline_1x2,,Charlotte Hornets (GENERAL),2.2,False
2026-08-12T21:46:48.203959+00:00,13673685420,GG League - 4x5 Min de juego,False,Los Angeles Lakers,ADMIRAL,New York Knicks,RADIANT,Los Angeles Lakers (ADMIRAL),New York Knicks (RADIANT),,,,12/08/2026 22:27:00,97,moneyline_1x2,,Los Angeles Lakers (ADMIRAL),2.4,False
2026-08-12T21:46:48.203959+00:00,13673685420,GG League - 4x5 Min de juego,False,Los Angeles Lakers,ADMIRAL,New York Knicks,RADIANT,Los Angeles Lakers (ADMIRAL),New York Knicks (RADIANT),,,,12/08/2026 22:27:00,97,moneyline_1x2,,New York Knicks (RADIANT),1.45,False
2026-08-12T21:46:48.203959+00:00,13673685422,GG League - 4x5 Min de juego,False,Los Angeles Lakers,CURSE,Oklahoma City Thunder,CALAMITY,Los Angeles Lakers (CURSE),Oklahoma City Thunder (CALAMITY),,,,12/08/2026 22:43:00,97,moneyline_1x2,,Los Angeles Lakers (CURSE),1.55,False
2026-08-12T21:46:48.203959+00:00,13673685422,GG League - 4x5 Min de juego,False,Los Angeles Lakers,CURSE,Oklahoma City Thunder,CALAMITY,Los Angeles Lakers (CURSE),Oklahoma City Thunder (CALAMITY),,,,12/08/2026 22:43:00,97,moneyline_1x2,,Oklahoma City Thunder (CALAMITY),2.2,False
2026-08-12T21:48:50.870669+00:00,13673685760,GG League - 4x5 Min de juego,False,Dallas Mavericks,JUGGERNAUT,Orlando Magic,NIGHTHAWK,Dallas Mavericks (JUGGERNAUT),Orlando Magic (NIGHTHAWK),,,,12/08/2026 21:51:00,97,moneyline_1x2,,Dallas Mavericks (JUGGERNAUT),2.3,False
2026-08-12T21:48:50.870669+00:00,13673685760,GG League - 4x5 Min de juego,False,Dallas Mavericks,JUGGERNAUT,Orlando Magic,NIGHTHAWK,Dallas Mavericks (JUGGERNAUT),Orlando Magic (NIGHTHAWK),,,,12/08/2026 21:51:00,97,moneyline_1x2,,Orlando Magic (NIGHTHAWK),1.5,False
2026-08-12T21:48:50.870669+00:00,13673684350,GG League - 4x5 Min de juego,False,Memphis Grizzlies,PHARAOH,Cleveland Cavaliers,AZURE,Memphis Grizzlies (PHARAOH),Cleveland Cavaliers (AZURE),,,,12/08/2026 23:03:00,97,moneyline_1x2,,Memphis Grizzlies (PHARAOH),2.6,False
2026-08-12T21:48:50.870669+00:00,13673684350,GG League - 4x5 Min de juego,False,Memphis Grizzlies,PHARAOH,Cleveland Cavaliers,AZURE,Memphis Grizzlies (PHARAOH),Cleveland Cavaliers (AZURE),,,,12/08/2026 23:03:00,97,moneyline_1x2,,Cleveland Cavaliers (AZURE),1.4,False
2026-08-12T21:48:50.870669+00:00,13673685773,GG League - 4x5 Min de juego,False,Memphis Grizzlies,PHARAOH,Milwaukee Bucks,PATIENCE,Memphis Grizzlies (PHARAOH),Milwaukee Bucks (PATIENCE),,,,12/08/2026 21:59:00,97,moneyline_1x2,,Memphis Grizzlies (PHARAOH),2.3,False
2026-08-12T21:48:50.870669+00:00,13673685773,GG League - 4x5 Min de juego,False,Memphis Grizzlies,PHARAOH,Milwaukee Bucks,PATIENCE,Memphis Grizzlies (PHARAOH),Milwaukee Bucks (PATIENCE),,,,12/08/2026 21:59:00,97,moneyline_1x2,,Milwaukee Bucks (PATIENCE),1.5,False
2026-08-12T21:48:50.870669+00:00,13673684349,GG League - 4x5 Min de juego,False,Charlotte Hornets,STING,Denver Nuggets,ADMIRAL,Charlotte Hornets (STING),Denver Nuggets (ADMIRAL),,,,12/08/2026 22:59:00,97,moneyline_1x2,,Charlotte Hornets (STING),1.5,False
2026-08-12T21:48:50.870669+00:00,13673684349,GG League - 4x5 Min de juego,False,Charlotte Hornets,STING,Denver Nuggets,ADMIRAL,Charlotte Hornets (STING),Denver Nuggets (ADMIRAL),,,,12/08/2026 22:59:00,97,moneyline_1x2,,Denver Nuggets (ADMIRAL),2.35,False
2026-08-12T21:48:50.870669+00:00,13673683915,GG League - 4x5 Min de juego,False,Cleveland Cavaliers,DAGGER,Milwaukee Bucks,GENERAL,Cleveland Cavaliers (DAGGER),Milwaukee Bucks (GENERAL),,,,12/08/2026 22:23:00,97,moneyline_1x2,,Cleveland Cavaliers (DAGGER),1.5,False
2026-08-12T21:48:50.870669+00:00,13673683915,GG League - 4x5 Min de juego,False,Cleveland Cavaliers,DAGGER,Milwaukee Bucks,GENERAL,Cleveland Cavaliers (DAGGER),Milwaukee Bucks (GENERAL),,,,12/08/2026 22:23:00,97,moneyline_1x2,,Milwaukee Bucks (GENERAL),2.3,False
2026-08-12T21:48:50.870669+00:00,13673685774,GG League - 4x5 Min de juego,False,Brooklyn Nets,MARINE,Miami Heat,UNDERRATED,Brooklyn Nets (MARINE),Miami Heat (UNDERRATED),,,,12/08/2026 22:15:00,97,moneyline_1x2,,Brooklyn Nets (MARINE),1.57,False
2026-08-12T21:48:50.870669+00:00,13673685774,GG League - 4x5 Min de juego,False,Brooklyn Nets,MARINE,Miami Heat,UNDERRATED,Brooklyn Nets (MARINE),Miami Heat (UNDERRATED),,,,12/08/2026 22:15:00,97,moneyline_1x2,,Miami Heat (UNDERRATED),2.15,False
2026-08-12T21:48:50.870669+00:00,13673685174,GG League - 4x5 Min de juego,True,Boston Celtics,PHARAOH,Los Angeles Lakers,SIGNAL,Boston Celtics (PHARAOH),Los Angeles Lakers (SIGNAL),4º cuarto,36,40,12/08/2026 21:27:00,97,moneyline_1x2,,Boston Celtics (PHARAOH),5.0,False
2026-08-12T21:48:50.870669+00:00,13673685174,GG League - 4x5 Min de juego,True,Boston Celtics,PHARAOH,Los Angeles Lakers,SIGNAL,Boston Celtics (PHARAOH),Los Angeles Lakers (SIGNAL),4º cuarto,36,40,12/08/2026 21:27:00,97,moneyline_1x2,,Los Angeles Lakers (SIGNAL),1.11,False
2026-08-12T21:48:50.870669+00:00,13673685424,GG League - 4x5 Min de juego,False,Los Angeles Lakers,AIRFORCE,Oklahoma City Thunder,CYPHER,Los Angeles Lakers (AIRFORCE),Oklahoma City Thunder (CYPHER),,,,12/08/2026 22:51:00,97,moneyline_1x2,,Los Angeles Lakers (AIRFORCE),1.5,False
2026-08-12T21:48:50.870669+00:00,13673685424,GG League - 4x5 Min de juego,False,Los Angeles Lakers,AIRFORCE,Oklahoma City Thunder,CYPHER,Los Angeles Lakers (AIRFORCE),Oklahoma City Thunder (CYPHER),,,,12/08/2026 22:51:00,97,moneyline_1x2,,Oklahoma City Thunder (CYPHER),2.3,False
2026-08-12T21:48:50.870669+00:00,13673685378,GG League - 4x5 Min de juego,True,Chicago Bulls,OREZ,Toronto Raptors,SPARKZ,Chicago Bulls (OREZ),Toronto Raptors (SPARKZ),1º cuarto,17,15,12/08/2026 21:43:00,97,moneyline_1x2,,Chicago Bulls (OREZ),1.91,False
2026-08-12T21:48:50.870669+00:00,13673685378,GG League - 4x5 Min de juego,True,Chicago Bulls,OREZ,Toronto Raptors,SPARKZ,Chicago Bulls (OREZ),Toronto Raptors (SPARKZ),1º cuarto,17,15,12/08/2026 21:43:00,97,moneyline_1x2,,Toronto Raptors (SPARKZ),1.72,False
2026-08-12T21:48:50.870669+00:00,13673685775,GG League - 4x5 Min de juego,False,Miami Heat,MYTH,Toronto Raptors,CYPHER,Miami Heat (MYTH),Toronto Raptors (CYPHER),,,,12/08/2026 22:19:00,97,moneyline_1x2,,Miami Heat (MYTH),2.3,False
2026-08-12T21:48:50.870669+00:00,13673685775,GG League - 4x5 Min de juego,False,Miami Heat,MYTH,Toronto Raptors,CYPHER,Miami Heat (MYTH),Toronto Raptors (CYPHER),,,,12/08/2026 22:19:00,97,moneyline_1x2,,Toronto Raptors (CYPHER),1.5,False
2026-08-12T21:48:50.870669+00:00,13673684118,GG League - 4x5 Min de juego,False,Chicago Bulls,OREZ,Miami Heat,UNDERRATED,Chicago Bulls (OREZ),Miami Heat (UNDERRATED),,,,12/08/2026 22:47:00,97,moneyline_1x2,,Chicago Bulls (OREZ),2.15,False
2026-08-12T21:48:50.870669+00:00,13673684118,GG League - 4x5 Min de juego,False,Chicago Bulls,OREZ,Miami Heat,UNDERRATED,Chicago Bulls (OREZ),Miami Heat (UNDERRATED),,,,12/08/2026 22:47:00,97,moneyline_1x2,,Miami Heat (UNDERRATED),1.57,False
2026-08-12T21:48:50.870669+00:00,13673683710,GG League - 4x5 Min de juego,True,Oklahoma City Thunder,STING,Los Angeles Lakers,ADMIRAL,Oklahoma City Thunder (STING),Los Angeles Lakers (ADMIRAL),4º cuarto,37,40,12/08/2026 21:23:00,97,moneyline_1x2,,Oklahoma City Thunder (STING),3.5,False
2026-08-12T21:48:50.870669+00:00,13673683710,GG League - 4x5 Min de juego,True,Oklahoma City Thunder,STING,Los Angeles Lakers,ADMIRAL,Oklahoma City Thunder (STING),Los Angeles Lakers (ADMIRAL),4º cuarto,37,40,12/08/2026 21:23:00,97,moneyline_1x2,,Los Angeles Lakers (ADMIRAL),1.22,False
2026-08-12T21:48:50.870669+00:00,13673685777,GG League - 4x5 Min de juego,False,Los Angeles Lakers,SIGNAL,Oklahoma City Thunder,AZURE,Los Angeles Lakers (SIGNAL),Oklahoma City Thunder (AZURE),,,,12/08/2026 22:31:00,97,moneyline_1x2,,Los Angeles Lakers (SIGNAL),1.62,False
2026-08-12T21:48:50.870669+00:00,13673685777,GG League - 4x5 Min de juego,False,Los Angeles Lakers,SIGNAL,Oklahoma City Thunder,AZURE,Los Angeles Lakers (SIGNAL),Oklahoma City Thunder (AZURE),,,,12/08/2026 22:31:00,97,moneyline_1x2,,Oklahoma City Thunder (AZURE),2.05,False
2026-08-12T21:48:50.870669+00:00,13673685379,GG League - 4x5 Min de juego,False,New York Knicks,JACKAL,Oklahoma City Thunder,CALAMITY,New York Knicks (JACKAL),Oklahoma City Thunder (CALAMITY),,,,12/08/2026 22:11:00,97,moneyline_1x2,,New York Knicks (JACKAL),2.5,False
2026-08-12T21:48:50.870669+00:00,13673685379,GG League - 4x5 Min de juego,False,New York Knicks,JACKAL,Oklahoma City Thunder,CALAMITY,New York Knicks (JACKAL),Oklahoma City Thunder (CALAMITY),,,,12/08/2026 22:11:00,97,moneyline_1x2,,Oklahoma City Thunder (CALAMITY),1.43,False
2026-08-12T21:48:50.870669+00:00,13673683712,GG League - 4x5 Min de juego,False,Charlotte Hornets,STING,Dallas Mavericks,RADIANT,Charlotte Hornets (STING),Dallas Mavericks (RADIANT),,,,12/08/2026 21:55:00,97,moneyline_1x2,,Charlotte Hornets (STING),2.2,False
2026-08-12T21:48:50.870669+00:00,13673683712,GG League - 4x5 Min de juego,False,Charlotte Hornets,STING,Dallas Mavericks,RADIANT,Charlotte Hornets (STING),Dallas Mavericks (RADIANT),,,,12/08/2026 21:55:00,97,moneyline_1x2,,Dallas Mavericks (RADIANT),1.55,False
2026-08-12T21:48:50.870669+00:00,13673684119,GG League - 4x5 Min de juego,False,Dallas Mavericks,JUGGERNAUT,Charlotte Hornets,GENERAL,Dallas Mavericks (JUGGERNAUT),Charlotte Hornets (GENERAL),,,,12/08/2026 22:55:00,97,moneyline_1x2,,Dallas Mavericks (JUGGERNAUT),1.55,False
2026-08-12T21:48:50.870669+00:00,13673684119,GG League - 4x5 Min de juego,False,Dallas Mavericks,JUGGERNAUT,Charlotte Hornets,GENERAL,Dallas Mavericks (JUGGERNAUT),Charlotte Hornets (GENERAL),,,,12/08/2026 22:55:00,97,moneyline_1x2,,Charlotte Hornets (GENERAL),2.2,False
2026-08-12T21:48:50.870669+00:00,13673683711,GG League - 4x5 Min de juego,True,Los Angeles Lakers,AIRFORCE,Boston Celtics,KARMA,Los Angeles Lakers (AIRFORCE),Boston Celtics (KARMA),1º cuarto,4,4,12/08/2026 21:47:00,97,moneyline_1x2,,Los Angeles Lakers (AIRFORCE),2.05,False
2026-08-12T21:48:50.870669+00:00,13673683711,GG League - 4x5 Min de juego,True,Los Angeles Lakers,AIRFORCE,Boston Celtics,KARMA,Los Angeles Lakers (AIRFORCE),Boston Celtics (KARMA),1º cuarto,4,4,12/08/2026 21:47:00,97,moneyline_1x2,,Boston Celtics (KARMA),1.62,False
2026-08-12T21:48:50.870669+00:00,13673685420,GG League - 4x5 Min de juego,False,Los Angeles Lakers,ADMIRAL,New York Knicks,RADIANT,Los Angeles Lakers (ADMIRAL),New York Knicks (RADIANT),,,,12/08/2026 22:27:00,97,moneyline_1x2,,Los Angeles Lakers (ADMIRAL),2.4,False
2026-08-12T21:48:50.870669+00:00,13673685420,GG League - 4x5 Min de juego,False,Los Angeles Lakers,ADMIRAL,New York Knicks,RADIANT,Los Angeles Lakers (ADMIRAL),New York Knicks (RADIANT),,,,12/08/2026 22:27:00,97,moneyline_1x2,,New York Knicks (RADIANT),1.45,False
2026-08-12T21:48:50.870669+00:00,13673685754,GG League - 4x5 Min de juego,True,Los Angeles Lakers,CURSE,Boston Celtics,HUNCHO,Los Angeles Lakers (CURSE),Boston Celtics (HUNCHO),2º cuarto,24,26,12/08/2026 21:39:00,97,moneyline_1x2,,Los Angeles Lakers (CURSE),2.5,False
2026-08-12T21:48:50.870669+00:00,13673685754,GG League - 4x5 Min de juego,True,Los Angeles Lakers,CURSE,Boston Celtics,HUNCHO,Los Angeles Lakers (CURSE),Boston Celtics (HUNCHO),2º cuarto,24,26,12/08/2026 21:39:00,97,moneyline_1x2,,Boston Celtics (HUNCHO),1.43,False
2026-08-12T21:48:50.870669+00:00,13673685422,GG League - 4x5 Min de juego,False,Los Angeles Lakers,CURSE,Oklahoma City Thunder,CALAMITY,Los Angeles Lakers (CURSE),Oklahoma City Thunder (CALAMITY),,,,12/08/2026 22:43:00,97,moneyline_1x2,,Los Angeles Lakers (CURSE),1.55,False
2026-08-12T21:48:50.870669+00:00,13673685422,GG League - 4x5 Min de juego,False,Los Angeles Lakers,CURSE,Oklahoma City Thunder,CALAMITY,Los Angeles Lakers (CURSE),Oklahoma City Thunder (CALAMITY),,,,12/08/2026 22:43:00,97,moneyline_1x2,,Oklahoma City Thunder (CALAMITY),2.2,False
2026-08-12T21:51:09.796471+00:00,13673684350,GG League - 4x5 Min de juego,False,Memphis Grizzlies,PHARAOH,Cleveland Cavaliers,AZURE,Memphis Grizzlies (PHARAOH),Cleveland Cavaliers (AZURE),,,,12/08/2026 23:03:00,97,moneyline_1x2,,Memphis Grizzlies (PHARAOH),2.6,False
2026-08-12T21:51:09.796471+00:00,13673684350,GG League - 4x5 Min de juego,False,Memphis Grizzlies,PHARAOH,Cleveland Cavaliers,AZURE,Memphis Grizzlies (PHARAOH),Cleveland Cavaliers (AZURE),,,,12/08/2026 23:03:00,97,moneyline_1x2,,Cleveland Cavaliers (AZURE),1.4,False
2026-08-12T21:51:09.796471+00:00,13673685773,GG League - 4x5 Min de juego,False,Memphis Grizzlies,PHARAOH,Milwaukee Bucks,PATIENCE,Memphis Grizzlies (PHARAOH),Milwaukee Bucks (PATIENCE),,,,12/08/2026 21:59:00,97,moneyline_1x2,,Memphis Grizzlies (PHARAOH),2.3,False
2026-08-12T21:51:09.796471+00:00,13673685773,GG League - 4x5 Min de juego,False,Memphis Grizzlies,PHARAOH,Milwaukee Bucks,PATIENCE,Memphis Grizzlies (PHARAOH),Milwaukee Bucks (PATIENCE),,,,12/08/2026 21:59:00,97,moneyline_1x2,,Milwaukee Bucks (PATIENCE),1.5,False
2026-08-12T21:51:09.796471+00:00,13673684349,GG League - 4x5 Min de juego,False,Charlotte Hornets,STING,Denver Nuggets,ADMIRAL,Charlotte Hornets (STING),Denver Nuggets (ADMIRAL),,,,12/08/2026 22:59:00,97,moneyline_1x2,,Charlotte Hornets (STING),1.5,False
2026-08-12T21:51:09.796471+00:00,13673684349,GG League - 4x5 Min de juego,False,Charlotte Hornets,STING,Denver Nuggets,ADMIRAL,Charlotte Hornets (STING),Denver Nuggets (ADMIRAL),,,,12/08/2026 22:59:00,97,moneyline_1x2,,Denver Nuggets (ADMIRAL),2.35,False
2026-08-12T21:51:09.796471+00:00,13673683915,GG League - 4x5 Min de juego,False,Cleveland Cavaliers,DAGGER,Milwaukee Bucks,GENERAL,Cleveland Cavaliers (DAGGER),Milwaukee Bucks (GENERAL),,,,12/08/2026 22:23:00,97,moneyline_1x2,,Cleveland Cavaliers (DAGGER),1.5,False
2026-08-12T21:51:09.796471+00:00,13673683915,GG League - 4x5 Min de juego,False,Cleveland Cavaliers,DAGGER,Milwaukee Bucks,GENERAL,Cleveland Cavaliers (DAGGER),Milwaukee Bucks (GENERAL),,,,12/08/2026 22:23:00,97,moneyline_1x2,,Milwaukee Bucks (GENERAL),2.3,False
2026-08-12T21:51:09.796471+00:00,13673685774,GG League - 4x5 Min de juego,False,Brooklyn Nets,MARINE,Miami Heat,UNDERRATED,Brooklyn Nets (MARINE),Miami Heat (UNDERRATED),,,,12/08/2026 22:15:00,97,moneyline_1x2,,Brooklyn Nets (MARINE),1.57,False
2026-08-12T21:51:09.796471+00:00,13673685774,GG League - 4x5 Min de juego,False,Brooklyn Nets,MARINE,Miami Heat,UNDERRATED,Brooklyn Nets (MARINE),Miami Heat (UNDERRATED),,,,12/08/2026 22:15:00,97,moneyline_1x2,,Miami Heat (UNDERRATED),2.15,False
2026-08-12T21:51:09.796471+00:00,13673685424,GG League - 4x5 Min de juego,False,Los Angeles Lakers,AIRFORCE,Oklahoma City Thunder,CYPHER,Los Angeles Lakers (AIRFORCE),Oklahoma City Thunder (CYPHER),,,,12/08/2026 22:51:00,97,moneyline_1x2,,Los Angeles Lakers (AIRFORCE),1.5,False
2026-08-12T21:51:09.796471+00:00,13673685424,GG League - 4x5 Min de juego,False,Los Angeles Lakers,AIRFORCE,Oklahoma City Thunder,CYPHER,Los Angeles Lakers (AIRFORCE),Oklahoma City Thunder (CYPHER),,,,12/08/2026 22:51:00,97,moneyline_1x2,,Oklahoma City Thunder (CYPHER),2.3,False
2026-08-12T21:51:09.796471+00:00,13673685378,GG League - 4x5 Min de juego,True,Chicago Bulls,OREZ,Toronto Raptors,SPARKZ,Chicago Bulls (OREZ),Toronto Raptors (SPARKZ),2º cuarto,25,21,12/08/2026 21:43:00,97,moneyline_1x2,,Chicago Bulls (OREZ),1.62,False
2026-08-12T21:51:09.796471+00:00,13673685378,GG League - 4x5 Min de juego,True,Chicago Bulls,OREZ,Toronto Raptors,SPARKZ,Chicago Bulls (OREZ),Toronto Raptors (SPARKZ),2º cuarto,25,21,12/08/2026 21:43:00,97,moneyline_1x2,,Toronto Raptors (SPARKZ),2.05,False
2026-08-12T21:51:09.796471+00:00,13673685775,GG League - 4x5 Min de juego,False,Miami Heat,MYTH,Toronto Raptors,CYPHER,Miami Heat (MYTH),Toronto Raptors (CYPHER),,,,12/08/2026 22:19:00,97,moneyline_1x2,,Miami Heat (MYTH),2.3,False
2026-08-12T21:51:09.796471+00:00,13673685775,GG League - 4x5 Min de juego,False,Miami Heat,MYTH,Toronto Raptors,CYPHER,Miami Heat (MYTH),Toronto Raptors (CYPHER),,,,12/08/2026 22:19:00,97,moneyline_1x2,,Toronto Raptors (CYPHER),1.5,False
2026-08-12T21:51:09.796471+00:00,13673684118,GG League - 4x5 Min de juego,False,Chicago Bulls,OREZ,Miami Heat,UNDERRATED,Chicago Bulls (OREZ),Miami Heat (UNDERRATED),,,,12/08/2026 22:47:00,97,moneyline_1x2,,Chicago Bulls (OREZ),2.15,False
2026-08-12T21:51:09.796471+00:00,13673684118,GG League - 4x5 Min de juego,False,Chicago Bulls,OREZ,Miami Heat,UNDERRATED,Chicago Bulls (OREZ),Miami Heat (UNDERRATED),,,,12/08/2026 22:47:00,97,moneyline_1x2,,Miami Heat (UNDERRATED),1.57,False
2026-08-12T21:51:09.796471+00:00,13673685777,GG League - 4x5 Min de juego,False,Los Angeles Lakers,SIGNAL,Oklahoma City Thunder,AZURE,Los Angeles Lakers (SIGNAL),Oklahoma City Thunder (AZURE),,,,12/08/2026 22:31:00,97,moneyline_1x2,,Los Angeles Lakers (SIGNAL),1.62,False
2026-08-12T21:51:09.796471+00:00,13673685777,GG League - 4x5 Min de juego,False,Los Angeles Lakers,SIGNAL,Oklahoma City Thunder,AZURE,Los Angeles Lakers (SIGNAL),Oklahoma City Thunder (AZURE),,,,12/08/2026 22:31:00,97,moneyline_1x2,,Oklahoma City Thunder (AZURE),2.05,False
2026-08-12T21:51:09.796471+00:00,13673685379,GG League - 4x5 Min de juego,False,New York Knicks,JACKAL,Oklahoma City Thunder,CALAMITY,New York Knicks (JACKAL),Oklahoma City Thunder (CALAMITY),,,,12/08/2026 22:11:00,97,moneyline_1x2,,New York Knicks (JACKAL),2.5,False
2026-08-12T21:51:09.796471+00:00,13673685379,GG League - 4x5 Min de juego,False,New York Knicks,JACKAL,Oklahoma City Thunder,CALAMITY,New York Knicks (JACKAL),Oklahoma City Thunder (CALAMITY),,,,12/08/2026 22:11:00,97,moneyline_1x2,,Oklahoma City Thunder (CALAMITY),1.43,False
2026-08-12T21:51:09.796471+00:00,13673683712,GG League - 4x5 Min de juego,False,Charlotte Hornets,STING,Dallas Mavericks,RADIANT,Charlotte Hornets (STING),Dallas Mavericks (RADIANT),,,,12/08/2026 21:55:00,97,moneyline_1x2,,Charlotte Hornets (STING),2.2,False
2026-08-12T21:51:09.796471+00:00,13673683712,GG League - 4x5 Min de juego,False,Charlotte Hornets,STING,Dallas Mavericks,RADIANT,Charlotte Hornets (STING),Dallas Mavericks (RADIANT),,,,12/08/2026 21:55:00,97,moneyline_1x2,,Dallas Mavericks (RADIANT),1.55,False
2026-08-12T21:51:09.796471+00:00,13673684119,GG League - 4x5 Min de juego,False,Dallas Mavericks,JUGGERNAUT,Charlotte Hornets,GENERAL,Dallas Mavericks (JUGGERNAUT),Charlotte Hornets (GENERAL),,,,12/08/2026 22:55:00,97,moneyline_1x2,,Dallas Mavericks (JUGGERNAUT),1.55,False
2026-08-12T21:51:09.796471+00:00,13673684119,GG League - 4x5 Min de juego,False,Dallas Mavericks,JUGGERNAUT,Charlotte Hornets,GENERAL,Dallas Mavericks (JUGGERNAUT),Charlotte Hornets (GENERAL),,,,12/08/2026 22:55:00,97,moneyline_1x2,,Charlotte Hornets (GENERAL),2.2,False
2026-08-12T21:51:09.796471+00:00,13673683711,GG League - 4x5 Min de juego,True,Los Angeles Lakers,AIRFORCE,Boston Celtics,KARMA,Los Angeles Lakers (AIRFORCE),Boston Celtics (KARMA),1º cuarto,12,8,12/08/2026 21:47:00,97,moneyline_1x2,,Los Angeles Lakers (AIRFORCE),1.62,False
2026-08-12T21:51:09.796471+00:00,13673683711,GG League - 4x5 Min de juego,True,Los Angeles Lakers,AIRFORCE,Boston Celtics,KARMA,Los Angeles Lakers (AIRFORCE),Boston Celtics (KARMA),1º cuarto,12,8,12/08/2026 21:47:00,97,moneyline_1x2,,Boston Celtics (KARMA),2.05,False
2026-08-12T21:51:09.796471+00:00,13673685420,GG League - 4x5 Min de juego,False,Los Angeles Lakers,ADMIRAL,New York Knicks,RADIANT,Los Angeles Lakers (ADMIRAL),New York Knicks (RADIANT),,,,12/08/2026 22:27:00,97,moneyline_1x2,,Los Angeles Lakers (ADMIRAL),2.4,False
2026-08-12T21:51:09.796471+00:00,13673685420,GG League - 4x5 Min de juego,False,Los Angeles Lakers,ADMIRAL,New York Knicks,RADIANT,Los Angeles Lakers (ADMIRAL),New York Knicks (RADIANT),,,,12/08/2026 22:27:00,97,moneyline_1x2,,New York Knicks (RADIANT),1.45,False
2026-08-12T21:51:09.796471+00:00,13673685754,GG League - 4x5 Min de juego,True,Los Angeles Lakers,CURSE,Boston Celtics,HUNCHO,Los Angeles Lakers (CURSE),Boston Celtics (HUNCHO),2º cuarto,26,28,12/08/2026 21:39:00,97,moneyline_1x2,,Los Angeles Lakers (CURSE),2.5,False
2026-08-12T21:51:09.796471+00:00,13673685754,GG League - 4x5 Min de juego,True,Los Angeles Lakers,CURSE,Boston Celtics,HUNCHO,Los Angeles Lakers (CURSE),Boston Celtics (HUNCHO),2º cuarto,26,28,12/08/2026 21:39:00,97,moneyline_1x2,,Boston Celtics (HUNCHO),1.43,False
2026-08-12T21:51:09.796471+00:00,13673685422,GG League - 4x5 Min de juego,False,Los Angeles Lakers,CURSE,Oklahoma City Thunder,CALAMITY,Los Angeles Lakers (CURSE),Oklahoma City Thunder (CALAMITY),,,,12/08/2026 22:43:00,97,moneyline_1x2,,Los Angeles Lakers (CURSE),1.55,False
2026-08-12T21:51:09.796471+00:00,13673685422,GG League - 4x5 Min de juego,False,Los Angeles Lakers,CURSE,Oklahoma City Thunder,CALAMITY,Los Angeles Lakers (CURSE),Oklahoma City Thunder (CALAMITY),,,,12/08/2026 22:43:00,97,moneyline_1x2,,Oklahoma City Thunder (CALAMITY),2.2,False
2026-08-12T21:52:50.120503+00:00,13673685760,GG League - 4x5 Min de juego,True,Dallas Mavericks,JUGGERNAUT,Orlando Magic,NIGHTHAWK,Dallas Mavericks (JUGGERNAUT),Orlando Magic (NIGHTHAWK),1º cuarto,0,0,12/08/2026 21:51:00,97,moneyline_1x2,,Dallas Mavericks (JUGGERNAUT),2.3,False
2026-08-12T21:52:50.120503+00:00,13673685760,GG League - 4x5 Min de juego,True,Dallas Mavericks,JUGGERNAUT,Orlando Magic,NIGHTHAWK,Dallas Mavericks (JUGGERNAUT),Orlando Magic (NIGHTHAWK),1º cuarto,0,0,12/08/2026 21:51:00,97,moneyline_1x2,,Orlando Magic (NIGHTHAWK),1.5,False
2026-08-12T21:52:50.120503+00:00,13673684350,GG League - 4x5 Min de juego,False,Memphis Grizzlies,PHARAOH,Cleveland Cavaliers,AZURE,Memphis Grizzlies (PHARAOH),Cleveland Cavaliers (AZURE),,,,12/08/2026 23:03:00,97,moneyline_1x2,,Memphis Grizzlies (PHARAOH),2.6,False
2026-08-12T21:52:50.120503+00:00,13673684350,GG League - 4x5 Min de juego,False,Memphis Grizzlies,PHARAOH,Cleveland Cavaliers,AZURE,Memphis Grizzlies (PHARAOH),Cleveland Cavaliers (AZURE),,,,12/08/2026 23:03:00,97,moneyline_1x2,,Cleveland Cavaliers (AZURE),1.4,False
2026-08-12T21:52:50.120503+00:00,13673685773,GG League - 4x5 Min de juego,False,Memphis Grizzlies,PHARAOH,Milwaukee Bucks,PATIENCE,Memphis Grizzlies (PHARAOH),Milwaukee Bucks (PATIENCE),,,,12/08/2026 21:59:00,97,moneyline_1x2,,Memphis Grizzlies (PHARAOH),2.3,False
2026-08-12T21:52:50.120503+00:00,13673685773,GG League - 4x5 Min de juego,False,Memphis Grizzlies,PHARAOH,Milwaukee Bucks,PATIENCE,Memphis Grizzlies (PHARAOH),Milwaukee Bucks (PATIENCE),,,,12/08/2026 21:59:00,97,moneyline_1x2,,Milwaukee Bucks (PATIENCE),1.5,False
2026-08-12T21:52:50.120503+00:00,13673684349,GG League - 4x5 Min de juego,False,Charlotte Hornets,STING,Denver Nuggets,ADMIRAL,Charlotte Hornets (STING),Denver Nuggets (ADMIRAL),,,,12/08/2026 22:59:00,97,moneyline_1x2,,Charlotte Hornets (STING),1.5,False
2026-08-12T21:52:50.120503+00:00,13673684349,GG League - 4x5 Min de juego,False,Charlotte Hornets,STING,Denver Nuggets,ADMIRAL,Charlotte Hornets (STING),Denver Nuggets (ADMIRAL),,,,12/08/2026 22:59:00,97,moneyline_1x2,,Denver Nuggets (ADMIRAL),2.35,False
2026-08-12T21:52:50.120503+00:00,13673683915,GG League - 4x5 Min de juego,False,Cleveland Cavaliers,DAGGER,Milwaukee Bucks,GENERAL,Cleveland Cavaliers (DAGGER),Milwaukee Bucks (GENERAL),,,,12/08/2026 22:23:00,97,moneyline_1x2,,Cleveland Cavaliers (DAGGER),1.5,False
2026-08-12T21:52:50.120503+00:00,13673683915,GG League - 4x5 Min de juego,False,Cleveland Cavaliers,DAGGER,Milwaukee Bucks,GENERAL,Cleveland Cavaliers (DAGGER),Milwaukee Bucks (GENERAL),,,,12/08/2026 22:23:00,97,moneyline_1x2,,Milwaukee Bucks (GENERAL),2.3,False
2026-08-12T21:52:50.120503+00:00,13673685774,GG League - 4x5 Min de juego,False,Brooklyn Nets,MARINE,Miami Heat,UNDERRATED,Brooklyn Nets (MARINE),Miami Heat (UNDERRATED),,,,12/08/2026 22:15:00,97,moneyline_1x2,,Brooklyn Nets (MARINE),1.57,False
2026-08-12T21:52:50.120503+00:00,13673685774,GG League - 4x5 Min de juego,False,Brooklyn Nets,MARINE,Miami Heat,UNDERRATED,Brooklyn Nets (MARINE),Miami Heat (UNDERRATED),,,,12/08/2026 22:15:00,97,moneyline_1x2,,Miami Heat (UNDERRATED),2.15,False
2026-08-12T21:52:50.120503+00:00,13673685424,GG League - 4x5 Min de juego,False,Los Angeles Lakers,AIRFORCE,Oklahoma City Thunder,CYPHER,Los Angeles Lakers (AIRFORCE),Oklahoma City Thunder (CYPHER),,,,12/08/2026 22:51:00,97,moneyline_1x2,,Los Angeles Lakers (AIRFORCE),1.5,False
2026-08-12T21:52:50.120503+00:00,13673685424,GG League - 4x5 Min de juego,False,Los Angeles Lakers,AIRFORCE,Oklahoma City Thunder,CYPHER,Los Angeles Lakers (AIRFORCE),Oklahoma City Thunder (CYPHER),,,,12/08/2026 22:51:00,97,moneyline_1x2,,Oklahoma City Thunder (CYPHER),2.3,False
2026-08-12T21:52:50.120503+00:00,13673685378,GG League - 4x5 Min de juego,True,Chicago Bulls,OREZ,Toronto Raptors,SPARKZ,Chicago Bulls (OREZ),Toronto Raptors (SPARKZ),2º cuarto,33,27,12/08/2026 21:43:00,97,moneyline_1x2,,Chicago Bulls (OREZ),1.37,False
2026-08-12T21:52:50.120503+00:00,13673685378,GG League - 4x5 Min de juego,True,Chicago Bulls,OREZ,Toronto Raptors,SPARKZ,Chicago Bulls (OREZ),Toronto Raptors (SPARKZ),2º cuarto,33,27,12/08/2026 21:43:00,97,moneyline_1x2,,Toronto Raptors (SPARKZ),2.7,False
2026-08-12T21:52:50.120503+00:00,13673685775,GG League - 4x5 Min de juego,False,Miami Heat,MYTH,Toronto Raptors,CYPHER,Miami Heat (MYTH),Toronto Raptors (CYPHER),,,,12/08/2026 22:19:00,97,moneyline_1x2,,Miami Heat (MYTH),2.3,False
2026-08-12T21:52:50.120503+00:00,13673685775,GG League - 4x5 Min de juego,False,Miami Heat,MYTH,Toronto Raptors,CYPHER,Miami Heat (MYTH),Toronto Raptors (CYPHER),,,,12/08/2026 22:19:00,97,moneyline_1x2,,Toronto Raptors (CYPHER),1.5,False
2026-08-12T21:52:50.120503+00:00,13673684118,GG League - 4x5 Min de juego,False,Chicago Bulls,OREZ,Miami Heat,UNDERRATED,Chicago Bulls (OREZ),Miami Heat (UNDERRATED),,,,12/08/2026 22:47:00,97,moneyline_1x2,,Chicago Bulls (OREZ),2.15,False
2026-08-12T21:52:50.120503+00:00,13673684118,GG League - 4x5 Min de juego,False,Chicago Bulls,OREZ,Miami Heat,UNDERRATED,Chicago Bulls (OREZ),Miami Heat (UNDERRATED),,,,12/08/2026 22:47:00,97,moneyline_1x2,,Miami Heat (UNDERRATED),1.57,False
2026-08-12T21:52:50.120503+00:00,13673685777,GG League - 4x5 Min de juego,False,Los Angeles Lakers,SIGNAL,Oklahoma City Thunder,AZURE,Los Angeles Lakers (SIGNAL),Oklahoma City Thunder (AZURE),,,,12/08/2026 22:31:00,97,moneyline_1x2,,Los Angeles Lakers (SIGNAL),1.62,False
2026-08-12T21:52:50.120503+00:00,13673685777,GG League - 4x5 Min de juego,False,Los Angeles Lakers,SIGNAL,Oklahoma City Thunder,AZURE,Los Angeles Lakers (SIGNAL),Oklahoma City Thunder (AZURE),,,,12/08/2026 22:31:00,97,moneyline_1x2,,Oklahoma City Thunder (AZURE),2.05,False
2026-08-12T21:52:50.120503+00:00,13673685379,GG League - 4x5 Min de juego,False,New York Knicks,JACKAL,Oklahoma City Thunder,CALAMITY,New York Knicks (JACKAL),Oklahoma City Thunder (CALAMITY),,,,12/08/2026 22:11:00,97,moneyline_1x2,,New York Knicks (JACKAL),2.5,False
2026-08-12T21:52:50.120503+00:00,13673685379,GG League - 4x5 Min de juego,False,New York Knicks,JACKAL,Oklahoma City Thunder,CALAMITY,New York Knicks (JACKAL),Oklahoma City Thunder (CALAMITY),,,,12/08/2026 22:11:00,97,moneyline_1x2,,Oklahoma City Thunder (CALAMITY),1.43,False
2026-08-12T21:52:50.120503+00:00,13673683712,GG League - 4x5 Min de juego,False,Charlotte Hornets,STING,Dallas Mavericks,RADIANT,Charlotte Hornets (STING),Dallas Mavericks (RADIANT),,,,12/08/2026 21:55:00,97,moneyline_1x2,,Charlotte Hornets (STING),2.2,False
2026-08-12T21:52:50.120503+00:00,13673683712,GG League - 4x5 Min de juego,False,Charlotte Hornets,STING,Dallas Mavericks,RADIANT,Charlotte Hornets (STING),Dallas Mavericks (RADIANT),,,,12/08/2026 21:55:00,97,moneyline_1x2,,Dallas Mavericks (RADIANT),1.55,False
2026-08-12T21:52:50.120503+00:00,13673684119,GG League - 4x5 Min de juego,False,Dallas Mavericks,JUGGERNAUT,Charlotte Hornets,GENERAL,Dallas Mavericks (JUGGERNAUT),Charlotte Hornets (GENERAL),,,,12/08/2026 22:55:00,97,moneyline_1x2,,Dallas Mavericks (JUGGERNAUT),1.55,False
2026-08-12T21:52:50.120503+00:00,13673684119,GG League - 4x5 Min de juego,False,Dallas Mavericks,JUGGERNAUT,Charlotte Hornets,GENERAL,Dallas Mavericks (JUGGERNAUT),Charlotte Hornets (GENERAL),,,,12/08/2026 22:55:00,97,moneyline_1x2,,Charlotte Hornets (GENERAL),2.2,False
2026-08-12T21:52:50.120503+00:00,13673683711,GG League - 4x5 Min de juego,True,Los Angeles Lakers,AIRFORCE,Boston Celtics,KARMA,Los Angeles Lakers (AIRFORCE),Boston Celtics (KARMA),1º cuarto,17,8,12/08/2026 21:47:00,97,moneyline_1x2,,Los Angeles Lakers (AIRFORCE),1.22,False
2026-08-12T21:52:50.120503+00:00,13673683711,GG League - 4x5 Min de juego,True,Los Angeles Lakers,AIRFORCE,Boston Celtics,KARMA,Los Angeles Lakers (AIRFORCE),Boston Celtics (KARMA),1º cuarto,17,8,12/08/2026 21:47:00,97,moneyline_1x2,,Boston Celtics (KARMA),3.45,False
2026-08-12T21:52:50.120503+00:00,13673685420,GG League - 4x5 Min de juego,False,Los Angeles Lakers,ADMIRAL,New York Knicks,RADIANT,Los Angeles Lakers (ADMIRAL),New York Knicks (RADIANT),,,,12/08/2026 22:27:00,97,moneyline_1x2,,Los Angeles Lakers (ADMIRAL),2.4,False
2026-08-12T21:52:50.120503+00:00,13673685420,GG League - 4x5 Min de juego,False,Los Angeles Lakers,ADMIRAL,New York Knicks,RADIANT,Los Angeles Lakers (ADMIRAL),New York Knicks (RADIANT),,,,12/08/2026 22:27:00,97,moneyline_1x2,,New York Knicks (RADIANT),1.45,False
2026-08-12T21:52:50.120503+00:00,13673685754,GG League - 4x5 Min de juego,True,Los Angeles Lakers,CURSE,Boston Celtics,HUNCHO,Los Angeles Lakers (CURSE),Boston Celtics (HUNCHO),3º Cuarto,28,33,12/08/2026 21:39:00,97,moneyline_1x2,,Los Angeles Lakers (CURSE),3.2,False
2026-08-12T21:52:50.120503+00:00,13673685754,GG League - 4x5 Min de juego,True,Los Angeles Lakers,CURSE,Boston Celtics,HUNCHO,Los Angeles Lakers (CURSE),Boston Celtics (HUNCHO),3º Cuarto,28,33,12/08/2026 21:39:00,97,moneyline_1x2,,Boston Celtics (HUNCHO),1.28,False
2026-08-12T21:52:50.120503+00:00,13673685422,GG League - 4x5 Min de juego,False,Los Angeles Lakers,CURSE,Oklahoma City Thunder,CALAMITY,Los Angeles Lakers (CURSE),Oklahoma City Thunder (CALAMITY),,,,12/08/2026 22:43:00,97,moneyline_1x2,,Los Angeles Lakers (CURSE),1.55,False
2026-08-12T21:52:50.120503+00:00,13673685422,GG League - 4x5 Min de juego,False,Los Angeles Lakers,CURSE,Oklahoma City Thunder,CALAMITY,Los Angeles Lakers (CURSE),Oklahoma City Thunder (CALAMITY),,,,12/08/2026 22:43:00,97,moneyline_1x2,,Oklahoma City Thunder (CALAMITY),2.2,False
2026-08-12T21:54:52.947221+00:00,13673685760,GG League - 4x5 Min de juego,True,Dallas Mavericks,JUGGERNAUT,Orlando Magic,NIGHTHAWK,Dallas Mavericks (JUGGERNAUT),Orlando Magic (NIGHTHAWK),1º cuarto,3,5,12/08/2026 21:51:00,97,moneyline_1x2,,Dallas Mavericks (JUGGERNAUT),2.6,False
2026-08-12T21:54:52.947221+00:00,13673685760,GG League - 4x5 Min de juego,True,Dallas Mavericks,JUGGERNAUT,Orlando Magic,NIGHTHAWK,Dallas Mavericks (JUGGERNAUT),Orlando Magic (NIGHTHAWK),1º cuarto,3,5,12/08/2026 21:51:00,97,moneyline_1x2,,Orlando Magic (NIGHTHAWK),1.4,False
2026-08-12T21:54:52.947221+00:00,13673684350,GG League - 4x5 Min de juego,False,Memphis Grizzlies,PHARAOH,Cleveland Cavaliers,AZURE,Memphis Grizzlies (PHARAOH),Cleveland Cavaliers (AZURE),,,,12/08/2026 23:03:00,97,moneyline_1x2,,Memphis Grizzlies (PHARAOH),2.6,False
2026-08-12T21:54:52.947221+00:00,13673684350,GG League - 4x5 Min de juego,False,Memphis Grizzlies,PHARAOH,Cleveland Cavaliers,AZURE,Memphis Grizzlies (PHARAOH),Cleveland Cavaliers (AZURE),,,,12/08/2026 23:03:00,97,moneyline_1x2,,Cleveland Cavaliers (AZURE),1.4,False
2026-08-12T21:54:52.947221+00:00,13673685773,GG League - 4x5 Min de juego,False,Memphis Grizzlies,PHARAOH,Milwaukee Bucks,PATIENCE,Memphis Grizzlies (PHARAOH),Milwaukee Bucks (PATIENCE),,,,12/08/2026 21:59:00,97,moneyline_1x2,,Memphis Grizzlies (PHARAOH),2.3,False
2026-08-12T21:54:52.947221+00:00,13673685773,GG League - 4x5 Min de juego,False,Memphis Grizzlies,PHARAOH,Milwaukee Bucks,PATIENCE,Memphis Grizzlies (PHARAOH),Milwaukee Bucks (PATIENCE),,,,12/08/2026 21:59:00,97,moneyline_1x2,,Milwaukee Bucks (PATIENCE),1.5,False
2026-08-12T21:54:52.947221+00:00,13673684349,GG League - 4x5 Min de juego,False,Charlotte Hornets,STING,Denver Nuggets,ADMIRAL,Charlotte Hornets (STING),Denver Nuggets (ADMIRAL),,,,12/08/2026 22:59:00,97,moneyline_1x2,,Charlotte Hornets (STING),1.5,False
2026-08-12T21:54:52.947221+00:00,13673684349,GG League - 4x5 Min de juego,False,Charlotte Hornets,STING,Denver Nuggets,ADMIRAL,Charlotte Hornets (STING),Denver Nuggets (ADMIRAL),,,,12/08/2026 22:59:00,97,moneyline_1x2,,Denver Nuggets (ADMIRAL),2.35,False
2026-08-12T21:54:52.947221+00:00,13673683915,GG League - 4x5 Min de juego,False,Cleveland Cavaliers,DAGGER,Milwaukee Bucks,GENERAL,Cleveland Cavaliers (DAGGER),Milwaukee Bucks (GENERAL),,,,12/08/2026 22:23:00,97,moneyline_1x2,,Cleveland Cavaliers (DAGGER),1.5,False
2026-08-12T21:54:52.947221+00:00,13673683915,GG League - 4x5 Min de juego,False,Cleveland Cavaliers,DAGGER,Milwaukee Bucks,GENERAL,Cleveland Cavaliers (DAGGER),Milwaukee Bucks (GENERAL),,,,12/08/2026 22:23:00,97,moneyline_1x2,,Milwaukee Bucks (GENERAL),2.3,False
2026-08-12T21:54:52.947221+00:00,13673685774,GG League - 4x5 Min de juego,False,Brooklyn Nets,MARINE,Miami Heat,UNDERRATED,Brooklyn Nets (MARINE),Miami Heat (UNDERRATED),,,,12/08/2026 22:15:00,97,moneyline_1x2,,Brooklyn Nets (MARINE),1.57,False
2026-08-12T21:54:52.947221+00:00,13673685774,GG League - 4x5 Min de juego,False,Brooklyn Nets,MARINE,Miami Heat,UNDERRATED,Brooklyn Nets (MARINE),Miami Heat (UNDERRATED),,,,12/08/2026 22:15:00,97,moneyline_1x2,,Miami Heat (UNDERRATED),2.15,False
2026-08-12T21:54:52.947221+00:00,13673685424,GG League - 4x5 Min de juego,False,Los Angeles Lakers,AIRFORCE,Oklahoma City Thunder,CYPHER,Los Angeles Lakers (AIRFORCE),Oklahoma City Thunder (CYPHER),,,,12/08/2026 22:51:00,97,moneyline_1x2,,Los Angeles Lakers (AIRFORCE),1.5,False
2026-08-12T21:54:52.947221+00:00,13673685424,GG League - 4x5 Min de juego,False,Los Angeles Lakers,AIRFORCE,Oklahoma City Thunder,CYPHER,Los Angeles Lakers (AIRFORCE),Oklahoma City Thunder (CYPHER),,,,12/08/2026 22:51:00,97,moneyline_1x2,,Oklahoma City Thunder (CYPHER),2.3,False
2026-08-12T21:54:52.947221+00:00,13673685378,GG League - 4x5 Min de juego,True,Chicago Bulls,OREZ,Toronto Raptors,SPARKZ,Chicago Bulls (OREZ),Toronto Raptors (SPARKZ),2º cuarto,35,35,12/08/2026 21:43:00,97,moneyline_1x2,,Chicago Bulls (OREZ),2.15,False
2026-08-12T21:54:52.947221+00:00,13673685378,GG League - 4x5 Min de juego,True,Chicago Bulls,OREZ,Toronto Raptors,SPARKZ,Chicago Bulls (OREZ),Toronto Raptors (SPARKZ),2º cuarto,35,35,12/08/2026 21:43:00,97,moneyline_1x2,,Toronto Raptors (SPARKZ),1.57,False
2026-08-12T21:54:52.947221+00:00,13673685775,GG League - 4x5 Min de juego,False,Miami Heat,MYTH,Toronto Raptors,CYPHER,Miami Heat (MYTH),Toronto Raptors (CYPHER),,,,12/08/2026 22:19:00,97,moneyline_1x2,,Miami Heat (MYTH),2.3,False
2026-08-12T21:54:52.947221+00:00,13673685775,GG League - 4x5 Min de juego,False,Miami Heat,MYTH,Toronto Raptors,CYPHER,Miami Heat (MYTH),Toronto Raptors (CYPHER),,,,12/08/2026 22:19:00,97,moneyline_1x2,,Toronto Raptors (CYPHER),1.5,False
2026-08-12T21:54:52.947221+00:00,13673684118,GG League - 4x5 Min de juego,False,Chicago Bulls,OREZ,Miami Heat,UNDERRATED,Chicago Bulls (OREZ),Miami Heat (UNDERRATED),,,,12/08/2026 22:47:00,97,moneyline_1x2,,Chicago Bulls (OREZ),2.15,False
2026-08-12T21:54:52.947221+00:00,13673684118,GG League - 4x5 Min de juego,False,Chicago Bulls,OREZ,Miami Heat,UNDERRATED,Chicago Bulls (OREZ),Miami Heat (UNDERRATED),,,,12/08/2026 22:47:00,97,moneyline_1x2,,Miami Heat (UNDERRATED),1.57,False
2026-08-12T21:54:52.947221+00:00,13673685777,GG League - 4x5 Min de juego,False,Los Angeles Lakers,SIGNAL,Oklahoma City Thunder,AZURE,Los Angeles Lakers (SIGNAL),Oklahoma City Thunder (AZURE),,,,12/08/2026 22:31:00,97,moneyline_1x2,,Los Angeles Lakers (SIGNAL),1.62,False
2026-08-12T21:54:52.947221+00:00,13673685777,GG League - 4x5 Min de juego,False,Los Angeles Lakers,SIGNAL,Oklahoma City Thunder,AZURE,Los Angeles Lakers (SIGNAL),Oklahoma City Thunder (AZURE),,,,12/08/2026 22:31:00,97,moneyline_1x2,,Oklahoma City Thunder (AZURE),2.05,False
2026-08-12T21:54:52.947221+00:00,13673685379,GG League - 4x5 Min de juego,False,New York Knicks,JACKAL,Oklahoma City Thunder,CALAMITY,New York Knicks (JACKAL),Oklahoma City Thunder (CALAMITY),,,,12/08/2026 22:11:00,97,moneyline_1x2,,New York Knicks (JACKAL),2.5,False
2026-08-12T21:54:52.947221+00:00,13673685379,GG League - 4x5 Min de juego,False,New York Knicks,JACKAL,Oklahoma City Thunder,CALAMITY,New York Knicks (JACKAL),Oklahoma City Thunder (CALAMITY),,,,12/08/2026 22:11:00,97,moneyline_1x2,,Oklahoma City Thunder (CALAMITY),1.43,False
2026-08-12T21:54:52.947221+00:00,13673683712,GG League - 4x5 Min de juego,False,Charlotte Hornets,STING,Dallas Mavericks,RADIANT,Charlotte Hornets (STING),Dallas Mavericks (RADIANT),,,,12/08/2026 21:55:00,97,moneyline_1x2,,Charlotte Hornets (STING),2.2,False
2026-08-12T21:54:52.947221+00:00,13673683712,GG League - 4x5 Min de juego,False,Charlotte Hornets,STING,Dallas Mavericks,RADIANT,Charlotte Hornets (STING),Dallas Mavericks (RADIANT),,,,12/08/2026 21:55:00,97,moneyline_1x2,,Dallas Mavericks (RADIANT),1.55,False
2026-08-12T21:54:52.947221+00:00,13673684119,GG League - 4x5 Min de juego,False,Dallas Mavericks,JUGGERNAUT,Charlotte Hornets,GENERAL,Dallas Mavericks (JUGGERNAUT),Charlotte Hornets (GENERAL),,,,12/08/2026 22:55:00,97,moneyline_1x2,,Dallas Mavericks (JUGGERNAUT),1.55,False
2026-08-12T21:54:52.947221+00:00,13673684119,GG League - 4x5 Min de juego,False,Dallas Mavericks,JUGGERNAUT,Charlotte Hornets,GENERAL,Dallas Mavericks (JUGGERNAUT),Charlotte Hornets (GENERAL),,,,12/08/2026 22:55:00,97,moneyline_1x2,,Charlotte Hornets (GENERAL),2.2,False
2026-08-12T21:54:52.947221+00:00,13673683711,GG League - 4x5 Min de juego,True,Los Angeles Lakers,AIRFORCE,Boston Celtics,KARMA,Los Angeles Lakers (AIRFORCE),Boston Celtics (KARMA),2º cuarto,19,15,12/08/2026 21:47:00,97,moneyline_1x2,,Los Angeles Lakers (AIRFORCE),1.5,False
2026-08-12T21:54:52.947221+00:00,13673683711,GG League - 4x5 Min de juego,True,Los Angeles Lakers,AIRFORCE,Boston Celtics,KARMA,Los Angeles Lakers (AIRFORCE),Boston Celtics (KARMA),2º cuarto,19,15,12/08/2026 21:47:00,97,moneyline_1x2,,Boston Celtics (KARMA),2.3,False
2026-08-12T21:54:52.947221+00:00,13673685420,GG League - 4x5 Min de juego,False,Los Angeles Lakers,ADMIRAL,New York Knicks,RADIANT,Los Angeles Lakers (ADMIRAL),New York Knicks (RADIANT),,,,12/08/2026 22:27:00,97,moneyline_1x2,,Los Angeles Lakers (ADMIRAL),2.4,False
2026-08-12T21:54:52.947221+00:00,13673685420,GG League - 4x5 Min de juego,False,Los Angeles Lakers,ADMIRAL,New York Knicks,RADIANT,Los Angeles Lakers (ADMIRAL),New York Knicks (RADIANT),,,,12/08/2026 22:27:00,97,moneyline_1x2,,New York Knicks (RADIANT),1.45,False
2026-08-12T21:54:52.947221+00:00,13673685754,GG League - 4x5 Min de juego,True,Los Angeles Lakers,CURSE,Boston Celtics,HUNCHO,Los Angeles Lakers (CURSE),Boston Celtics (HUNCHO),3º Cuarto,30,35,12/08/2026 21:39:00,97,moneyline_1x2,,Los Angeles Lakers (CURSE),3.45,False
2026-08-12T21:54:52.947221+00:00,13673685754,GG League - 4x5 Min de juego,True,Los Angeles Lakers,CURSE,Boston Celtics,HUNCHO,Los Angeles Lakers (CURSE),Boston Celtics (HUNCHO),3º Cuarto,30,35,12/08/2026 21:39:00,97,moneyline_1x2,,Boston Celtics (HUNCHO),1.22,False
2026-08-12T21:54:52.947221+00:00,13673685422,GG League - 4x5 Min de juego,False,Los Angeles Lakers,CURSE,Oklahoma City Thunder,CALAMITY,Los Angeles Lakers (CURSE),Oklahoma City Thunder (CALAMITY),,,,12/08/2026 22:43:00,97,moneyline_1x2,,Los Angeles Lakers (CURSE),1.55,False
2026-08-12T21:54:52.947221+00:00,13673685422,GG League - 4x5 Min de juego,False,Los Angeles Lakers,CURSE,Oklahoma City Thunder,CALAMITY,Los Angeles Lakers (CURSE),Oklahoma City Thunder (CALAMITY),,,,12/08/2026 22:43:00,97,moneyline_1x2,,Oklahoma City Thunder (CALAMITY),2.2,False
2026-08-12T21:56:59.565060+00:00,13673685760,GG League - 4x5 Min de juego,True,Dallas Mavericks,JUGGERNAUT,Orlando Magic,NIGHTHAWK,Dallas Mavericks (JUGGERNAUT),Orlando Magic (NIGHTHAWK),1º cuarto,5,9,12/08/2026 21:51:00,97,moneyline_1x2,,Dallas Mavericks (JUGGERNAUT),3.0,False
2026-08-12T21:56:59.565060+00:00,13673685760,GG League - 4x5 Min de juego,True,Dallas Mavericks,JUGGERNAUT,Orlando Magic,NIGHTHAWK,Dallas Mavericks (JUGGERNAUT),Orlando Magic (NIGHTHAWK),1º cuarto,5,9,12/08/2026 21:51:00,97,moneyline_1x2,,Orlando Magic (NIGHTHAWK),1.3,False
2026-08-12T21:56:59.565060+00:00,13673684350,GG League - 4x5 Min de juego,False,Memphis Grizzlies,PHARAOH,Cleveland Cavaliers,AZURE,Memphis Grizzlies (PHARAOH),Cleveland Cavaliers (AZURE),,,,12/08/2026 23:03:00,97,moneyline_1x2,,Memphis Grizzlies (PHARAOH),2.6,False
2026-08-12T21:56:59.565060+00:00,13673684350,GG League - 4x5 Min de juego,False,Memphis Grizzlies,PHARAOH,Cleveland Cavaliers,AZURE,Memphis Grizzlies (PHARAOH),Cleveland Cavaliers (AZURE),,,,12/08/2026 23:03:00,97,moneyline_1x2,,Cleveland Cavaliers (AZURE),1.4,False
2026-08-12T21:56:59.565060+00:00,13673685773,GG League - 4x5 Min de juego,False,Memphis Grizzlies,PHARAOH,Milwaukee Bucks,PATIENCE,Memphis Grizzlies (PHARAOH),Milwaukee Bucks (PATIENCE),,,,12/08/2026 21:59:00,97,moneyline_1x2,,Memphis Grizzlies (PHARAOH),2.3,False
2026-08-12T21:56:59.565060+00:00,13673685773,GG League - 4x5 Min de juego,False,Memphis Grizzlies,PHARAOH,Milwaukee Bucks,PATIENCE,Memphis Grizzlies (PHARAOH),Milwaukee Bucks (PATIENCE),,,,12/08/2026 21:59:00,97,moneyline_1x2,,Milwaukee Bucks (PATIENCE),1.5,False
2026-08-12T21:56:59.565060+00:00,13673684349,GG League - 4x5 Min de juego,False,Charlotte Hornets,STING,Denver Nuggets,ADMIRAL,Charlotte Hornets (STING),Denver Nuggets (ADMIRAL),,,,12/08/2026 22:59:00,97,moneyline_1x2,,Charlotte Hornets (STING),1.5,False
2026-08-12T21:56:59.565060+00:00,13673684349,GG League - 4x5 Min de juego,False,Charlotte Hornets,STING,Denver Nuggets,ADMIRAL,Charlotte Hornets (STING),Denver Nuggets (ADMIRAL),,,,12/08/2026 22:59:00,97,moneyline_1x2,,Denver Nuggets (ADMIRAL),2.35,False
2026-08-12T21:56:59.565060+00:00,13673683915,GG League - 4x5 Min de juego,False,Cleveland Cavaliers,DAGGER,Milwaukee Bucks,GENERAL,Cleveland Cavaliers (DAGGER),Milwaukee Bucks (GENERAL),,,,12/08/2026 22:23:00,97,moneyline_1x2,,Cleveland Cavaliers (DAGGER),1.5,False
2026-08-12T21:56:59.565060+00:00,13673683915,GG League - 4x5 Min de juego,False,Cleveland Cavaliers,DAGGER,Milwaukee Bucks,GENERAL,Cleveland Cavaliers (DAGGER),Milwaukee Bucks (GENERAL),,,,12/08/2026 22:23:00,97,moneyline_1x2,,Milwaukee Bucks (GENERAL),2.3,False
2026-08-12T21:56:59.565060+00:00,13673685774,GG League - 4x5 Min de juego,False,Brooklyn Nets,MARINE,Miami Heat,UNDERRATED,Brooklyn Nets (MARINE),Miami Heat (UNDERRATED),,,,12/08/2026 22:15:00,97,moneyline_1x2,,Brooklyn Nets (MARINE),1.57,False
2026-08-12T21:56:59.565060+00:00,13673685774,GG League - 4x5 Min de juego,False,Brooklyn Nets,MARINE,Miami Heat,UNDERRATED,Brooklyn Nets (MARINE),Miami Heat (UNDERRATED),,,,12/08/2026 22:15:00,97,moneyline_1x2,,Miami Heat (UNDERRATED),2.15,False
2026-08-12T21:56:59.565060+00:00,13673685424,GG League - 4x5 Min de juego,False,Los Angeles Lakers,AIRFORCE,Oklahoma City Thunder,CYPHER,Los Angeles Lakers (AIRFORCE),Oklahoma City Thunder (CYPHER),,,,12/08/2026 22:51:00,97,moneyline_1x2,,Los Angeles Lakers (AIRFORCE),1.5,False
2026-08-12T21:56:59.565060+00:00,13673685424,GG League - 4x5 Min de juego,False,Los Angeles Lakers,AIRFORCE,Oklahoma City Thunder,CYPHER,Los Angeles Lakers (AIRFORCE),Oklahoma City Thunder (CYPHER),,,,12/08/2026 22:51:00,97,moneyline_1x2,,Oklahoma City Thunder (CYPHER),2.3,False
2026-08-12T21:56:59.565060+00:00,13673685378,GG League - 4x5 Min de juego,True,Chicago Bulls,OREZ,Toronto Raptors,SPARKZ,Chicago Bulls (OREZ),Toronto Raptors (SPARKZ),3º Cuarto,39,39,12/08/2026 21:43:00,97,moneyline_1x2,,Chicago Bulls (OREZ),2.05,False
2026-08-12T21:56:59.565060+00:00,13673685378,GG League - 4x5 Min de juego,True,Chicago Bulls,OREZ,Toronto Raptors,SPARKZ,Chicago Bulls (OREZ),Toronto Raptors (SPARKZ),3º Cuarto,39,39,12/08/2026 21:43:00,97,moneyline_1x2,,Toronto Raptors (SPARKZ),1.62,False
2026-08-12T21:56:59.565060+00:00,13673685775,GG League - 4x5 Min de juego,False,Miami Heat,MYTH,Toronto Raptors,CYPHER,Miami Heat (MYTH),Toronto Raptors (CYPHER),,,,12/08/2026 22:19:00,97,moneyline_1x2,,Miami Heat (MYTH),2.3,False
2026-08-12T21:56:59.565060+00:00,13673685775,GG League - 4x5 Min de juego,False,Miami Heat,MYTH,Toronto Raptors,CYPHER,Miami Heat (MYTH),Toronto Raptors (CYPHER),,,,12/08/2026 22:19:00,97,moneyline_1x2,,Toronto Raptors (CYPHER),1.5,False
2026-08-12T21:56:59.565060+00:00,13673684118,GG League - 4x5 Min de juego,False,Chicago Bulls,OREZ,Miami Heat,UNDERRATED,Chicago Bulls (OREZ),Miami Heat (UNDERRATED),,,,12/08/2026 22:47:00,97,moneyline_1x2,,Chicago Bulls (OREZ),2.15,False
2026-08-12T21:56:59.565060+00:00,13673684118,GG League - 4x5 Min de juego,False,Chicago Bulls,OREZ,Miami Heat,UNDERRATED,Chicago Bulls (OREZ),Miami Heat (UNDERRATED),,,,12/08/2026 22:47:00,97,moneyline_1x2,,Miami Heat (UNDERRATED),1.57,False
2026-08-12T21:56:59.565060+00:00,13673685777,GG League - 4x5 Min de juego,False,Los Angeles Lakers,SIGNAL,Oklahoma City Thunder,AZURE,Los Angeles Lakers (SIGNAL),Oklahoma City Thunder (AZURE),,,,12/08/2026 22:31:00,97,moneyline_1x2,,Los Angeles Lakers (SIGNAL),1.62,False
2026-08-12T21:56:59.565060+00:00,13673685777,GG League - 4x5 Min de juego,False,Los Angeles Lakers,SIGNAL,Oklahoma City Thunder,AZURE,Los Angeles Lakers (SIGNAL),Oklahoma City Thunder (AZURE),,,,12/08/2026 22:31:00,97,moneyline_1x2,,Oklahoma City Thunder (AZURE),2.05,False
2026-08-12T21:56:59.565060+00:00,13673685379,GG League - 4x5 Min de juego,False,New York Knicks,JACKAL,Oklahoma City Thunder,CALAMITY,New York Knicks (JACKAL),Oklahoma City Thunder (CALAMITY),,,,12/08/2026 22:11:00,97,moneyline_1x2,,New York Knicks (JACKAL),2.5,False
2026-08-12T21:56:59.565060+00:00,13673685379,GG League - 4x5 Min de juego,False,New York Knicks,JACKAL,Oklahoma City Thunder,CALAMITY,New York Knicks (JACKAL),Oklahoma City Thunder (CALAMITY),,,,12/08/2026 22:11:00,97,moneyline_1x2,,Oklahoma City Thunder (CALAMITY),1.43,False
2026-08-12T21:56:59.565060+00:00,13673683712,GG League - 4x5 Min de juego,False,Charlotte Hornets,STING,Dallas Mavericks,RADIANT,Charlotte Hornets (STING),Dallas Mavericks (RADIANT),,,,12/08/2026 21:55:00,97,moneyline_1x2,,Charlotte Hornets (STING),2.2,False
2026-08-12T21:56:59.565060+00:00,13673683712,GG League - 4x5 Min de juego,False,Charlotte Hornets,STING,Dallas Mavericks,RADIANT,Charlotte Hornets (STING),Dallas Mavericks (RADIANT),,,,12/08/2026 21:55:00,97,moneyline_1x2,,Dallas Mavericks (RADIANT),1.55,False
2026-08-12T21:56:59.565060+00:00,13673684119,GG League - 4x5 Min de juego,False,Dallas Mavericks,JUGGERNAUT,Charlotte Hornets,GENERAL,Dallas Mavericks (JUGGERNAUT),Charlotte Hornets (GENERAL),,,,12/08/2026 22:55:00,97,moneyline_1x2,,Dallas Mavericks (JUGGERNAUT),1.55,False
2026-08-12T21:56:59.565060+00:00,13673684119,GG League - 4x5 Min de juego,False,Dallas Mavericks,JUGGERNAUT,Charlotte Hornets,GENERAL,Dallas Mavericks (JUGGERNAUT),Charlotte Hornets (GENERAL),,,,12/08/2026 22:55:00,97,moneyline_1x2,,Charlotte Hornets (GENERAL),2.2,False
2026-08-12T21:56:59.565060+00:00,13673683711,GG League - 4x5 Min de juego,True,Los Angeles Lakers,AIRFORCE,Boston Celtics,KARMA,Los Angeles Lakers (AIRFORCE),Boston Celtics (KARMA),2º cuarto,23,20,12/08/2026 21:47:00,97,moneyline_1x2,,Los Angeles Lakers (AIRFORCE),1.62,False
2026-08-12T21:56:59.565060+00:00,13673683711,GG League - 4x5 Min de juego,True,Los Angeles Lakers,AIRFORCE,Boston Celtics,KARMA,Los Angeles Lakers (AIRFORCE),Boston Celtics (KARMA),2º cuarto,23,20,12/08/2026 21:47:00,97,moneyline_1x2,,Boston Celtics (KARMA),2.05,False
2026-08-12T21:56:59.565060+00:00,13673685420,GG League - 4x5 Min de juego,False,Los Angeles Lakers,ADMIRAL,New York Knicks,RADIANT,Los Angeles Lakers (ADMIRAL),New York Knicks (RADIANT),,,,12/08/2026 22:27:00,97,moneyline_1x2,,Los Angeles Lakers (ADMIRAL),2.4,False
2026-08-12T21:56:59.565060+00:00,13673685420,GG League - 4x5 Min de juego,False,Los Angeles Lakers,ADMIRAL,New York Knicks,RADIANT,Los Angeles Lakers (ADMIRAL),New York Knicks (RADIANT),,,,12/08/2026 22:27:00,97,moneyline_1x2,,New York Knicks (RADIANT),1.45,False
2026-08-12T21:56:59.565060+00:00,13673685422,GG League - 4x5 Min de juego,False,Los Angeles Lakers,CURSE,Oklahoma City Thunder,CALAMITY,Los Angeles Lakers (CURSE),Oklahoma City Thunder (CALAMITY),,,,12/08/2026 22:43:00,97,moneyline_1x2,,Los Angeles Lakers (CURSE),1.55,False
2026-08-12T21:56:59.565060+00:00,13673685422,GG League - 4x5 Min de juego,False,Los Angeles Lakers,CURSE,Oklahoma City Thunder,CALAMITY,Los Angeles Lakers (CURSE),Oklahoma City Thunder (CALAMITY),,,,12/08/2026 22:43:00,97,moneyline_1x2,,Oklahoma City Thunder (CALAMITY),2.2,False
2026-08-12T21:58:58.971080+00:00,13673685760,GG League - 4x5 Min de juego,True,Dallas Mavericks,JUGGERNAUT,Orlando Magic,NIGHTHAWK,Dallas Mavericks (JUGGERNAUT),Orlando Magic (NIGHTHAWK),1º cuarto,9,17,12/08/2026 21:51:00,97,moneyline_1x2,,Dallas Mavericks (JUGGERNAUT),4.75,False
2026-08-12T21:58:58.971080+00:00,13673685760,GG League - 4x5 Min de juego,True,Dallas Mavericks,JUGGERNAUT,Orlando Magic,NIGHTHAWK,Dallas Mavericks (JUGGERNAUT),Orlando Magic (NIGHTHAWK),1º cuarto,9,17,12/08/2026 21:51:00,97,moneyline_1x2,,Orlando Magic (NIGHTHAWK),1.12,False
2026-08-12T21:58:58.971080+00:00,13673684350,GG League - 4x5 Min de juego,False,Memphis Grizzlies,PHARAOH,Cleveland Cavaliers,AZURE,Memphis Grizzlies (PHARAOH),Cleveland Cavaliers (AZURE),,,,12/08/2026 23:03:00,97,moneyline_1x2,,Memphis Grizzlies (PHARAOH),2.6,False
2026-08-12T21:58:58.971080+00:00,13673684350,GG League - 4x5 Min de juego,False,Memphis Grizzlies,PHARAOH,Cleveland Cavaliers,AZURE,Memphis Grizzlies (PHARAOH),Cleveland Cavaliers (AZURE),,,,12/08/2026 23:03:00,97,moneyline_1x2,,Cleveland Cavaliers (AZURE),1.4,False
2026-08-12T21:58:58.971080+00:00,13673685773,GG League - 4x5 Min de juego,False,Memphis Grizzlies,PHARAOH,Milwaukee Bucks,PATIENCE,Memphis Grizzlies (PHARAOH),Milwaukee Bucks (PATIENCE),,,,12/08/2026 21:59:00,97,moneyline_1x2,,Memphis Grizzlies (PHARAOH),2.3,False
2026-08-12T21:58:58.971080+00:00,13673685773,GG League - 4x5 Min de juego,False,Memphis Grizzlies,PHARAOH,Milwaukee Bucks,PATIENCE,Memphis Grizzlies (PHARAOH),Milwaukee Bucks (PATIENCE),,,,12/08/2026 21:59:00,97,moneyline_1x2,,Milwaukee Bucks (PATIENCE),1.5,False
2026-08-12T21:58:58.971080+00:00,13673684349,GG League - 4x5 Min de juego,False,Charlotte Hornets,STING,Denver Nuggets,ADMIRAL,Charlotte Hornets (STING),Denver Nuggets (ADMIRAL),,,,12/08/2026 22:59:00,97,moneyline_1x2,,Charlotte Hornets (STING),1.5,False
2026-08-12T21:58:58.971080+00:00,13673684349,GG League - 4x5 Min de juego,False,Charlotte Hornets,STING,Denver Nuggets,ADMIRAL,Charlotte Hornets (STING),Denver Nuggets (ADMIRAL),,,,12/08/2026 22:59:00,97,moneyline_1x2,,Denver Nuggets (ADMIRAL),2.35,False
2026-08-12T21:58:58.971080+00:00,13673683915,GG League - 4x5 Min de juego,False,Cleveland Cavaliers,DAGGER,Milwaukee Bucks,GENERAL,Cleveland Cavaliers (DAGGER),Milwaukee Bucks (GENERAL),,,,12/08/2026 22:23:00,97,moneyline_1x2,,Cleveland Cavaliers (DAGGER),1.5,False
2026-08-12T21:58:58.971080+00:00,13673683915,GG League - 4x5 Min de juego,False,Cleveland Cavaliers,DAGGER,Milwaukee Bucks,GENERAL,Cleveland Cavaliers (DAGGER),Milwaukee Bucks (GENERAL),,,,12/08/2026 22:23:00,97,moneyline_1x2,,Milwaukee Bucks (GENERAL),2.3,False
2026-08-12T21:58:58.971080+00:00,13673685774,GG League - 4x5 Min de juego,False,Brooklyn Nets,MARINE,Miami Heat,UNDERRATED,Brooklyn Nets (MARINE),Miami Heat (UNDERRATED),,,,12/08/2026 22:15:00,97,moneyline_1x2,,Brooklyn Nets (MARINE),1.57,False
2026-08-12T21:58:58.971080+00:00,13673685774,GG League - 4x5 Min de juego,False,Brooklyn Nets,MARINE,Miami Heat,UNDERRATED,Brooklyn Nets (MARINE),Miami Heat (UNDERRATED),,,,12/08/2026 22:15:00,97,moneyline_1x2,,Miami Heat (UNDERRATED),2.15,False
2026-08-12T21:58:58.971080+00:00,13673685424,GG League - 4x5 Min de juego,False,Los Angeles Lakers,AIRFORCE,Oklahoma City Thunder,CYPHER,Los Angeles Lakers (AIRFORCE),Oklahoma City Thunder (CYPHER),,,,12/08/2026 22:51:00,97,moneyline_1x2,,Los Angeles Lakers (AIRFORCE),1.5,False
2026-08-12T21:58:58.971080+00:00,13673685424,GG League - 4x5 Min de juego,False,Los Angeles Lakers,AIRFORCE,Oklahoma City Thunder,CYPHER,Los Angeles Lakers (AIRFORCE),Oklahoma City Thunder (CYPHER),,,,12/08/2026 22:51:00,97,moneyline_1x2,,Oklahoma City Thunder (CYPHER),2.3,False
2026-08-12T21:58:58.971080+00:00,13673685775,GG League - 4x5 Min de juego,False,Miami Heat,MYTH,Toronto Raptors,CYPHER,Miami Heat (MYTH),Toronto Raptors (CYPHER),,,,12/08/2026 22:19:00,97,moneyline_1x2,,Miami Heat (MYTH),2.3,False
2026-08-12T21:58:58.971080+00:00,13673685775,GG League - 4x5 Min de juego,False,Miami Heat,MYTH,Toronto Raptors,CYPHER,Miami Heat (MYTH),Toronto Raptors (CYPHER),,,,12/08/2026 22:19:00,97,moneyline_1x2,,Toronto Raptors (CYPHER),1.5,False
2026-08-12T21:58:58.971080+00:00,13673684118,GG League - 4x5 Min de juego,False,Chicago Bulls,OREZ,Miami Heat,UNDERRATED,Chicago Bulls (OREZ),Miami Heat (UNDERRATED),,,,12/08/2026 22:47:00,97,moneyline_1x2,,Chicago Bulls (OREZ),2.15,False
2026-08-12T21:58:58.971080+00:00,13673684118,GG League - 4x5 Min de juego,False,Chicago Bulls,OREZ,Miami Heat,UNDERRATED,Chicago Bulls (OREZ),Miami Heat (UNDERRATED),,,,12/08/2026 22:47:00,97,moneyline_1x2,,Miami Heat (UNDERRATED),1.57,False
2026-08-12T21:58:58.971080+00:00,13673685777,GG League - 4x5 Min de juego,False,Los Angeles Lakers,SIGNAL,Oklahoma City Thunder,AZURE,Los Angeles Lakers (SIGNAL),Oklahoma City Thunder (AZURE),,,,12/08/2026 22:31:00,97,moneyline_1x2,,Los Angeles Lakers (SIGNAL),1.62,False
2026-08-12T21:58:58.971080+00:00,13673685777,GG League - 4x5 Min de juego,False,Los Angeles Lakers,SIGNAL,Oklahoma City Thunder,AZURE,Los Angeles Lakers (SIGNAL),Oklahoma City Thunder (AZURE),,,,12/08/2026 22:31:00,97,moneyline_1x2,,Oklahoma City Thunder (AZURE),2.05,False
2026-08-12T21:58:58.971080+00:00,13673685379,GG League - 4x5 Min de juego,False,New York Knicks,JACKAL,Oklahoma City Thunder,CALAMITY,New York Knicks (JACKAL),Oklahoma City Thunder (CALAMITY),,,,12/08/2026 22:11:00,97,moneyline_1x2,,New York Knicks (JACKAL),2.5,False
2026-08-12T21:58:58.971080+00:00,13673685379,GG League - 4x5 Min de juego,False,New York Knicks,JACKAL,Oklahoma City Thunder,CALAMITY,New York Knicks (JACKAL),Oklahoma City Thunder (CALAMITY),,,,12/08/2026 22:11:00,97,moneyline_1x2,,Oklahoma City Thunder (CALAMITY),1.43,False
2026-08-12T21:58:58.971080+00:00,13673683712,GG League - 4x5 Min de juego,True,Charlotte Hornets,STING,Dallas Mavericks,RADIANT,Charlotte Hornets (STING),Dallas Mavericks (RADIANT),1º cuarto,2,1,12/08/2026 21:55:00,97,moneyline_1x2,,Charlotte Hornets (STING),2.05,False
2026-08-12T21:58:58.971080+00:00,13673683712,GG League - 4x5 Min de juego,True,Charlotte Hornets,STING,Dallas Mavericks,RADIANT,Charlotte Hornets (STING),Dallas Mavericks (RADIANT),1º cuarto,2,1,12/08/2026 21:55:00,97,moneyline_1x2,,Dallas Mavericks (RADIANT),1.62,False
2026-08-12T21:58:58.971080+00:00,13673684119,GG League - 4x5 Min de juego,False,Dallas Mavericks,JUGGERNAUT,Charlotte Hornets,GENERAL,Dallas Mavericks (JUGGERNAUT),Charlotte Hornets (GENERAL),,,,12/08/2026 22:55:00,97,moneyline_1x2,,Dallas Mavericks (JUGGERNAUT),1.55,False
2026-08-12T21:58:58.971080+00:00,13673684119,GG League - 4x5 Min de juego,False,Dallas Mavericks,JUGGERNAUT,Charlotte Hornets,GENERAL,Dallas Mavericks (JUGGERNAUT),Charlotte Hornets (GENERAL),,,,12/08/2026 22:55:00,97,moneyline_1x2,,Charlotte Hornets (GENERAL),2.2,False
2026-08-12T21:58:58.971080+00:00,13673683711,GG League - 4x5 Min de juego,True,Los Angeles Lakers,AIRFORCE,Boston Celtics,KARMA,Los Angeles Lakers (AIRFORCE),Boston Celtics (KARMA),2º cuarto,27,24,12/08/2026 21:47:00,97,moneyline_1x2,,Los Angeles Lakers (AIRFORCE),1.57,False
2026-08-12T21:58:58.971080+00:00,13673683711,GG League - 4x5 Min de juego,True,Los Angeles Lakers,AIRFORCE,Boston Celtics,KARMA,Los Angeles Lakers (AIRFORCE),Boston Celtics (KARMA),2º cuarto,27,24,12/08/2026 21:47:00,97,moneyline_1x2,,Boston Celtics (KARMA),2.15,False
2026-08-12T21:58:58.971080+00:00,13673685420,GG League - 4x5 Min de juego,False,Los Angeles Lakers,ADMIRAL,New York Knicks,RADIANT,Los Angeles Lakers (ADMIRAL),New York Knicks (RADIANT),,,,12/08/2026 22:27:00,97,moneyline_1x2,,Los Angeles Lakers (ADMIRAL),2.4,False
2026-08-12T21:58:58.971080+00:00,13673685420,GG League - 4x5 Min de juego,False,Los Angeles Lakers,ADMIRAL,New York Knicks,RADIANT,Los Angeles Lakers (ADMIRAL),New York Knicks (RADIANT),,,,12/08/2026 22:27:00,97,moneyline_1x2,,New York Knicks (RADIANT),1.45,False
2026-08-12T21:58:58.971080+00:00,13673685754,GG League - 4x5 Min de juego,True,Los Angeles Lakers,CURSE,Boston Celtics,HUNCHO,Los Angeles Lakers (CURSE),Boston Celtics (HUNCHO),3º Cuarto,37,42,12/08/2026 21:39:00,97,moneyline_1x2,,Los Angeles Lakers (CURSE),4.3,False
2026-08-12T21:58:58.971080+00:00,13673685754,GG League - 4x5 Min de juego,True,Los Angeles Lakers,CURSE,Boston Celtics,HUNCHO,Los Angeles Lakers (CURSE),Boston Celtics (HUNCHO),3º Cuarto,37,42,12/08/2026 21:39:00,97,moneyline_1x2,,Boston Celtics (HUNCHO),1.15,False
2026-08-12T21:58:58.971080+00:00,13673685422,GG League - 4x5 Min de juego,False,Los Angeles Lakers,CURSE,Oklahoma City Thunder,CALAMITY,Los Angeles Lakers (CURSE),Oklahoma City Thunder (CALAMITY),,,,12/08/2026 22:43:00,97,moneyline_1x2,,Los Angeles Lakers (CURSE),1.55,False
2026-08-12T21:58:58.971080+00:00,13673685422,GG League - 4x5 Min de juego,False,Los Angeles Lakers,CURSE,Oklahoma City Thunder,CALAMITY,Los Angeles Lakers (CURSE),Oklahoma City Thunder (CALAMITY),,,,12/08/2026 22:43:00,97,moneyline_1x2,,Oklahoma City Thunder (CALAMITY),2.2,False
2026-08-12T22:01:31.079274+00:00,13673685760,GG League - 4x5 Min de juego,True,Dallas Mavericks,JUGGERNAUT,Orlando Magic,NIGHTHAWK,Dallas Mavericks (JUGGERNAUT),Orlando Magic (NIGHTHAWK),2º cuarto,9,19,12/08/2026 21:51:00,97,moneyline_1x2,,Dallas Mavericks (JUGGERNAUT),5.0,False
2026-08-12T22:01:31.079274+00:00,13673685760,GG League - 4x5 Min de juego,True,Dallas Mavericks,JUGGERNAUT,Orlando Magic,NIGHTHAWK,Dallas Mavericks (JUGGERNAUT),Orlando Magic (NIGHTHAWK),2º cuarto,9,19,12/08/2026 21:51:00,97,moneyline_1x2,,Orlando Magic (NIGHTHAWK),1.11,False
2026-08-12T22:01:31.079274+00:00,13673684350,GG League - 4x5 Min de juego,False,Memphis Grizzlies,PHARAOH,Cleveland Cavaliers,AZURE,Memphis Grizzlies (PHARAOH),Cleveland Cavaliers (AZURE),,,,12/08/2026 23:03:00,97,moneyline_1x2,,Memphis Grizzlies (PHARAOH),2.6,False
2026-08-12T22:01:31.079274+00:00,13673684350,GG League - 4x5 Min de juego,False,Memphis Grizzlies,PHARAOH,Cleveland Cavaliers,AZURE,Memphis Grizzlies (PHARAOH),Cleveland Cavaliers (AZURE),,,,12/08/2026 23:03:00,97,moneyline_1x2,,Cleveland Cavaliers (AZURE),1.4,False
2026-08-12T22:01:31.079274+00:00,13673685773,GG League - 4x5 Min de juego,True,Memphis Grizzlies,PHARAOH,Milwaukee Bucks,PATIENCE,Memphis Grizzlies (PHARAOH),Milwaukee Bucks (PATIENCE),1º cuarto,0,4,12/08/2026 21:59:00,97,moneyline_1x2,,Memphis Grizzlies (PHARAOH),3.15,False
2026-08-12T22:01:31.079274+00:00,13673685773,GG League - 4x5 Min de juego,True,Memphis Grizzlies,PHARAOH,Milwaukee Bucks,PATIENCE,Memphis Grizzlies (PHARAOH),Milwaukee Bucks (PATIENCE),1º cuarto,0,4,12/08/2026 21:59:00,97,moneyline_1x2,,Milwaukee Bucks (PATIENCE),1.28,False
2026-08-12T22:01:31.079274+00:00,13673684349,GG League - 4x5 Min de juego,False,Charlotte Hornets,STING,Denver Nuggets,ADMIRAL,Charlotte Hornets (STING),Denver Nuggets (ADMIRAL),,,,12/08/2026 22:59:00,97,moneyline_1x2,,Charlotte Hornets (STING),1.5,False
2026-08-12T22:01:31.079274+00:00,13673684349,GG League - 4x5 Min de juego,False,Charlotte Hornets,STING,Denver Nuggets,ADMIRAL,Charlotte Hornets (STING),Denver Nuggets (ADMIRAL),,,,12/08/2026 22:59:00,97,moneyline_1x2,,Denver Nuggets (ADMIRAL),2.35,False
2026-08-12T22:01:31.079274+00:00,13673683915,GG League - 4x5 Min de juego,False,Cleveland Cavaliers,DAGGER,Milwaukee Bucks,GENERAL,Cleveland Cavaliers (DAGGER),Milwaukee Bucks (GENERAL),,,,12/08/2026 22:23:00,97,moneyline_1x2,,Cleveland Cavaliers (DAGGER),1.5,False
2026-08-12T22:01:31.079274+00:00,13673683915,GG League - 4x5 Min de juego,False,Cleveland Cavaliers,DAGGER,Milwaukee Bucks,GENERAL,Cleveland Cavaliers (DAGGER),Milwaukee Bucks (GENERAL),,,,12/08/2026 22:23:00,97,moneyline_1x2,,Milwaukee Bucks (GENERAL),2.3,False
2026-08-12T22:01:31.079274+00:00,13673685774,GG League - 4x5 Min de juego,False,Brooklyn Nets,MARINE,Miami Heat,UNDERRATED,Brooklyn Nets (MARINE),Miami Heat (UNDERRATED),,,,12/08/2026 22:15:00,97,moneyline_1x2,,Brooklyn Nets (MARINE),1.57,False
2026-08-12T22:01:31.079274+00:00,13673685774,GG League - 4x5 Min de juego,False,Brooklyn Nets,MARINE,Miami Heat,UNDERRATED,Brooklyn Nets (MARINE),Miami Heat (UNDERRATED),,,,12/08/2026 22:15:00,97,moneyline_1x2,,Miami Heat (UNDERRATED),2.15,False
2026-08-12T22:01:31.079274+00:00,13673685424,GG League - 4x5 Min de juego,False,Los Angeles Lakers,AIRFORCE,Oklahoma City Thunder,CYPHER,Los Angeles Lakers (AIRFORCE),Oklahoma City Thunder (CYPHER),,,,12/08/2026 22:51:00,97,moneyline_1x2,,Los Angeles Lakers (AIRFORCE),1.5,False
2026-08-12T22:01:31.079274+00:00,13673685424,GG League - 4x5 Min de juego,False,Los Angeles Lakers,AIRFORCE,Oklahoma City Thunder,CYPHER,Los Angeles Lakers (AIRFORCE),Oklahoma City Thunder (CYPHER),,,,12/08/2026 22:51:00,97,moneyline_1x2,,Oklahoma City Thunder (CYPHER),2.3,False
2026-08-12T22:01:31.079274+00:00,13673685378,GG League - 4x5 Min de juego,True,Chicago Bulls,OREZ,Toronto Raptors,SPARKZ,Chicago Bulls (OREZ),Toronto Raptors (SPARKZ),4º cuarto,45,53,12/08/2026 21:43:00,97,moneyline_1x2,,Chicago Bulls (OREZ),8.0,False
2026-08-12T22:01:31.079274+00:00,13673685378,GG League - 4x5 Min de juego,True,Chicago Bulls,OREZ,Toronto Raptors,SPARKZ,Chicago Bulls (OREZ),Toronto Raptors (SPARKZ),4º cuarto,45,53,12/08/2026 21:43:00,97,moneyline_1x2,,Toronto Raptors (SPARKZ),1.03,False
2026-08-12T22:01:31.079274+00:00,13673685775,GG League - 4x5 Min de juego,False,Miami Heat,MYTH,Toronto Raptors,CYPHER,Miami Heat (MYTH),Toronto Raptors (CYPHER),,,,12/08/2026 22:19:00,97,moneyline_1x2,,Miami Heat (MYTH),2.3,False
2026-08-12T22:01:31.079274+00:00,13673685775,GG League - 4x5 Min de juego,False,Miami Heat,MYTH,Toronto Raptors,CYPHER,Miami Heat (MYTH),Toronto Raptors (CYPHER),,,,12/08/2026 22:19:00,97,moneyline_1x2,,Toronto Raptors (CYPHER),1.5,False
2026-08-12T22:01:31.079274+00:00,13673684118,GG League - 4x5 Min de juego,False,Chicago Bulls,OREZ,Miami Heat,UNDERRATED,Chicago Bulls (OREZ),Miami Heat (UNDERRATED),,,,12/08/2026 22:47:00,97,moneyline_1x2,,Chicago Bulls (OREZ),2.15,False
2026-08-12T22:01:31.079274+00:00,13673684118,GG League - 4x5 Min de juego,False,Chicago Bulls,OREZ,Miami Heat,UNDERRATED,Chicago Bulls (OREZ),Miami Heat (UNDERRATED),,,,12/08/2026 22:47:00,97,moneyline_1x2,,Miami Heat (UNDERRATED),1.57,False
2026-08-12T22:01:31.079274+00:00,13673685777,GG League - 4x5 Min de juego,False,Los Angeles Lakers,SIGNAL,Oklahoma City Thunder,AZURE,Los Angeles Lakers (SIGNAL),Oklahoma City Thunder (AZURE),,,,12/08/2026 22:31:00,97,moneyline_1x2,,Los Angeles Lakers (SIGNAL),1.62,False
2026-08-12T22:01:31.079274+00:00,13673685777,GG League - 4x5 Min de juego,False,Los Angeles Lakers,SIGNAL,Oklahoma City Thunder,AZURE,Los Angeles Lakers (SIGNAL),Oklahoma City Thunder (AZURE),,,,12/08/2026 22:31:00,97,moneyline_1x2,,Oklahoma City Thunder (AZURE),2.05,False
2026-08-12T22:01:31.079274+00:00,13673685379,GG League - 4x5 Min de juego,False,New York Knicks,JACKAL,Oklahoma City Thunder,CALAMITY,New York Knicks (JACKAL),Oklahoma City Thunder (CALAMITY),,,,12/08/2026 22:11:00,97,moneyline_1x2,,New York Knicks (JACKAL),2.5,False
2026-08-12T22:01:31.079274+00:00,13673685379,GG League - 4x5 Min de juego,False,New York Knicks,JACKAL,Oklahoma City Thunder,CALAMITY,New York Knicks (JACKAL),Oklahoma City Thunder (CALAMITY),,,,12/08/2026 22:11:00,97,moneyline_1x2,,Oklahoma City Thunder (CALAMITY),1.43,False
2026-08-12T22:01:31.079274+00:00,13673683712,GG League - 4x5 Min de juego,True,Charlotte Hornets,STING,Dallas Mavericks,RADIANT,Charlotte Hornets (STING),Dallas Mavericks (RADIANT),1º cuarto,4,5,12/08/2026 21:55:00,97,moneyline_1x2,,Charlotte Hornets (STING),2.5,False
2026-08-12T22:01:31.079274+00:00,13673683712,GG League - 4x5 Min de juego,True,Charlotte Hornets,STING,Dallas Mavericks,RADIANT,Charlotte Hornets (STING),Dallas Mavericks (RADIANT),1º cuarto,4,5,12/08/2026 21:55:00,97,moneyline_1x2,,Dallas Mavericks (RADIANT),1.43,False
2026-08-12T22:01:31.079274+00:00,13673684119,GG League - 4x5 Min de juego,False,Dallas Mavericks,JUGGERNAUT,Charlotte Hornets,GENERAL,Dallas Mavericks (JUGGERNAUT),Charlotte Hornets (GENERAL),,,,12/08/2026 22:55:00,97,moneyline_1x2,,Dallas Mavericks (JUGGERNAUT),1.55,False
2026-08-12T22:01:31.079274+00:00,13673684119,GG League - 4x5 Min de juego,False,Dallas Mavericks,JUGGERNAUT,Charlotte Hornets,GENERAL,Dallas Mavericks (JUGGERNAUT),Charlotte Hornets (GENERAL),,,,12/08/2026 22:55:00,97,moneyline_1x2,,Charlotte Hornets (GENERAL),2.2,False
2026-08-12T22:01:31.079274+00:00,13673683711,GG League - 4x5 Min de juego,True,Los Angeles Lakers,AIRFORCE,Boston Celtics,KARMA,Los Angeles Lakers (AIRFORCE),Boston Celtics (KARMA),3º Cuarto,31,26,12/08/2026 21:47:00,97,moneyline_1x2,,Los Angeles Lakers (AIRFORCE),1.3,False
2026-08-12T22:01:31.079274+00:00,13673683711,GG League - 4x5 Min de juego,True,Los Angeles Lakers,AIRFORCE,Boston Celtics,KARMA,Los Angeles Lakers (AIRFORCE),Boston Celtics (KARMA),3º Cuarto,31,26,12/08/2026 21:47:00,97,moneyline_1x2,,Boston Celtics (KARMA),2.95,False
2026-08-12T22:01:31.079274+00:00,13673685420,GG League - 4x5 Min de juego,False,Los Angeles Lakers,ADMIRAL,New York Knicks,RADIANT,Los Angeles Lakers (ADMIRAL),New York Knicks (RADIANT),,,,12/08/2026 22:27:00,97,moneyline_1x2,,Los Angeles Lakers (ADMIRAL),2.4,False
2026-08-12T22:01:31.079274+00:00,13673685420,GG League - 4x5 Min de juego,False,Los Angeles Lakers,ADMIRAL,New York Knicks,RADIANT,Los Angeles Lakers (ADMIRAL),New York Knicks (RADIANT),,,,12/08/2026 22:27:00,97,moneyline_1x2,,New York Knicks (RADIANT),1.45,False
2026-08-12T22:01:31.079274+00:00,13673685754,GG League - 4x5 Min de juego,True,Los Angeles Lakers,CURSE,Boston Celtics,HUNCHO,Los Angeles Lakers (CURSE),Boston Celtics (HUNCHO),4º cuarto,43,48,12/08/2026 21:39:00,97,moneyline_1x2,,Los Angeles Lakers (CURSE),4.75,False
2026-08-12T22:01:31.079274+00:00,13673685754,GG League - 4x5 Min de juego,True,Los Angeles Lakers,CURSE,Boston Celtics,HUNCHO,Los Angeles Lakers (CURSE),Boston Celtics (HUNCHO),4º cuarto,43,48,12/08/2026 21:39:00,97,moneyline_1x2,,Boston Celtics (HUNCHO),1.12,False
2026-08-12T22:01:31.079274+00:00,13673685718,GG League - 4x5 Min de juego,False,New York Knicks,JACKAL,Boston Celtics,HUNCHO,New York Knicks (JACKAL),Boston Celtics (HUNCHO),,,,12/08/2026 23:15:00,97,moneyline_1x2,,New York Knicks (JACKAL),1.62,False
2026-08-12T22:01:31.079274+00:00,13673685718,GG League - 4x5 Min de juego,False,New York Knicks,JACKAL,Boston Celtics,HUNCHO,New York Knicks (JACKAL),Boston Celtics (HUNCHO),,,,12/08/2026 23:15:00,97,moneyline_1x2,,Boston Celtics (HUNCHO),2.05,False
2026-08-12T22:01:31.079274+00:00,13673685422,GG League - 4x5 Min de juego,False,Los Angeles Lakers,CURSE,Oklahoma City Thunder,CALAMITY,Los Angeles Lakers (CURSE),Oklahoma City Thunder (CALAMITY),,,,12/08/2026 22:43:00,97,moneyline_1x2,,Los Angeles Lakers (CURSE),1.55,False
2026-08-12T22:01:31.079274+00:00,13673685422,GG League - 4x5 Min de juego,False,Los Angeles Lakers,CURSE,Oklahoma City Thunder,CALAMITY,Los Angeles Lakers (CURSE),Oklahoma City Thunder (CALAMITY),,,,12/08/2026 22:43:00,97,moneyline_1x2,,Oklahoma City Thunder (CALAMITY),2.2,False
2026-08-12T22:02:53.850229+00:00,13673685760,GG League - 4x5 Min de juego,True,Dallas Mavericks,JUGGERNAUT,Orlando Magic,NIGHTHAWK,Dallas Mavericks (JUGGERNAUT),Orlando Magic (NIGHTHAWK),2º cuarto,11,19,12/08/2026 21:51:00,97,moneyline_1x2,,Dallas Mavericks (JUGGERNAUT),4.1,False
2026-08-12T22:02:53.850229+00:00,13673685760,GG League - 4x5 Min de juego,True,Dallas Mavericks,JUGGERNAUT,Orlando Magic,NIGHTHAWK,Dallas Mavericks (JUGGERNAUT),Orlando Magic (NIGHTHAWK),2º cuarto,11,19,12/08/2026 21:51:00,97,moneyline_1x2,,Orlando Magic (NIGHTHAWK),1.17,False
2026-08-12T22:02:53.850229+00:00,13673684350,GG League - 4x5 Min de juego,False,Memphis Grizzlies,PHARAOH,Cleveland Cavaliers,AZURE,Memphis Grizzlies (PHARAOH),Cleveland Cavaliers (AZURE),,,,12/08/2026 23:03:00,97,moneyline_1x2,,Memphis Grizzlies (PHARAOH),2.6,False
2026-08-12T22:02:53.850229+00:00,13673684350,GG League - 4x5 Min de juego,False,Memphis Grizzlies,PHARAOH,Cleveland Cavaliers,AZURE,Memphis Grizzlies (PHARAOH),Cleveland Cavaliers (AZURE),,,,12/08/2026 23:03:00,97,moneyline_1x2,,Cleveland Cavaliers (AZURE),1.4,False
2026-08-12T22:02:53.850229+00:00,13673685773,GG League - 4x5 Min de juego,True,Memphis Grizzlies,PHARAOH,Milwaukee Bucks,PATIENCE,Memphis Grizzlies (PHARAOH),Milwaukee Bucks (PATIENCE),1º cuarto,2,14,12/08/2026 21:59:00,97,moneyline_1x2,,Memphis Grizzlies (PHARAOH),7.25,False
2026-08-12T22:02:53.850229+00:00,13673685773,GG League - 4x5 Min de juego,True,Memphis Grizzlies,PHARAOH,Milwaukee Bucks,PATIENCE,Memphis Grizzlies (PHARAOH),Milwaukee Bucks (PATIENCE),1º cuarto,2,14,12/08/2026 21:59:00,97,moneyline_1x2,,Milwaukee Bucks (PATIENCE),1.04,False
2026-08-12T22:02:53.850229+00:00,13673684349,GG League - 4x5 Min de juego,False,Charlotte Hornets,STING,Denver Nuggets,ADMIRAL,Charlotte Hornets (STING),Denver Nuggets (ADMIRAL),,,,12/08/2026 22:59:00,97,moneyline_1x2,,Charlotte Hornets (STING),1.5,False
2026-08-12T22:02:53.850229+00:00,13673684349,GG League - 4x5 Min de juego,False,Charlotte Hornets,STING,Denver Nuggets,ADMIRAL,Charlotte Hornets (STING),Denver Nuggets (ADMIRAL),,,,12/08/2026 22:59:00,97,moneyline_1x2,,Denver Nuggets (ADMIRAL),2.35,False
2026-08-12T22:02:53.850229+00:00,13673683915,GG League - 4x5 Min de juego,False,Cleveland Cavaliers,DAGGER,Milwaukee Bucks,GENERAL,Cleveland Cavaliers (DAGGER),Milwaukee Bucks (GENERAL),,,,12/08/2026 22:23:00,97,moneyline_1x2,,Cleveland Cavaliers (DAGGER),1.5,False
2026-08-12T22:02:53.850229+00:00,13673683915,GG League - 4x5 Min de juego,False,Cleveland Cavaliers,DAGGER,Milwaukee Bucks,GENERAL,Cleveland Cavaliers (DAGGER),Milwaukee Bucks (GENERAL),,,,12/08/2026 22:23:00,97,moneyline_1x2,,Milwaukee Bucks (GENERAL),2.3,False
2026-08-12T22:02:53.850229+00:00,13673685774,GG League - 4x5 Min de juego,False,Brooklyn Nets,MARINE,Miami Heat,UNDERRATED,Brooklyn Nets (MARINE),Miami Heat (UNDERRATED),,,,12/08/2026 22:15:00,97,moneyline_1x2,,Brooklyn Nets (MARINE),1.57,False
2026-08-12T22:02:53.850229+00:00,13673685774,GG League - 4x5 Min de juego,False,Brooklyn Nets,MARINE,Miami Heat,UNDERRATED,Brooklyn Nets (MARINE),Miami Heat (UNDERRATED),,,,12/08/2026 22:15:00,97,moneyline_1x2,,Miami Heat (UNDERRATED),2.15,False
2026-08-12T22:02:53.850229+00:00,13673685424,GG League - 4x5 Min de juego,False,Los Angeles Lakers,AIRFORCE,Oklahoma City Thunder,CYPHER,Los Angeles Lakers (AIRFORCE),Oklahoma City Thunder (CYPHER),,,,12/08/2026 22:51:00,97,moneyline_1x2,,Los Angeles Lakers (AIRFORCE),1.5,False
2026-08-12T22:02:53.850229+00:00,13673685424,GG League - 4x5 Min de juego,False,Los Angeles Lakers,AIRFORCE,Oklahoma City Thunder,CYPHER,Los Angeles Lakers (AIRFORCE),Oklahoma City Thunder (CYPHER),,,,12/08/2026 22:51:00,97,moneyline_1x2,,Oklahoma City Thunder (CYPHER),2.3,False
2026-08-12T22:02:53.850229+00:00,13673685378,GG League - 4x5 Min de juego,True,Chicago Bulls,OREZ,Toronto Raptors,SPARKZ,Chicago Bulls (OREZ),Toronto Raptors (SPARKZ),4º cuarto,48,55,12/08/2026 21:43:00,97,moneyline_1x2,,Chicago Bulls (OREZ),8.0,False
2026-08-12T22:02:53.850229+00:00,13673685378,GG League - 4x5 Min de juego,True,Chicago Bulls,OREZ,Toronto Raptors,SPARKZ,Chicago Bulls (OREZ),Toronto Raptors (SPARKZ),4º cuarto,48,55,12/08/2026 21:43:00,97,moneyline_1x2,,Toronto Raptors (SPARKZ),1.03,False
2026-08-12T22:02:53.850229+00:00,13673685775,GG League - 4x5 Min de juego,False,Miami Heat,MYTH,Toronto Raptors,CYPHER,Miami Heat (MYTH),Toronto Raptors (CYPHER),,,,12/08/2026 22:19:00,97,moneyline_1x2,,Miami Heat (MYTH),2.3,False
2026-08-12T22:02:53.850229+00:00,13673685775,GG League - 4x5 Min de juego,False,Miami Heat,MYTH,Toronto Raptors,CYPHER,Miami Heat (MYTH),Toronto Raptors (CYPHER),,,,12/08/2026 22:19:00,97,moneyline_1x2,,Toronto Raptors (CYPHER),1.5,False
2026-08-12T22:02:53.850229+00:00,13673684118,GG League - 4x5 Min de juego,False,Chicago Bulls,OREZ,Miami Heat,UNDERRATED,Chicago Bulls (OREZ),Miami Heat (UNDERRATED),,,,12/08/2026 22:47:00,97,moneyline_1x2,,Chicago Bulls (OREZ),2.15,False
2026-08-12T22:02:53.850229+00:00,13673684118,GG League - 4x5 Min de juego,False,Chicago Bulls,OREZ,Miami Heat,UNDERRATED,Chicago Bulls (OREZ),Miami Heat (UNDERRATED),,,,12/08/2026 22:47:00,97,moneyline_1x2,,Miami Heat (UNDERRATED),1.57,False
2026-08-12T22:02:53.850229+00:00,13673685777,GG League - 4x5 Min de juego,False,Los Angeles Lakers,SIGNAL,Oklahoma City Thunder,AZURE,Los Angeles Lakers (SIGNAL),Oklahoma City Thunder (AZURE),,,,12/08/2026 22:31:00,97,moneyline_1x2,,Los Angeles Lakers (SIGNAL),1.62,False
2026-08-12T22:02:53.850229+00:00,13673685777,GG League - 4x5 Min de juego,False,Los Angeles Lakers,SIGNAL,Oklahoma City Thunder,AZURE,Los Angeles Lakers (SIGNAL),Oklahoma City Thunder (AZURE),,,,12/08/2026 22:31:00,97,moneyline_1x2,,Oklahoma City Thunder (AZURE),2.05,False
2026-08-12T22:02:53.850229+00:00,13673684715,GG League - 4x5 Min de juego,False,Brooklyn Nets,MARINE,Toronto Raptors,SPARKZ,Brooklyn Nets (MARINE),Toronto Raptors (SPARKZ),,,,12/08/2026 23:19:00,97,moneyline_1x2,,Brooklyn Nets (MARINE),2.3,False
2026-08-12T22:02:53.850229+00:00,13673684715,GG League - 4x5 Min de juego,False,Brooklyn Nets,MARINE,Toronto Raptors,SPARKZ,Brooklyn Nets (MARINE),Toronto Raptors (SPARKZ),,,,12/08/2026 23:19:00,97,moneyline_1x2,,Toronto Raptors (SPARKZ),1.5,False
2026-08-12T22:02:53.850229+00:00,13673685379,GG League - 4x5 Min de juego,False,New York Knicks,JACKAL,Oklahoma City Thunder,CALAMITY,New York Knicks (JACKAL),Oklahoma City Thunder (CALAMITY),,,,12/08/2026 22:11:00,97,moneyline_1x2,,New York Knicks (JACKAL),2.5,False
2026-08-12T22:02:53.850229+00:00,13673685379,GG League - 4x5 Min de juego,False,New York Knicks,JACKAL,Oklahoma City Thunder,CALAMITY,New York Knicks (JACKAL),Oklahoma City Thunder (CALAMITY),,,,12/08/2026 22:11:00,97,moneyline_1x2,,Oklahoma City Thunder (CALAMITY),1.43,False
2026-08-12T22:02:53.850229+00:00,13673683712,GG League - 4x5 Min de juego,True,Charlotte Hornets,STING,Dallas Mavericks,RADIANT,Charlotte Hornets (STING),Dallas Mavericks (RADIANT),1º cuarto,6,5,12/08/2026 21:55:00,97,moneyline_1x2,,Charlotte Hornets (STING),2.0,False
2026-08-12T22:02:53.850229+00:00,13673683712,GG League - 4x5 Min de juego,True,Charlotte Hornets,STING,Dallas Mavericks,RADIANT,Charlotte Hornets (STING),Dallas Mavericks (RADIANT),1º cuarto,6,5,12/08/2026 21:55:00,97,moneyline_1x2,,Dallas Mavericks (RADIANT),1.67,False
2026-08-12T22:02:53.850229+00:00,13673684119,GG League - 4x5 Min de juego,False,Dallas Mavericks,JUGGERNAUT,Charlotte Hornets,GENERAL,Dallas Mavericks (JUGGERNAUT),Charlotte Hornets (GENERAL),,,,12/08/2026 22:55:00,97,moneyline_1x2,,Dallas Mavericks (JUGGERNAUT),1.55,False
2026-08-12T22:02:53.850229+00:00,13673684119,GG League - 4x5 Min de juego,False,Dallas Mavericks,JUGGERNAUT,Charlotte Hornets,GENERAL,Dallas Mavericks (JUGGERNAUT),Charlotte Hornets (GENERAL),,,,12/08/2026 22:55:00,97,moneyline_1x2,,Charlotte Hornets (GENERAL),2.2,False
2026-08-12T22:02:53.850229+00:00,13673683711,GG League - 4x5 Min de juego,True,Los Angeles Lakers,AIRFORCE,Boston Celtics,KARMA,Los Angeles Lakers (AIRFORCE),Boston Celtics (KARMA),3º Cuarto,33,31,12/08/2026 21:47:00,97,moneyline_1x2,,Los Angeles Lakers (AIRFORCE),1.62,False
2026-08-12T22:02:53.850229+00:00,13673683711,GG League - 4x5 Min de juego,True,Los Angeles Lakers,AIRFORCE,Boston Celtics,KARMA,Los Angeles Lakers (AIRFORCE),Boston Celtics (KARMA),3º Cuarto,33,31,12/08/2026 21:47:00,97,moneyline_1x2,,Boston Celtics (KARMA),2.05,False
2026-08-12T22:02:53.850229+00:00,13673685420,GG League - 4x5 Min de juego,False,Los Angeles Lakers,ADMIRAL,New York Knicks,RADIANT,Los Angeles Lakers (ADMIRAL),New York Knicks (RADIANT),,,,12/08/2026 22:27:00,97,moneyline_1x2,,Los Angeles Lakers (ADMIRAL),2.4,False
2026-08-12T22:02:53.850229+00:00,13673685420,GG League - 4x5 Min de juego,False,Los Angeles Lakers,ADMIRAL,New York Knicks,RADIANT,Los Angeles Lakers (ADMIRAL),New York Knicks (RADIANT),,,,12/08/2026 22:27:00,97,moneyline_1x2,,New York Knicks (RADIANT),1.45,False
2026-08-12T22:02:53.850229+00:00,13673685754,GG League - 4x5 Min de juego,True,Los Angeles Lakers,CURSE,Boston Celtics,HUNCHO,Los Angeles Lakers (CURSE),Boston Celtics (HUNCHO),4º cuarto,45,52,12/08/2026 21:39:00,97,moneyline_1x2,,Los Angeles Lakers (CURSE),7.5,False
2026-08-12T22:02:53.850229+00:00,13673685754,GG League - 4x5 Min de juego,True,Los Angeles Lakers,CURSE,Boston Celtics,HUNCHO,Los Angeles Lakers (CURSE),Boston Celtics (HUNCHO),4º cuarto,45,52,12/08/2026 21:39:00,97,moneyline_1x2,,Boston Celtics (HUNCHO),1.03,False
2026-08-12T22:02:53.850229+00:00,13673685718,GG League - 4x5 Min de juego,False,New York Knicks,JACKAL,Boston Celtics,HUNCHO,New York Knicks (JACKAL),Boston Celtics (HUNCHO),,,,12/08/2026 23:15:00,97,moneyline_1x2,,New York Knicks (JACKAL),1.62,False
2026-08-12T22:02:53.850229+00:00,13673685718,GG League - 4x5 Min de juego,False,New York Knicks,JACKAL,Boston Celtics,HUNCHO,New York Knicks (JACKAL),Boston Celtics (HUNCHO),,,,12/08/2026 23:15:00,97,moneyline_1x2,,Boston Celtics (HUNCHO),2.05,False
2026-08-12T22:02:53.850229+00:00,13673685422,GG League - 4x5 Min de juego,False,Los Angeles Lakers,CURSE,Oklahoma City Thunder,CALAMITY,Los Angeles Lakers (CURSE),Oklahoma City Thunder (CALAMITY),,,,12/08/2026 22:43:00,97,moneyline_1x2,,Los Angeles Lakers (CURSE),1.55,False
2026-08-12T22:02:53.850229+00:00,13673685422,GG League - 4x5 Min de juego,False,Los Angeles Lakers,CURSE,Oklahoma City Thunder,CALAMITY,Los Angeles Lakers (CURSE),Oklahoma City Thunder (CALAMITY),,,,12/08/2026 22:43:00,97,moneyline_1x2,,Oklahoma City Thunder (CALAMITY),2.2,False
2026-08-12T22:04:53.767132+00:00,13673685760,GG League - 4x5 Min de juego,True,Dallas Mavericks,JUGGERNAUT,Orlando Magic,NIGHTHAWK,Dallas Mavericks (JUGGERNAUT),Orlando Magic (NIGHTHAWK),2º cuarto,17,24,12/08/2026 21:51:00,97,moneyline_1x2,,Dallas Mavericks (JUGGERNAUT),3.9,False
2026-08-12T22:04:53.767132+00:00,13673685760,GG League - 4x5 Min de juego,True,Dallas Mavericks,JUGGERNAUT,Orlando Magic,NIGHTHAWK,Dallas Mavericks (JUGGERNAUT),Orlando Magic (NIGHTHAWK),2º cuarto,17,24,12/08/2026 21:51:00,97,moneyline_1x2,,Orlando Magic (NIGHTHAWK),1.19,False
2026-08-12T22:04:53.767132+00:00,13673684350,GG League - 4x5 Min de juego,False,Memphis Grizzlies,PHARAOH,Cleveland Cavaliers,AZURE,Memphis Grizzlies (PHARAOH),Cleveland Cavaliers (AZURE),,,,12/08/2026 23:03:00,97,moneyline_1x2,,Memphis Grizzlies (PHARAOH),2.6,False
2026-08-12T22:04:53.767132+00:00,13673684350,GG League - 4x5 Min de juego,False,Memphis Grizzlies,PHARAOH,Cleveland Cavaliers,AZURE,Memphis Grizzlies (PHARAOH),Cleveland Cavaliers (AZURE),,,,12/08/2026 23:03:00,97,moneyline_1x2,,Cleveland Cavaliers (AZURE),1.4,False
2026-08-12T22:04:53.767132+00:00,13673685773,GG League - 4x5 Min de juego,True,Memphis Grizzlies,PHARAOH,Milwaukee Bucks,PATIENCE,Memphis Grizzlies (PHARAOH),Milwaukee Bucks (PATIENCE),1º cuarto,6,20,12/08/2026 21:59:00,97,moneyline_1x2,,Memphis Grizzlies (PHARAOH),8.0,False
2026-08-12T22:04:53.767132+00:00,13673685773,GG League - 4x5 Min de juego,True,Memphis Grizzlies,PHARAOH,Milwaukee Bucks,PATIENCE,Memphis Grizzlies (PHARAOH),Milwaukee Bucks (PATIENCE),1º cuarto,6,20,12/08/2026 21:59:00,97,moneyline_1x2,,Milwaukee Bucks (PATIENCE),1.03,False
2026-08-12T22:04:53.767132+00:00,13673684349,GG League - 4x5 Min de juego,False,Charlotte Hornets,STING,Denver Nuggets,ADMIRAL,Charlotte Hornets (STING),Denver Nuggets (ADMIRAL),,,,12/08/2026 22:59:00,97,moneyline_1x2,,Charlotte Hornets (STING),1.5,False
2026-08-12T22:04:53.767132+00:00,13673684349,GG League - 4x5 Min de juego,False,Charlotte Hornets,STING,Denver Nuggets,ADMIRAL,Charlotte Hornets (STING),Denver Nuggets (ADMIRAL),,,,12/08/2026 22:59:00,97,moneyline_1x2,,Denver Nuggets (ADMIRAL),2.35,False
2026-08-12T22:04:53.767132+00:00,13673683915,GG League - 4x5 Min de juego,False,Cleveland Cavaliers,DAGGER,Milwaukee Bucks,GENERAL,Cleveland Cavaliers (DAGGER),Milwaukee Bucks (GENERAL),,,,12/08/2026 22:23:00,97,moneyline_1x2,,Cleveland Cavaliers (DAGGER),1.5,False
2026-08-12T22:04:53.767132+00:00,13673683915,GG League - 4x5 Min de juego,False,Cleveland Cavaliers,DAGGER,Milwaukee Bucks,GENERAL,Cleveland Cavaliers (DAGGER),Milwaukee Bucks (GENERAL),,,,12/08/2026 22:23:00,97,moneyline_1x2,,Milwaukee Bucks (GENERAL),2.3,False
2026-08-12T22:04:53.767132+00:00,13673685774,GG League - 4x5 Min de juego,False,Brooklyn Nets,MARINE,Miami Heat,UNDERRATED,Brooklyn Nets (MARINE),Miami Heat (UNDERRATED),,,,12/08/2026 22:15:00,97,moneyline_1x2,,Brooklyn Nets (MARINE),1.57,False
2026-08-12T22:04:53.767132+00:00,13673685774,GG League - 4x5 Min de juego,False,Brooklyn Nets,MARINE,Miami Heat,UNDERRATED,Brooklyn Nets (MARINE),Miami Heat (UNDERRATED),,,,12/08/2026 22:15:00,97,moneyline_1x2,,Miami Heat (UNDERRATED),2.15,False
2026-08-12T22:04:53.767132+00:00,13673685424,GG League - 4x5 Min de juego,False,Los Angeles Lakers,AIRFORCE,Oklahoma City Thunder,CYPHER,Los Angeles Lakers (AIRFORCE),Oklahoma City Thunder (CYPHER),,,,12/08/2026 22:51:00,97,moneyline_1x2,,Los Angeles Lakers (AIRFORCE),1.5,False
2026-08-12T22:04:53.767132+00:00,13673685424,GG League - 4x5 Min de juego,False,Los Angeles Lakers,AIRFORCE,Oklahoma City Thunder,CYPHER,Los Angeles Lakers (AIRFORCE),Oklahoma City Thunder (CYPHER),,,,12/08/2026 22:51:00,97,moneyline_1x2,,Oklahoma City Thunder (CYPHER),2.3,False
2026-08-12T22:04:53.767132+00:00,13673685775,GG League - 4x5 Min de juego,False,Miami Heat,MYTH,Toronto Raptors,CYPHER,Miami Heat (MYTH),Toronto Raptors (CYPHER),,,,12/08/2026 22:19:00,97,moneyline_1x2,,Miami Heat (MYTH),2.3,False
2026-08-12T22:04:53.767132+00:00,13673685775,GG League - 4x5 Min de juego,False,Miami Heat,MYTH,Toronto Raptors,CYPHER,Miami Heat (MYTH),Toronto Raptors (CYPHER),,,,12/08/2026 22:19:00,97,moneyline_1x2,,Toronto Raptors (CYPHER),1.5,False
2026-08-12T22:04:53.767132+00:00,13673684118,GG League - 4x5 Min de juego,False,Chicago Bulls,OREZ,Miami Heat,UNDERRATED,Chicago Bulls (OREZ),Miami Heat (UNDERRATED),,,,12/08/2026 22:47:00,97,moneyline_1x2,,Chicago Bulls (OREZ),2.15,False
2026-08-12T22:04:53.767132+00:00,13673684118,GG League - 4x5 Min de juego,False,Chicago Bulls,OREZ,Miami Heat,UNDERRATED,Chicago Bulls (OREZ),Miami Heat (UNDERRATED),,,,12/08/2026 22:47:00,97,moneyline_1x2,,Miami Heat (UNDERRATED),1.57,False
2026-08-12T22:04:53.767132+00:00,13673685777,GG League - 4x5 Min de juego,False,Los Angeles Lakers,SIGNAL,Oklahoma City Thunder,AZURE,Los Angeles Lakers (SIGNAL),Oklahoma City Thunder (AZURE),,,,12/08/2026 22:31:00,97,moneyline_1x2,,Los Angeles Lakers (SIGNAL),1.62,False
2026-08-12T22:04:53.767132+00:00,13673685777,GG League - 4x5 Min de juego,False,Los Angeles Lakers,SIGNAL,Oklahoma City Thunder,AZURE,Los Angeles Lakers (SIGNAL),Oklahoma City Thunder (AZURE),,,,12/08/2026 22:31:00,97,moneyline_1x2,,Oklahoma City Thunder (AZURE),2.05,False
2026-08-12T22:04:53.767132+00:00,13673684715,GG League - 4x5 Min de juego,False,Brooklyn Nets,MARINE,Toronto Raptors,SPARKZ,Brooklyn Nets (MARINE),Toronto Raptors (SPARKZ),,,,12/08/2026 23:19:00,97,moneyline_1x2,,Brooklyn Nets (MARINE),2.3,False
2026-08-12T22:04:53.767132+00:00,13673684715,GG League - 4x5 Min de juego,False,Brooklyn Nets,MARINE,Toronto Raptors,SPARKZ,Brooklyn Nets (MARINE),Toronto Raptors (SPARKZ),,,,12/08/2026 23:19:00,97,moneyline_1x2,,Toronto Raptors (SPARKZ),1.5,False
2026-08-12T22:04:53.767132+00:00,13673685379,GG League - 4x5 Min de juego,False,New York Knicks,JACKAL,Oklahoma City Thunder,CALAMITY,New York Knicks (JACKAL),Oklahoma City Thunder (CALAMITY),,,,12/08/2026 22:11:00,97,moneyline_1x2,,New York Knicks (JACKAL),2.5,False
2026-08-12T22:04:53.767132+00:00,13673685379,GG League - 4x5 Min de juego,False,New York Knicks,JACKAL,Oklahoma City Thunder,CALAMITY,New York Knicks (JACKAL),Oklahoma City Thunder (CALAMITY),,,,12/08/2026 22:11:00,97,moneyline_1x2,,Oklahoma City Thunder (CALAMITY),1.43,False
2026-08-12T22:04:53.767132+00:00,13673683712,GG League - 4x5 Min de juego,True,Charlotte Hornets,STING,Dallas Mavericks,RADIANT,Charlotte Hornets (STING),Dallas Mavericks (RADIANT),2º cuarto,8,7,12/08/2026 21:55:00,97,moneyline_1x2,,Charlotte Hornets (STING),2.0,False
2026-08-12T22:04:53.767132+00:00,13673683712,GG League - 4x5 Min de juego,True,Charlotte Hornets,STING,Dallas Mavericks,RADIANT,Charlotte Hornets (STING),Dallas Mavericks (RADIANT),2º cuarto,8,7,12/08/2026 21:55:00,97,moneyline_1x2,,Dallas Mavericks (RADIANT),1.67,False
2026-08-12T22:04:53.767132+00:00,13673684119,GG League - 4x5 Min de juego,False,Dallas Mavericks,JUGGERNAUT,Charlotte Hornets,GENERAL,Dallas Mavericks (JUGGERNAUT),Charlotte Hornets (GENERAL),,,,12/08/2026 22:55:00,97,moneyline_1x2,,Dallas Mavericks (JUGGERNAUT),1.55,False
2026-08-12T22:04:53.767132+00:00,13673684119,GG League - 4x5 Min de juego,False,Dallas Mavericks,JUGGERNAUT,Charlotte Hornets,GENERAL,Dallas Mavericks (JUGGERNAUT),Charlotte Hornets (GENERAL),,,,12/08/2026 22:55:00,97,moneyline_1x2,,Charlotte Hornets (GENERAL),2.2,False
2026-08-12T22:04:53.767132+00:00,13673684716,GG League - 4x5 Min de juego,False,Miami Heat,MYTH,Brooklyn Nets,KARMA,Miami Heat (MYTH),Brooklyn Nets (KARMA),,,,12/08/2026 23:23:00,97,moneyline_1x2,,Miami Heat (MYTH),2.15,False
2026-08-12T22:04:53.767132+00:00,13673684716,GG League - 4x5 Min de juego,False,Miami Heat,MYTH,Brooklyn Nets,KARMA,Miami Heat (MYTH),Brooklyn Nets (KARMA),,,,12/08/2026 23:23:00,97,moneyline_1x2,,Brooklyn Nets (KARMA),1.57,False
2026-08-12T22:04:53.767132+00:00,13673685420,GG League - 4x5 Min de juego,False,Los Angeles Lakers,ADMIRAL,New York Knicks,RADIANT,Los Angeles Lakers (ADMIRAL),New York Knicks (RADIANT),,,,12/08/2026 22:27:00,97,moneyline_1x2,,Los Angeles Lakers (ADMIRAL),2.4,False
2026-08-12T22:04:53.767132+00:00,13673685420,GG League - 4x5 Min de juego,False,Los Angeles Lakers,ADMIRAL,New York Knicks,RADIANT,Los Angeles Lakers (ADMIRAL),New York Knicks (RADIANT),,,,12/08/2026 22:27:00,97,moneyline_1x2,,New York Knicks (RADIANT),1.45,False
2026-08-12T22:04:53.767132+00:00,13673685718,GG League - 4x5 Min de juego,False,New York Knicks,JACKAL,Boston Celtics,HUNCHO,New York Knicks (JACKAL),Boston Celtics (HUNCHO),,,,12/08/2026 23:15:00,97,moneyline_1x2,,New York Knicks (JACKAL),1.62,False
2026-08-12T22:04:53.767132+00:00,13673685718,GG League - 4x5 Min de juego,False,New York Knicks,JACKAL,Boston Celtics,HUNCHO,New York Knicks (JACKAL),Boston Celtics (HUNCHO),,,,12/08/2026 23:15:00,97,moneyline_1x2,,Boston Celtics (HUNCHO),2.05,False
2026-08-12T22:04:53.767132+00:00,13673685422,GG League - 4x5 Min de juego,False,Los Angeles Lakers,CURSE,Oklahoma City Thunder,CALAMITY,Los Angeles Lakers (CURSE),Oklahoma City Thunder (CALAMITY),,,,12/08/2026 22:43:00,97,moneyline_1x2,,Los Angeles Lakers (CURSE),1.55,False
2026-08-12T22:04:53.767132+00:00,13673685422,GG League - 4x5 Min de juego,False,Los Angeles Lakers,CURSE,Oklahoma City Thunder,CALAMITY,Los Angeles Lakers (CURSE),Oklahoma City Thunder (CALAMITY),,,,12/08/2026 22:43:00,97,moneyline_1x2,,Oklahoma City Thunder (CALAMITY),2.2,False
2026-08-12T22:06:55.418220+00:00,13673685760,GG League - 4x5 Min de juego,True,Dallas Mavericks,JUGGERNAUT,Orlando Magic,NIGHTHAWK,Dallas Mavericks (JUGGERNAUT),Orlando Magic (NIGHTHAWK),3º Cuarto,22,30,12/08/2026 21:51:00,97,moneyline_1x2,,Dallas Mavericks (JUGGERNAUT),5.0,False
2026-08-12T22:06:55.418220+00:00,13673685760,GG League - 4x5 Min de juego,True,Dallas Mavericks,JUGGERNAUT,Orlando Magic,NIGHTHAWK,Dallas Mavericks (JUGGERNAUT),Orlando Magic (NIGHTHAWK),3º Cuarto,22,30,12/08/2026 21:51:00,97,moneyline_1x2,,Orlando Magic (NIGHTHAWK),1.11,False
2026-08-12T22:06:55.418220+00:00,13673684350,GG League - 4x5 Min de juego,False,Memphis Grizzlies,PHARAOH,Cleveland Cavaliers,AZURE,Memphis Grizzlies (PHARAOH),Cleveland Cavaliers (AZURE),,,,12/08/2026 23:03:00,97,moneyline_1x2,,Memphis Grizzlies (PHARAOH),2.6,False
2026-08-12T22:06:55.418220+00:00,13673684350,GG League - 4x5 Min de juego,False,Memphis Grizzlies,PHARAOH,Cleveland Cavaliers,AZURE,Memphis Grizzlies (PHARAOH),Cleveland Cavaliers (AZURE),,,,12/08/2026 23:03:00,97,moneyline_1x2,,Cleveland Cavaliers (AZURE),1.4,False
2026-08-12T22:06:55.418220+00:00,13673685773,GG League - 4x5 Min de juego,True,Memphis Grizzlies,PHARAOH,Milwaukee Bucks,PATIENCE,Memphis Grizzlies (PHARAOH),Milwaukee Bucks (PATIENCE),2º cuarto,13,20,12/08/2026 21:59:00,97,moneyline_1x2,,Memphis Grizzlies (PHARAOH),6.5,False
2026-08-12T22:06:55.418220+00:00,13673685773,GG League - 4x5 Min de juego,True,Memphis Grizzlies,PHARAOH,Milwaukee Bucks,PATIENCE,Memphis Grizzlies (PHARAOH),Milwaukee Bucks (PATIENCE),2º cuarto,13,20,12/08/2026 21:59:00,97,moneyline_1x2,,Milwaukee Bucks (PATIENCE),1.06,False
2026-08-12T22:06:55.418220+00:00,13673684349,GG League - 4x5 Min de juego,False,Charlotte Hornets,STING,Denver Nuggets,ADMIRAL,Charlotte Hornets (STING),Denver Nuggets (ADMIRAL),,,,12/08/2026 22:59:00,97,moneyline_1x2,,Charlotte Hornets (STING),1.5,False
2026-08-12T22:06:55.418220+00:00,13673684349,GG League - 4x5 Min de juego,False,Charlotte Hornets,STING,Denver Nuggets,ADMIRAL,Charlotte Hornets (STING),Denver Nuggets (ADMIRAL),,,,12/08/2026 22:59:00,97,moneyline_1x2,,Denver Nuggets (ADMIRAL),2.35,False
2026-08-12T22:06:55.418220+00:00,13673683915,GG League - 4x5 Min de juego,False,Cleveland Cavaliers,DAGGER,Milwaukee Bucks,GENERAL,Cleveland Cavaliers (DAGGER),Milwaukee Bucks (GENERAL),,,,12/08/2026 22:23:00,97,moneyline_1x2,,Cleveland Cavaliers (DAGGER),1.55,False
2026-08-12T22:06:55.418220+00:00,13673683915,GG League - 4x5 Min de juego,False,Cleveland Cavaliers,DAGGER,Milwaukee Bucks,GENERAL,Cleveland Cavaliers (DAGGER),Milwaukee Bucks (GENERAL),,,,12/08/2026 22:23:00,97,moneyline_1x2,,Milwaukee Bucks (GENERAL),2.2,False
2026-08-12T22:06:55.418220+00:00,13673685774,GG League - 4x5 Min de juego,False,Brooklyn Nets,MARINE,Miami Heat,UNDERRATED,Brooklyn Nets (MARINE),Miami Heat (UNDERRATED),,,,12/08/2026 22:15:00,97,moneyline_1x2,,Brooklyn Nets (MARINE),1.57,False
2026-08-12T22:06:55.418220+00:00,13673685774,GG League - 4x5 Min de juego,False,Brooklyn Nets,MARINE,Miami Heat,UNDERRATED,Brooklyn Nets (MARINE),Miami Heat (UNDERRATED),,,,12/08/2026 22:15:00,97,moneyline_1x2,,Miami Heat (UNDERRATED),2.15,False
2026-08-12T22:06:55.418220+00:00,13673685424,GG League - 4x5 Min de juego,False,Los Angeles Lakers,AIRFORCE,Oklahoma City Thunder,CYPHER,Los Angeles Lakers (AIRFORCE),Oklahoma City Thunder (CYPHER),,,,12/08/2026 22:51:00,97,moneyline_1x2,,Los Angeles Lakers (AIRFORCE),1.5,False
2026-08-12T22:06:55.418220+00:00,13673685424,GG League - 4x5 Min de juego,False,Los Angeles Lakers,AIRFORCE,Oklahoma City Thunder,CYPHER,Los Angeles Lakers (AIRFORCE),Oklahoma City Thunder (CYPHER),,,,12/08/2026 22:51:00,97,moneyline_1x2,,Oklahoma City Thunder (CYPHER),2.3,False
2026-08-12T22:06:55.418220+00:00,13673685775,GG League - 4x5 Min de juego,False,Miami Heat,MYTH,Toronto Raptors,CYPHER,Miami Heat (MYTH),Toronto Raptors (CYPHER),,,,12/08/2026 22:19:00,97,moneyline_1x2,,Miami Heat (MYTH),2.05,False
2026-08-12T22:06:55.418220+00:00,13673685775,GG League - 4x5 Min de juego,False,Miami Heat,MYTH,Toronto Raptors,CYPHER,Miami Heat (MYTH),Toronto Raptors (CYPHER),,,,12/08/2026 22:19:00,97,moneyline_1x2,,Toronto Raptors (CYPHER),1.62,False
2026-08-12T22:06:55.418220+00:00,13673684118,GG League - 4x5 Min de juego,False,Chicago Bulls,OREZ,Miami Heat,UNDERRATED,Chicago Bulls (OREZ),Miami Heat (UNDERRATED),,,,12/08/2026 22:47:00,97,moneyline_1x2,,Chicago Bulls (OREZ),2.15,False
2026-08-12T22:06:55.418220+00:00,13673684118,GG League - 4x5 Min de juego,False,Chicago Bulls,OREZ,Miami Heat,UNDERRATED,Chicago Bulls (OREZ),Miami Heat (UNDERRATED),,,,12/08/2026 22:47:00,97,moneyline_1x2,,Miami Heat (UNDERRATED),1.57,False
2026-08-12T22:06:55.418220+00:00,13673685777,GG League - 4x5 Min de juego,False,Los Angeles Lakers,SIGNAL,Oklahoma City Thunder,AZURE,Los Angeles Lakers (SIGNAL),Oklahoma City Thunder (AZURE),,,,12/08/2026 22:31:00,97,moneyline_1x2,,Los Angeles Lakers (SIGNAL),1.62,False
2026-08-12T22:06:55.418220+00:00,13673685777,GG League - 4x5 Min de juego,False,Los Angeles Lakers,SIGNAL,Oklahoma City Thunder,AZURE,Los Angeles Lakers (SIGNAL),Oklahoma City Thunder (AZURE),,,,12/08/2026 22:31:00,97,moneyline_1x2,,Oklahoma City Thunder (AZURE),2.05,False
2026-08-12T22:06:55.418220+00:00,13673684715,GG League - 4x5 Min de juego,False,Brooklyn Nets,MARINE,Toronto Raptors,SPARKZ,Brooklyn Nets (MARINE),Toronto Raptors (SPARKZ),,,,12/08/2026 23:19:00,97,moneyline_1x2,,Brooklyn Nets (MARINE),2.3,False
2026-08-12T22:06:55.418220+00:00,13673684715,GG League - 4x5 Min de juego,False,Brooklyn Nets,MARINE,Toronto Raptors,SPARKZ,Brooklyn Nets (MARINE),Toronto Raptors (SPARKZ),,,,12/08/2026 23:19:00,97,moneyline_1x2,,Toronto Raptors (SPARKZ),1.5,False
2026-08-12T22:06:55.418220+00:00,13673685379,GG League - 4x5 Min de juego,False,New York Knicks,JACKAL,Oklahoma City Thunder,CALAMITY,New York Knicks (JACKAL),Oklahoma City Thunder (CALAMITY),,,,12/08/2026 22:11:00,97,moneyline_1x2,,New York Knicks (JACKAL),2.5,False
2026-08-12T22:06:55.418220+00:00,13673685379,GG League - 4x5 Min de juego,False,New York Knicks,JACKAL,Oklahoma City Thunder,CALAMITY,New York Knicks (JACKAL),Oklahoma City Thunder (CALAMITY),,,,12/08/2026 22:11:00,97,moneyline_1x2,,Oklahoma City Thunder (CALAMITY),1.43,False
2026-08-12T22:06:55.418220+00:00,13673683712,GG League - 4x5 Min de juego,True,Charlotte Hornets,STING,Dallas Mavericks,RADIANT,Charlotte Hornets (STING),Dallas Mavericks (RADIANT),2º cuarto,10,9,12/08/2026 21:55:00,97,moneyline_1x2,,Charlotte Hornets (STING),1.91,False
2026-08-12T22:06:55.418220+00:00,13673683712,GG League - 4x5 Min de juego,True,Charlotte Hornets,STING,Dallas Mavericks,RADIANT,Charlotte Hornets (STING),Dallas Mavericks (RADIANT),2º cuarto,10,9,12/08/2026 21:55:00,97,moneyline_1x2,,Dallas Mavericks (RADIANT),1.72,False
2026-08-12T22:06:55.418220+00:00,13673684119,GG League - 4x5 Min de juego,False,Dallas Mavericks,JUGGERNAUT,Charlotte Hornets,GENERAL,Dallas Mavericks (JUGGERNAUT),Charlotte Hornets (GENERAL),,,,12/08/2026 22:55:00,97,moneyline_1x2,,Dallas Mavericks (JUGGERNAUT),1.55,False
2026-08-12T22:06:55.418220+00:00,13673684119,GG League - 4x5 Min de juego,False,Dallas Mavericks,JUGGERNAUT,Charlotte Hornets,GENERAL,Dallas Mavericks (JUGGERNAUT),Charlotte Hornets (GENERAL),,,,12/08/2026 22:55:00,97,moneyline_1x2,,Charlotte Hornets (GENERAL),2.2,False
2026-08-12T22:06:55.418220+00:00,13673683711,GG League - 4x5 Min de juego,True,Los Angeles Lakers,AIRFORCE,Boston Celtics,KARMA,Los Angeles Lakers (AIRFORCE),Boston Celtics (KARMA),4º cuarto,41,42,12/08/2026 21:47:00,97,moneyline_1x2,,Los Angeles Lakers (AIRFORCE),2.2,False
2026-08-12T22:06:55.418220+00:00,13673683711,GG League - 4x5 Min de juego,True,Los Angeles Lakers,AIRFORCE,Boston Celtics,KARMA,Los Angeles Lakers (AIRFORCE),Boston Celtics (KARMA),4º cuarto,41,42,12/08/2026 21:47:00,97,moneyline_1x2,,Boston Celtics (KARMA),1.55,False
2026-08-12T22:06:55.418220+00:00,13673684716,GG League - 4x5 Min de juego,False,Miami Heat,MYTH,Brooklyn Nets,KARMA,Miami Heat (MYTH),Brooklyn Nets (KARMA),,,,12/08/2026 23:23:00,97,moneyline_1x2,,Miami Heat (MYTH),2.15,False
2026-08-12T22:06:55.418220+00:00,13673684716,GG League - 4x5 Min de juego,False,Miami Heat,MYTH,Brooklyn Nets,KARMA,Miami Heat (MYTH),Brooklyn Nets (KARMA),,,,12/08/2026 23:23:00,97,moneyline_1x2,,Brooklyn Nets (KARMA),1.57,False
2026-08-12T22:06:55.418220+00:00,13673685420,GG League - 4x5 Min de juego,False,Los Angeles Lakers,ADMIRAL,New York Knicks,RADIANT,Los Angeles Lakers (ADMIRAL),New York Knicks (RADIANT),,,,12/08/2026 22:27:00,97,moneyline_1x2,,Los Angeles Lakers (ADMIRAL),2.4,False
2026-08-12T22:06:55.418220+00:00,13673685420,GG League - 4x5 Min de juego,False,Los Angeles Lakers,ADMIRAL,New York Knicks,RADIANT,Los Angeles Lakers (ADMIRAL),New York Knicks (RADIANT),,,,12/08/2026 22:27:00,97,moneyline_1x2,,New York Knicks (RADIANT),1.45,False
2026-08-12T22:06:55.418220+00:00,13673685718,GG League - 4x5 Min de juego,False,New York Knicks,JACKAL,Boston Celtics,HUNCHO,New York Knicks (JACKAL),Boston Celtics (HUNCHO),,,,12/08/2026 23:15:00,97,moneyline_1x2,,New York Knicks (JACKAL),1.62,False
2026-08-12T22:06:55.418220+00:00,13673685718,GG League - 4x5 Min de juego,False,New York Knicks,JACKAL,Boston Celtics,HUNCHO,New York Knicks (JACKAL),Boston Celtics (HUNCHO),,,,12/08/2026 23:15:00,97,moneyline_1x2,,Boston Celtics (HUNCHO),2.05,False
2026-08-12T22:06:55.418220+00:00,13673685422,GG League - 4x5 Min de juego,False,Los Angeles Lakers,CURSE,Oklahoma City Thunder,CALAMITY,Los Angeles Lakers (CURSE),Oklahoma City Thunder (CALAMITY),,,,12/08/2026 22:43:00,97,moneyline_1x2,,Los Angeles Lakers (CURSE),1.55,False
2026-08-12T22:06:55.418220+00:00,13673685422,GG League - 4x5 Min de juego,False,Los Angeles Lakers,CURSE,Oklahoma City Thunder,CALAMITY,Los Angeles Lakers (CURSE),Oklahoma City Thunder (CALAMITY),,,,12/08/2026 22:43:00,97,moneyline_1x2,,Oklahoma City Thunder (CALAMITY),2.2,False
2026-08-12T22:08:53.549683+00:00,13673685760,GG League - 4x5 Min de juego,True,Dallas Mavericks,JUGGERNAUT,Orlando Magic,NIGHTHAWK,Dallas Mavericks (JUGGERNAUT),Orlando Magic (NIGHTHAWK),3º Cuarto,24,34,12/08/2026 21:51:00,97,moneyline_1x2,,Dallas Mavericks (JUGGERNAUT),7.25,False
2026-08-12T22:08:53.549683+00:00,13673685760,GG League - 4x5 Min de juego,True,Dallas Mavericks,JUGGERNAUT,Orlando Magic,NIGHTHAWK,Dallas Mavericks (JUGGERNAUT),Orlando Magic (NIGHTHAWK),3º Cuarto,24,34,12/08/2026 21:51:00,97,moneyline_1x2,,Orlando Magic (NIGHTHAWK),1.04,False
2026-08-12T22:08:53.549683+00:00,13673684350,GG League - 4x5 Min de juego,False,Memphis Grizzlies,PHARAOH,Cleveland Cavaliers,AZURE,Memphis Grizzlies (PHARAOH),Cleveland Cavaliers (AZURE),,,,12/08/2026 23:03:00,97,moneyline_1x2,,Memphis Grizzlies (PHARAOH),2.6,False
2026-08-12T22:08:53.549683+00:00,13673684350,GG League - 4x5 Min de juego,False,Memphis Grizzlies,PHARAOH,Cleveland Cavaliers,AZURE,Memphis Grizzlies (PHARAOH),Cleveland Cavaliers (AZURE),,,,12/08/2026 23:03:00,97,moneyline_1x2,,Cleveland Cavaliers (AZURE),1.4,False
2026-08-12T22:08:53.549683+00:00,13673685773,GG League - 4x5 Min de juego,True,Memphis Grizzlies,PHARAOH,Milwaukee Bucks,PATIENCE,Memphis Grizzlies (PHARAOH),Milwaukee Bucks (PATIENCE),2º cuarto,20,28,12/08/2026 21:59:00,97,moneyline_1x2,,Memphis Grizzlies (PHARAOH),5.5,False
2026-08-12T22:08:53.549683+00:00,13673685773,GG League - 4x5 Min de juego,True,Memphis Grizzlies,PHARAOH,Milwaukee Bucks,PATIENCE,Memphis Grizzlies (PHARAOH),Milwaukee Bucks (PATIENCE),2º cuarto,20,28,12/08/2026 21:59:00,97,moneyline_1x2,,Milwaukee Bucks (PATIENCE),1.09,False
2026-08-12T22:08:53.549683+00:00,13673684349,GG League - 4x5 Min de juego,False,Charlotte Hornets,STING,Denver Nuggets,ADMIRAL,Charlotte Hornets (STING),Denver Nuggets (ADMIRAL),,,,12/08/2026 22:59:00,97,moneyline_1x2,,Charlotte Hornets (STING),1.5,False
2026-08-12T22:08:53.549683+00:00,13673684349,GG League - 4x5 Min de juego,False,Charlotte Hornets,STING,Denver Nuggets,ADMIRAL,Charlotte Hornets (STING),Denver Nuggets (ADMIRAL),,,,12/08/2026 22:59:00,97,moneyline_1x2,,Denver Nuggets (ADMIRAL),2.35,False
2026-08-12T22:08:53.549683+00:00,13673683915,GG League - 4x5 Min de juego,False,Cleveland Cavaliers,DAGGER,Milwaukee Bucks,GENERAL,Cleveland Cavaliers (DAGGER),Milwaukee Bucks (GENERAL),,,,12/08/2026 22:23:00,97,moneyline_1x2,,Cleveland Cavaliers (DAGGER),1.55,False
2026-08-12T22:08:53.549683+00:00,13673683915,GG League - 4x5 Min de juego,False,Cleveland Cavaliers,DAGGER,Milwaukee Bucks,GENERAL,Cleveland Cavaliers (DAGGER),Milwaukee Bucks (GENERAL),,,,12/08/2026 22:23:00,97,moneyline_1x2,,Milwaukee Bucks (GENERAL),2.2,False
2026-08-12T22:08:53.549683+00:00,13673685774,GG League - 4x5 Min de juego,False,Brooklyn Nets,MARINE,Miami Heat,UNDERRATED,Brooklyn Nets (MARINE),Miami Heat (UNDERRATED),,,,12/08/2026 22:15:00,97,moneyline_1x2,,Brooklyn Nets (MARINE),1.57,False
2026-08-12T22:08:53.549683+00:00,13673685774,GG League - 4x5 Min de juego,False,Brooklyn Nets,MARINE,Miami Heat,UNDERRATED,Brooklyn Nets (MARINE),Miami Heat (UNDERRATED),,,,12/08/2026 22:15:00,97,moneyline_1x2,,Miami Heat (UNDERRATED),2.15,False
2026-08-12T22:08:53.549683+00:00,13673685424,GG League - 4x5 Min de juego,False,Los Angeles Lakers,AIRFORCE,Oklahoma City Thunder,CYPHER,Los Angeles Lakers (AIRFORCE),Oklahoma City Thunder (CYPHER),,,,12/08/2026 22:51:00,97,moneyline_1x2,,Los Angeles Lakers (AIRFORCE),1.5,False
2026-08-12T22:08:53.549683+00:00,13673685424,GG League - 4x5 Min de juego,False,Los Angeles Lakers,AIRFORCE,Oklahoma City Thunder,CYPHER,Los Angeles Lakers (AIRFORCE),Oklahoma City Thunder (CYPHER),,,,12/08/2026 22:51:00,97,moneyline_1x2,,Oklahoma City Thunder (CYPHER),2.3,False
2026-08-12T22:08:53.549683+00:00,13673685775,GG League - 4x5 Min de juego,False,Miami Heat,MYTH,Toronto Raptors,CYPHER,Miami Heat (MYTH),Toronto Raptors (CYPHER),,,,12/08/2026 22:19:00,97,moneyline_1x2,,Miami Heat (MYTH),2.05,False
2026-08-12T22:08:53.549683+00:00,13673685775,GG League - 4x5 Min de juego,False,Miami Heat,MYTH,Toronto Raptors,CYPHER,Miami Heat (MYTH),Toronto Raptors (CYPHER),,,,12/08/2026 22:19:00,97,moneyline_1x2,,Toronto Raptors (CYPHER),1.62,False
2026-08-12T22:08:53.549683+00:00,13673684118,GG League - 4x5 Min de juego,False,Chicago Bulls,OREZ,Miami Heat,UNDERRATED,Chicago Bulls (OREZ),Miami Heat (UNDERRATED),,,,12/08/2026 22:47:00,97,moneyline_1x2,,Chicago Bulls (OREZ),2.15,False
2026-08-12T22:08:53.549683+00:00,13673684118,GG League - 4x5 Min de juego,False,Chicago Bulls,OREZ,Miami Heat,UNDERRATED,Chicago Bulls (OREZ),Miami Heat (UNDERRATED),,,,12/08/2026 22:47:00,97,moneyline_1x2,,Miami Heat (UNDERRATED),1.57,False
2026-08-12T22:08:53.549683+00:00,13673685777,GG League - 4x5 Min de juego,False,Los Angeles Lakers,SIGNAL,Oklahoma City Thunder,AZURE,Los Angeles Lakers (SIGNAL),Oklahoma City Thunder (AZURE),,,,12/08/2026 22:31:00,97,moneyline_1x2,,Los Angeles Lakers (SIGNAL),1.62,False
2026-08-12T22:08:53.549683+00:00,13673685777,GG League - 4x5 Min de juego,False,Los Angeles Lakers,SIGNAL,Oklahoma City Thunder,AZURE,Los Angeles Lakers (SIGNAL),Oklahoma City Thunder (AZURE),,,,12/08/2026 22:31:00,97,moneyline_1x2,,Oklahoma City Thunder (AZURE),2.05,False
2026-08-12T22:08:53.549683+00:00,13673684715,GG League - 4x5 Min de juego,False,Brooklyn Nets,MARINE,Toronto Raptors,SPARKZ,Brooklyn Nets (MARINE),Toronto Raptors (SPARKZ),,,,12/08/2026 23:19:00,97,moneyline_1x2,,Brooklyn Nets (MARINE),2.3,False
2026-08-12T22:08:53.549683+00:00,13673684715,GG League - 4x5 Min de juego,False,Brooklyn Nets,MARINE,Toronto Raptors,SPARKZ,Brooklyn Nets (MARINE),Toronto Raptors (SPARKZ),,,,12/08/2026 23:19:00,97,moneyline_1x2,,Toronto Raptors (SPARKZ),1.5,False
2026-08-12T22:08:53.549683+00:00,13673685379,GG League - 4x5 Min de juego,False,New York Knicks,JACKAL,Oklahoma City Thunder,CALAMITY,New York Knicks (JACKAL),Oklahoma City Thunder (CALAMITY),,,,12/08/2026 22:11:00,97,moneyline_1x2,,New York Knicks (JACKAL),2.5,False
2026-08-12T22:08:53.549683+00:00,13673685379,GG League - 4x5 Min de juego,False,New York Knicks,JACKAL,Oklahoma City Thunder,CALAMITY,New York Knicks (JACKAL),Oklahoma City Thunder (CALAMITY),,,,12/08/2026 22:11:00,97,moneyline_1x2,,Oklahoma City Thunder (CALAMITY),1.43,False
2026-08-12T22:08:53.549683+00:00,13673683712,GG League - 4x5 Min de juego,True,Charlotte Hornets,STING,Dallas Mavericks,RADIANT,Charlotte Hornets (STING),Dallas Mavericks (RADIANT),2º cuarto,10,14,12/08/2026 21:55:00,97,moneyline_1x2,,Charlotte Hornets (STING),3.9,False
2026-08-12T22:08:53.549683+00:00,13673683712,GG League - 4x5 Min de juego,True,Charlotte Hornets,STING,Dallas Mavericks,RADIANT,Charlotte Hornets (STING),Dallas Mavericks (RADIANT),2º cuarto,10,14,12/08/2026 21:55:00,97,moneyline_1x2,,Dallas Mavericks (RADIANT),1.19,False
2026-08-12T22:08:53.549683+00:00,13673684119,GG League - 4x5 Min de juego,False,Dallas Mavericks,JUGGERNAUT,Charlotte Hornets,GENERAL,Dallas Mavericks (JUGGERNAUT),Charlotte Hornets (GENERAL),,,,12/08/2026 22:55:00,97,moneyline_1x2,,Dallas Mavericks (JUGGERNAUT),1.55,False
2026-08-12T22:08:53.549683+00:00,13673684119,GG League - 4x5 Min de juego,False,Dallas Mavericks,JUGGERNAUT,Charlotte Hornets,GENERAL,Dallas Mavericks (JUGGERNAUT),Charlotte Hornets (GENERAL),,,,12/08/2026 22:55:00,97,moneyline_1x2,,Charlotte Hornets (GENERAL),2.2,False
2026-08-12T22:08:53.549683+00:00,13673683711,GG League - 4x5 Min de juego,True,Los Angeles Lakers,AIRFORCE,Boston Celtics,KARMA,Los Angeles Lakers (AIRFORCE),Boston Celtics (KARMA),4º cuarto,43,49,12/08/2026 21:47:00,97,moneyline_1x2,,Los Angeles Lakers (AIRFORCE),6.0,False
2026-08-12T22:08:53.549683+00:00,13673683711,GG League - 4x5 Min de juego,True,Los Angeles Lakers,AIRFORCE,Boston Celtics,KARMA,Los Angeles Lakers (AIRFORCE),Boston Celtics (KARMA),4º cuarto,43,49,12/08/2026 21:47:00,97,moneyline_1x2,,Boston Celtics (KARMA),1.07,False
2026-08-12T22:08:53.549683+00:00,13673684716,GG League - 4x5 Min de juego,False,Miami Heat,MYTH,Brooklyn Nets,KARMA,Miami Heat (MYTH),Brooklyn Nets (KARMA),,,,12/08/2026 23:23:00,97,moneyline_1x2,,Miami Heat (MYTH),2.15,False
2026-08-12T22:08:53.549683+00:00,13673684716,GG League - 4x5 Min de juego,False,Miami Heat,MYTH,Brooklyn Nets,KARMA,Miami Heat (MYTH),Brooklyn Nets (KARMA),,,,12/08/2026 23:23:00,97,moneyline_1x2,,Brooklyn Nets (KARMA),1.57,False
2026-08-12T22:08:53.549683+00:00,13673685420,GG League - 4x5 Min de juego,False,Los Angeles Lakers,ADMIRAL,New York Knicks,RADIANT,Los Angeles Lakers (ADMIRAL),New York Knicks (RADIANT),,,,12/08/2026 22:27:00,97,moneyline_1x2,,Los Angeles Lakers (ADMIRAL),2.4,False
2026-08-12T22:08:53.549683+00:00,13673685420,GG League - 4x5 Min de juego,False,Los Angeles Lakers,ADMIRAL,New York Knicks,RADIANT,Los Angeles Lakers (ADMIRAL),New York Knicks (RADIANT),,,,12/08/2026 22:27:00,97,moneyline_1x2,,New York Knicks (RADIANT),1.45,False
2026-08-12T22:08:53.549683+00:00,13673685718,GG League - 4x5 Min de juego,False,New York Knicks,JACKAL,Boston Celtics,HUNCHO,New York Knicks (JACKAL),Boston Celtics (HUNCHO),,,,12/08/2026 23:15:00,97,moneyline_1x2,,New York Knicks (JACKAL),1.62,False
2026-08-12T22:08:53.549683+00:00,13673685718,GG League - 4x5 Min de juego,False,New York Knicks,JACKAL,Boston Celtics,HUNCHO,New York Knicks (JACKAL),Boston Celtics (HUNCHO),,,,12/08/2026 23:15:00,97,moneyline_1x2,,Boston Celtics (HUNCHO),2.05,False
2026-08-12T22:08:53.549683+00:00,13673685422,GG League - 4x5 Min de juego,False,Los Angeles Lakers,CURSE,Oklahoma City Thunder,CALAMITY,Los Angeles Lakers (CURSE),Oklahoma City Thunder (CALAMITY),,,,12/08/2026 22:43:00,97,moneyline_1x2,,Los Angeles Lakers (CURSE),1.55,False
2026-08-12T22:08:53.549683+00:00,13673685422,GG League - 4x5 Min de juego,False,Los Angeles Lakers,CURSE,Oklahoma City Thunder,CALAMITY,Los Angeles Lakers (CURSE),Oklahoma City Thunder (CALAMITY),,,,12/08/2026 22:43:00,97,moneyline_1x2,,Oklahoma City Thunder (CALAMITY),2.2,False
2026-08-12T22:11:17.403136+00:00,13673684350,GG League - 4x5 Min de juego,False,Memphis Grizzlies,PHARAOH,Cleveland Cavaliers,AZURE,Memphis Grizzlies (PHARAOH),Cleveland Cavaliers (AZURE),,,,12/08/2026 23:03:00,97,moneyline_1x2,,Memphis Grizzlies (PHARAOH),2.6,False
2026-08-12T22:11:17.403136+00:00,13673684350,GG League - 4x5 Min de juego,False,Memphis Grizzlies,PHARAOH,Cleveland Cavaliers,AZURE,Memphis Grizzlies (PHARAOH),Cleveland Cavaliers (AZURE),,,,12/08/2026 23:03:00,97,moneyline_1x2,,Cleveland Cavaliers (AZURE),1.4,False
2026-08-12T22:11:17.403136+00:00,13673685773,GG League - 4x5 Min de juego,True,Memphis Grizzlies,PHARAOH,Milwaukee Bucks,PATIENCE,Memphis Grizzlies (PHARAOH),Milwaukee Bucks (PATIENCE),2º cuarto,28,37,12/08/2026 21:59:00,97,moneyline_1x2,,Memphis Grizzlies (PHARAOH),7.25,False
2026-08-12T22:11:17.403136+00:00,13673685773,GG League - 4x5 Min de juego,True,Memphis Grizzlies,PHARAOH,Milwaukee Bucks,PATIENCE,Memphis Grizzlies (PHARAOH),Milwaukee Bucks (PATIENCE),2º cuarto,28,37,12/08/2026 21:59:00,97,moneyline_1x2,,Milwaukee Bucks (PATIENCE),1.04,False
2026-08-12T22:11:17.403136+00:00,13673684349,GG League - 4x5 Min de juego,False,Charlotte Hornets,STING,Denver Nuggets,ADMIRAL,Charlotte Hornets (STING),Denver Nuggets (ADMIRAL),,,,12/08/2026 22:59:00,97,moneyline_1x2,,Charlotte Hornets (STING),1.5,False
2026-08-12T22:11:17.403136+00:00,13673684349,GG League - 4x5 Min de juego,False,Charlotte Hornets,STING,Denver Nuggets,ADMIRAL,Charlotte Hornets (STING),Denver Nuggets (ADMIRAL),,,,12/08/2026 22:59:00,97,moneyline_1x2,,Denver Nuggets (ADMIRAL),2.35,False
2026-08-12T22:11:17.403136+00:00,13673683915,GG League - 4x5 Min de juego,False,Cleveland Cavaliers,DAGGER,Milwaukee Bucks,GENERAL,Cleveland Cavaliers (DAGGER),Milwaukee Bucks (GENERAL),,,,12/08/2026 22:23:00,97,moneyline_1x2,,Cleveland Cavaliers (DAGGER),1.55,False
2026-08-12T22:11:17.403136+00:00,13673683915,GG League - 4x5 Min de juego,False,Cleveland Cavaliers,DAGGER,Milwaukee Bucks,GENERAL,Cleveland Cavaliers (DAGGER),Milwaukee Bucks (GENERAL),,,,12/08/2026 22:23:00,97,moneyline_1x2,,Milwaukee Bucks (GENERAL),2.2,False
2026-08-12T22:11:17.403136+00:00,13673685774,GG League - 4x5 Min de juego,False,Brooklyn Nets,MARINE,Miami Heat,UNDERRATED,Brooklyn Nets (MARINE),Miami Heat (UNDERRATED),,,,12/08/2026 22:15:00,97,moneyline_1x2,,Brooklyn Nets (MARINE),1.57,False
2026-08-12T22:11:17.403136+00:00,13673685774,GG League - 4x5 Min de juego,False,Brooklyn Nets,MARINE,Miami Heat,UNDERRATED,Brooklyn Nets (MARINE),Miami Heat (UNDERRATED),,,,12/08/2026 22:15:00,97,moneyline_1x2,,Miami Heat (UNDERRATED),2.15,False
2026-08-12T22:11:17.403136+00:00,13673685424,GG League - 4x5 Min de juego,False,Los Angeles Lakers,AIRFORCE,Oklahoma City Thunder,CYPHER,Los Angeles Lakers (AIRFORCE),Oklahoma City Thunder (CYPHER),,,,12/08/2026 22:51:00,97,moneyline_1x2,,Los Angeles Lakers (AIRFORCE),1.5,False
2026-08-12T22:11:17.403136+00:00,13673685424,GG League - 4x5 Min de juego,False,Los Angeles Lakers,AIRFORCE,Oklahoma City Thunder,CYPHER,Los Angeles Lakers (AIRFORCE),Oklahoma City Thunder (CYPHER),,,,12/08/2026 22:51:00,97,moneyline_1x2,,Oklahoma City Thunder (CYPHER),2.3,False
2026-08-12T22:11:17.403136+00:00,13673685775,GG League - 4x5 Min de juego,False,Miami Heat,MYTH,Toronto Raptors,CYPHER,Miami Heat (MYTH),Toronto Raptors (CYPHER),,,,12/08/2026 22:19:00,97,moneyline_1x2,,Miami Heat (MYTH),2.05,False
2026-08-12T22:11:17.403136+00:00,13673685775,GG League - 4x5 Min de juego,False,Miami Heat,MYTH,Toronto Raptors,CYPHER,Miami Heat (MYTH),Toronto Raptors (CYPHER),,,,12/08/2026 22:19:00,97,moneyline_1x2,,Toronto Raptors (CYPHER),1.62,False
2026-08-12T22:11:17.403136+00:00,13673684118,GG League - 4x5 Min de juego,False,Chicago Bulls,OREZ,Miami Heat,UNDERRATED,Chicago Bulls (OREZ),Miami Heat (UNDERRATED),,,,12/08/2026 22:47:00,97,moneyline_1x2,,Chicago Bulls (OREZ),2.15,False
2026-08-12T22:11:17.403136+00:00,13673684118,GG League - 4x5 Min de juego,False,Chicago Bulls,OREZ,Miami Heat,UNDERRATED,Chicago Bulls (OREZ),Miami Heat (UNDERRATED),,,,12/08/2026 22:47:00,97,moneyline_1x2,,Miami Heat (UNDERRATED),1.57,False
2026-08-12T22:11:17.403136+00:00,13673685777,GG League - 4x5 Min de juego,False,Los Angeles Lakers,SIGNAL,Oklahoma City Thunder,AZURE,Los Angeles Lakers (SIGNAL),Oklahoma City Thunder (AZURE),,,,12/08/2026 22:31:00,97,moneyline_1x2,,Los Angeles Lakers (SIGNAL),1.62,False
2026-08-12T22:11:17.403136+00:00,13673685777,GG League - 4x5 Min de juego,False,Los Angeles Lakers,SIGNAL,Oklahoma City Thunder,AZURE,Los Angeles Lakers (SIGNAL),Oklahoma City Thunder (AZURE),,,,12/08/2026 22:31:00,97,moneyline_1x2,,Oklahoma City Thunder (AZURE),2.05,False
2026-08-12T22:11:17.403136+00:00,13673684715,GG League - 4x5 Min de juego,False,Brooklyn Nets,MARINE,Toronto Raptors,SPARKZ,Brooklyn Nets (MARINE),Toronto Raptors (SPARKZ),,,,12/08/2026 23:19:00,97,moneyline_1x2,,Brooklyn Nets (MARINE),2.3,False
2026-08-12T22:11:17.403136+00:00,13673684715,GG League - 4x5 Min de juego,False,Brooklyn Nets,MARINE,Toronto Raptors,SPARKZ,Brooklyn Nets (MARINE),Toronto Raptors (SPARKZ),,,,12/08/2026 23:19:00,97,moneyline_1x2,,Toronto Raptors (SPARKZ),1.5,False
2026-08-12T22:11:17.403136+00:00,13673683712,GG League - 4x5 Min de juego,True,Charlotte Hornets,STING,Dallas Mavericks,RADIANT,Charlotte Hornets (STING),Dallas Mavericks (RADIANT),3º Cuarto,13,14,12/08/2026 21:55:00,97,moneyline_1x2,,Charlotte Hornets (STING),2.4,False
2026-08-12T22:11:17.403136+00:00,13673683712,GG League - 4x5 Min de juego,True,Charlotte Hornets,STING,Dallas Mavericks,RADIANT,Charlotte Hornets (STING),Dallas Mavericks (RADIANT),3º Cuarto,13,14,12/08/2026 21:55:00,97,moneyline_1x2,,Dallas Mavericks (RADIANT),1.45,False
2026-08-12T22:11:17.403136+00:00,13673684119,GG League - 4x5 Min de juego,False,Dallas Mavericks,JUGGERNAUT,Charlotte Hornets,GENERAL,Dallas Mavericks (JUGGERNAUT),Charlotte Hornets (GENERAL),,,,12/08/2026 22:55:00,97,moneyline_1x2,,Dallas Mavericks (JUGGERNAUT),1.55,False
2026-08-12T22:11:17.403136+00:00,13673684119,GG League - 4x5 Min de juego,False,Dallas Mavericks,JUGGERNAUT,Charlotte Hornets,GENERAL,Dallas Mavericks (JUGGERNAUT),Charlotte Hornets (GENERAL),,,,12/08/2026 22:55:00,97,moneyline_1x2,,Charlotte Hornets (GENERAL),2.2,False
2026-08-12T22:11:17.403136+00:00,13673684716,GG League - 4x5 Min de juego,False,Miami Heat,MYTH,Brooklyn Nets,KARMA,Miami Heat (MYTH),Brooklyn Nets (KARMA),,,,12/08/2026 23:23:00,97,moneyline_1x2,,Miami Heat (MYTH),2.15,False
2026-08-12T22:11:17.403136+00:00,13673684716,GG League - 4x5 Min de juego,False,Miami Heat,MYTH,Brooklyn Nets,KARMA,Miami Heat (MYTH),Brooklyn Nets (KARMA),,,,12/08/2026 23:23:00,97,moneyline_1x2,,Brooklyn Nets (KARMA),1.57,False
2026-08-12T22:11:17.403136+00:00,13673685420,GG League - 4x5 Min de juego,False,Los Angeles Lakers,ADMIRAL,New York Knicks,RADIANT,Los Angeles Lakers (ADMIRAL),New York Knicks (RADIANT),,,,12/08/2026 22:27:00,97,moneyline_1x2,,Los Angeles Lakers (ADMIRAL),2.4,False
2026-08-12T22:11:17.403136+00:00,13673685420,GG League - 4x5 Min de juego,False,Los Angeles Lakers,ADMIRAL,New York Knicks,RADIANT,Los Angeles Lakers (ADMIRAL),New York Knicks (RADIANT),,,,12/08/2026 22:27:00,97,moneyline_1x2,,New York Knicks (RADIANT),1.45,False
2026-08-12T22:11:17.403136+00:00,13673685718,GG League - 4x5 Min de juego,False,New York Knicks,JACKAL,Boston Celtics,HUNCHO,New York Knicks (JACKAL),Boston Celtics (HUNCHO),,,,12/08/2026 23:15:00,97,moneyline_1x2,,New York Knicks (JACKAL),1.62,False
2026-08-12T22:11:17.403136+00:00,13673685718,GG League - 4x5 Min de juego,False,New York Knicks,JACKAL,Boston Celtics,HUNCHO,New York Knicks (JACKAL),Boston Celtics (HUNCHO),,,,12/08/2026 23:15:00,97,moneyline_1x2,,Boston Celtics (HUNCHO),2.05,False
2026-08-12T22:11:17.403136+00:00,13673685422,GG League - 4x5 Min de juego,False,Los Angeles Lakers,CURSE,Oklahoma City Thunder,CALAMITY,Los Angeles Lakers (CURSE),Oklahoma City Thunder (CALAMITY),,,,12/08/2026 22:43:00,97,moneyline_1x2,,Los Angeles Lakers (CURSE),1.55,False
2026-08-12T22:11:17.403136+00:00,13673685422,GG League - 4x5 Min de juego,False,Los Angeles Lakers,CURSE,Oklahoma City Thunder,CALAMITY,Los Angeles Lakers (CURSE),Oklahoma City Thunder (CALAMITY),,,,12/08/2026 22:43:00,97,moneyline_1x2,,Oklahoma City Thunder (CALAMITY),2.2,False
2026-08-12T22:12:53.189312+00:00,13673684350,GG League - 4x5 Min de juego,False,Memphis Grizzlies,PHARAOH,Cleveland Cavaliers,AZURE,Memphis Grizzlies (PHARAOH),Cleveland Cavaliers (AZURE),,,,12/08/2026 23:03:00,97,moneyline_1x2,,Memphis Grizzlies (PHARAOH),2.6,False
2026-08-12T22:12:53.189312+00:00,13673684350,GG League - 4x5 Min de juego,False,Memphis Grizzlies,PHARAOH,Cleveland Cavaliers,AZURE,Memphis Grizzlies (PHARAOH),Cleveland Cavaliers (AZURE),,,,12/08/2026 23:03:00,97,moneyline_1x2,,Cleveland Cavaliers (AZURE),1.4,False
2026-08-12T22:12:53.189312+00:00,13673685773,GG League - 4x5 Min de juego,True,Memphis Grizzlies,PHARAOH,Milwaukee Bucks,PATIENCE,Memphis Grizzlies (PHARAOH),Milwaukee Bucks (PATIENCE),3º Cuarto,30,37,12/08/2026 21:59:00,97,moneyline_1x2,,Memphis Grizzlies (PHARAOH),5.5,False
2026-08-12T22:12:53.189312+00:00,13673685773,GG League - 4x5 Min de juego,True,Memphis Grizzlies,PHARAOH,Milwaukee Bucks,PATIENCE,Memphis Grizzlies (PHARAOH),Milwaukee Bucks (PATIENCE),3º Cuarto,30,37,12/08/2026 21:59:00,97,moneyline_1x2,,Milwaukee Bucks (PATIENCE),1.09,False
2026-08-12T22:12:53.189312+00:00,13673684349,GG League - 4x5 Min de juego,False,Charlotte Hornets,STING,Denver Nuggets,ADMIRAL,Charlotte Hornets (STING),Denver Nuggets (ADMIRAL),,,,12/08/2026 22:59:00,97,moneyline_1x2,,Charlotte Hornets (STING),1.5,False
2026-08-12T22:12:53.189312+00:00,13673684349,GG League - 4x5 Min de juego,False,Charlotte Hornets,STING,Denver Nuggets,ADMIRAL,Charlotte Hornets (STING),Denver Nuggets (ADMIRAL),,,,12/08/2026 22:59:00,97,moneyline_1x2,,Denver Nuggets (ADMIRAL),2.35,False
2026-08-12T22:12:53.189312+00:00,13673683915,GG League - 4x5 Min de juego,False,Cleveland Cavaliers,DAGGER,Milwaukee Bucks,GENERAL,Cleveland Cavaliers (DAGGER),Milwaukee Bucks (GENERAL),,,,12/08/2026 22:23:00,97,moneyline_1x2,,Cleveland Cavaliers (DAGGER),1.55,False
2026-08-12T22:12:53.189312+00:00,13673683915,GG League - 4x5 Min de juego,False,Cleveland Cavaliers,DAGGER,Milwaukee Bucks,GENERAL,Cleveland Cavaliers (DAGGER),Milwaukee Bucks (GENERAL),,,,12/08/2026 22:23:00,97,moneyline_1x2,,Milwaukee Bucks (GENERAL),2.2,False
2026-08-12T22:12:53.189312+00:00,13673685774,GG League - 4x5 Min de juego,False,Brooklyn Nets,MARINE,Miami Heat,UNDERRATED,Brooklyn Nets (MARINE),Miami Heat (UNDERRATED),,,,12/08/2026 22:15:00,97,moneyline_1x2,,Brooklyn Nets (MARINE),1.57,False
2026-08-12T22:12:53.189312+00:00,13673685774,GG League - 4x5 Min de juego,False,Brooklyn Nets,MARINE,Miami Heat,UNDERRATED,Brooklyn Nets (MARINE),Miami Heat (UNDERRATED),,,,12/08/2026 22:15:00,97,moneyline_1x2,,Miami Heat (UNDERRATED),2.15,False
2026-08-12T22:12:53.189312+00:00,13673685424,GG League - 4x5 Min de juego,False,Los Angeles Lakers,AIRFORCE,Oklahoma City Thunder,CYPHER,Los Angeles Lakers (AIRFORCE),Oklahoma City Thunder (CYPHER),,,,12/08/2026 22:51:00,97,moneyline_1x2,,Los Angeles Lakers (AIRFORCE),1.5,False
2026-08-12T22:12:53.189312+00:00,13673685424,GG League - 4x5 Min de juego,False,Los Angeles Lakers,AIRFORCE,Oklahoma City Thunder,CYPHER,Los Angeles Lakers (AIRFORCE),Oklahoma City Thunder (CYPHER),,,,12/08/2026 22:51:00,97,moneyline_1x2,,Oklahoma City Thunder (CYPHER),2.3,False
2026-08-12T22:12:53.189312+00:00,13673685775,GG League - 4x5 Min de juego,False,Miami Heat,MYTH,Toronto Raptors,CYPHER,Miami Heat (MYTH),Toronto Raptors (CYPHER),,,,12/08/2026 22:19:00,97,moneyline_1x2,,Miami Heat (MYTH),2.05,False
2026-08-12T22:12:53.189312+00:00,13673685775,GG League - 4x5 Min de juego,False,Miami Heat,MYTH,Toronto Raptors,CYPHER,Miami Heat (MYTH),Toronto Raptors (CYPHER),,,,12/08/2026 22:19:00,97,moneyline_1x2,,Toronto Raptors (CYPHER),1.62,False
2026-08-12T22:12:53.189312+00:00,13673684118,GG League - 4x5 Min de juego,False,Chicago Bulls,OREZ,Miami Heat,UNDERRATED,Chicago Bulls (OREZ),Miami Heat (UNDERRATED),,,,12/08/2026 22:47:00,97,moneyline_1x2,,Chicago Bulls (OREZ),2.15,False
2026-08-12T22:12:53.189312+00:00,13673684118,GG League - 4x5 Min de juego,False,Chicago Bulls,OREZ,Miami Heat,UNDERRATED,Chicago Bulls (OREZ),Miami Heat (UNDERRATED),,,,12/08/2026 22:47:00,97,moneyline_1x2,,Miami Heat (UNDERRATED),1.57,False
2026-08-12T22:12:53.189312+00:00,13673685777,GG League - 4x5 Min de juego,False,Los Angeles Lakers,SIGNAL,Oklahoma City Thunder,AZURE,Los Angeles Lakers (SIGNAL),Oklahoma City Thunder (AZURE),,,,12/08/2026 22:31:00,97,moneyline_1x2,,Los Angeles Lakers (SIGNAL),1.62,False
2026-08-12T22:12:53.189312+00:00,13673685777,GG League - 4x5 Min de juego,False,Los Angeles Lakers,SIGNAL,Oklahoma City Thunder,AZURE,Los Angeles Lakers (SIGNAL),Oklahoma City Thunder (AZURE),,,,12/08/2026 22:31:00,97,moneyline_1x2,,Oklahoma City Thunder (AZURE),2.05,False
2026-08-12T22:12:53.189312+00:00,13673684715,GG League - 4x5 Min de juego,False,Brooklyn Nets,MARINE,Toronto Raptors,SPARKZ,Brooklyn Nets (MARINE),Toronto Raptors (SPARKZ),,,,12/08/2026 23:19:00,97,moneyline_1x2,,Brooklyn Nets (MARINE),2.3,False
2026-08-12T22:12:53.189312+00:00,13673684715,GG League - 4x5 Min de juego,False,Brooklyn Nets,MARINE,Toronto Raptors,SPARKZ,Brooklyn Nets (MARINE),Toronto Raptors (SPARKZ),,,,12/08/2026 23:19:00,97,moneyline_1x2,,Toronto Raptors (SPARKZ),1.5,False
2026-08-12T22:12:53.189312+00:00,13673685379,GG League - 4x5 Min de juego,True,New York Knicks,JACKAL,Oklahoma City Thunder,CALAMITY,New York Knicks (JACKAL),Oklahoma City Thunder (CALAMITY),1º cuarto,2,0,12/08/2026 22:11:00,97,moneyline_1x2,,New York Knicks (JACKAL),2.05,False
2026-08-12T22:12:53.189312+00:00,13673685379,GG League - 4x5 Min de juego,True,New York Knicks,JACKAL,Oklahoma City Thunder,CALAMITY,New York Knicks (JACKAL),Oklahoma City Thunder (CALAMITY),1º cuarto,2,0,12/08/2026 22:11:00,97,moneyline_1x2,,Oklahoma City Thunder (CALAMITY),1.62,False
2026-08-12T22:12:53.189312+00:00,13673683712,GG League - 4x5 Min de juego,True,Charlotte Hornets,STING,Dallas Mavericks,RADIANT,Charlotte Hornets (STING),Dallas Mavericks (RADIANT),3º Cuarto,19,18,12/08/2026 21:55:00,97,moneyline_1x2,,Charlotte Hornets (STING),1.85,False
2026-08-12T22:12:53.189312+00:00,13673683712,GG League - 4x5 Min de juego,True,Charlotte Hornets,STING,Dallas Mavericks,RADIANT,Charlotte Hornets (STING),Dallas Mavericks (RADIANT),3º Cuarto,19,18,12/08/2026 21:55:00,97,moneyline_1x2,,Dallas Mavericks (RADIANT),1.8,False
2026-08-12T22:12:53.189312+00:00,13673685429,GG League - 4x5 Min de juego,False,New York Knicks,RADIANT,Los Angeles Lakers,ADMIRAL,New York Knicks (RADIANT),Los Angeles Lakers (ADMIRAL),,,,12/08/2026 23:31:00,97,moneyline_1x2,,New York Knicks (RADIANT),1.43,False
2026-08-12T22:12:53.189312+00:00,13673685429,GG League - 4x5 Min de juego,False,New York Knicks,RADIANT,Los Angeles Lakers,ADMIRAL,New York Knicks (RADIANT),Los Angeles Lakers (ADMIRAL),,,,12/08/2026 23:31:00,97,moneyline_1x2,,Los Angeles Lakers (ADMIRAL),2.5,False
2026-08-12T22:12:53.189312+00:00,13673684119,GG League - 4x5 Min de juego,False,Dallas Mavericks,JUGGERNAUT,Charlotte Hornets,GENERAL,Dallas Mavericks (JUGGERNAUT),Charlotte Hornets (GENERAL),,,,12/08/2026 22:55:00,97,moneyline_1x2,,Dallas Mavericks (JUGGERNAUT),1.55,False
2026-08-12T22:12:53.189312+00:00,13673684119,GG League - 4x5 Min de juego,False,Dallas Mavericks,JUGGERNAUT,Charlotte Hornets,GENERAL,Dallas Mavericks (JUGGERNAUT),Charlotte Hornets (GENERAL),,,,12/08/2026 22:55:00,97,moneyline_1x2,,Charlotte Hornets (GENERAL),2.2,False
2026-08-12T22:12:53.189312+00:00,13673684716,GG League - 4x5 Min de juego,False,Miami Heat,MYTH,Brooklyn Nets,KARMA,Miami Heat (MYTH),Brooklyn Nets (KARMA),,,,12/08/2026 23:23:00,97,moneyline_1x2,,Miami Heat (MYTH),2.15,False
2026-08-12T22:12:53.189312+00:00,13673684716,GG League - 4x5 Min de juego,False,Miami Heat,MYTH,Brooklyn Nets,KARMA,Miami Heat (MYTH),Brooklyn Nets (KARMA),,,,12/08/2026 23:23:00,97,moneyline_1x2,,Brooklyn Nets (KARMA),1.57,False
2026-08-12T22:12:53.189312+00:00,13673685420,GG League - 4x5 Min de juego,False,Los Angeles Lakers,ADMIRAL,New York Knicks,RADIANT,Los Angeles Lakers (ADMIRAL),New York Knicks (RADIANT),,,,12/08/2026 22:27:00,97,moneyline_1x2,,Los Angeles Lakers (ADMIRAL),2.4,False
2026-08-12T22:12:53.189312+00:00,13673685420,GG League - 4x5 Min de juego,False,Los Angeles Lakers,ADMIRAL,New York Knicks,RADIANT,Los Angeles Lakers (ADMIRAL),New York Knicks (RADIANT),,,,12/08/2026 22:27:00,97,moneyline_1x2,,New York Knicks (RADIANT),1.45,False
2026-08-12T22:12:53.189312+00:00,13673685718,GG League - 4x5 Min de juego,False,New York Knicks,JACKAL,Boston Celtics,HUNCHO,New York Knicks (JACKAL),Boston Celtics (HUNCHO),,,,12/08/2026 23:15:00,97,moneyline_1x2,,New York Knicks (JACKAL),1.62,False
2026-08-12T22:12:53.189312+00:00,13673685718,GG League - 4x5 Min de juego,False,New York Knicks,JACKAL,Boston Celtics,HUNCHO,New York Knicks (JACKAL),Boston Celtics (HUNCHO),,,,12/08/2026 23:15:00,97,moneyline_1x2,,Boston Celtics (HUNCHO),2.05,False
2026-08-12T22:12:53.189312+00:00,13673685422,GG League - 4x5 Min de juego,False,Los Angeles Lakers,CURSE,Oklahoma City Thunder,CALAMITY,Los Angeles Lakers (CURSE),Oklahoma City Thunder (CALAMITY),,,,12/08/2026 22:43:00,97,moneyline_1x2,,Los Angeles Lakers (CURSE),1.55,False
2026-08-12T22:12:53.189312+00:00,13673685422,GG League - 4x5 Min de juego,False,Los Angeles Lakers,CURSE,Oklahoma City Thunder,CALAMITY,Los Angeles Lakers (CURSE),Oklahoma City Thunder (CALAMITY),,,,12/08/2026 22:43:00,97,moneyline_1x2,,Oklahoma City Thunder (CALAMITY),2.2,False
2026-08-12T22:14:50.578973+00:00,13673684350,GG League - 4x5 Min de juego,False,Memphis Grizzlies,PHARAOH,Cleveland Cavaliers,AZURE,Memphis Grizzlies (PHARAOH),Cleveland Cavaliers (AZURE),,,,12/08/2026 23:03:00,97,moneyline_1x2,,Memphis Grizzlies (PHARAOH),2.6,False
2026-08-12T22:14:50.578973+00:00,13673684350,GG League - 4x5 Min de juego,False,Memphis Grizzlies,PHARAOH,Cleveland Cavaliers,AZURE,Memphis Grizzlies (PHARAOH),Cleveland Cavaliers (AZURE),,,,12/08/2026 23:03:00,97,moneyline_1x2,,Cleveland Cavaliers (AZURE),1.4,False
2026-08-12T22:14:50.578973+00:00,13673684349,GG League - 4x5 Min de juego,False,Charlotte Hornets,STING,Denver Nuggets,ADMIRAL,Charlotte Hornets (STING),Denver Nuggets (ADMIRAL),,,,12/08/2026 22:59:00,97,moneyline_1x2,,Charlotte Hornets (STING),1.5,False
2026-08-12T22:14:50.578973+00:00,13673684349,GG League - 4x5 Min de juego,False,Charlotte Hornets,STING,Denver Nuggets,ADMIRAL,Charlotte Hornets (STING),Denver Nuggets (ADMIRAL),,,,12/08/2026 22:59:00,97,moneyline_1x2,,Denver Nuggets (ADMIRAL),2.35,False
2026-08-12T22:14:50.578973+00:00,13673683915,GG League - 4x5 Min de juego,False,Cleveland Cavaliers,DAGGER,Milwaukee Bucks,GENERAL,Cleveland Cavaliers (DAGGER),Milwaukee Bucks (GENERAL),,,,12/08/2026 22:23:00,97,moneyline_1x2,,Cleveland Cavaliers (DAGGER),1.55,False
2026-08-12T22:14:50.578973+00:00,13673683915,GG League - 4x5 Min de juego,False,Cleveland Cavaliers,DAGGER,Milwaukee Bucks,GENERAL,Cleveland Cavaliers (DAGGER),Milwaukee Bucks (GENERAL),,,,12/08/2026 22:23:00,97,moneyline_1x2,,Milwaukee Bucks (GENERAL),2.2,False
2026-08-12T22:14:50.578973+00:00,13673685774,GG League - 4x5 Min de juego,False,Brooklyn Nets,MARINE,Miami Heat,UNDERRATED,Brooklyn Nets (MARINE),Miami Heat (UNDERRATED),,,,12/08/2026 22:15:00,97,moneyline_1x2,,Brooklyn Nets (MARINE),1.57,False
2026-08-12T22:14:50.578973+00:00,13673685774,GG League - 4x5 Min de juego,False,Brooklyn Nets,MARINE,Miami Heat,UNDERRATED,Brooklyn Nets (MARINE),Miami Heat (UNDERRATED),,,,12/08/2026 22:15:00,97,moneyline_1x2,,Miami Heat (UNDERRATED),2.15,False
2026-08-12T22:14:50.578973+00:00,13673685424,GG League - 4x5 Min de juego,False,Los Angeles Lakers,AIRFORCE,Oklahoma City Thunder,CYPHER,Los Angeles Lakers (AIRFORCE),Oklahoma City Thunder (CYPHER),,,,12/08/2026 22:51:00,97,moneyline_1x2,,Los Angeles Lakers (AIRFORCE),1.5,False
2026-08-12T22:14:50.578973+00:00,13673685424,GG League - 4x5 Min de juego,False,Los Angeles Lakers,AIRFORCE,Oklahoma City Thunder,CYPHER,Los Angeles Lakers (AIRFORCE),Oklahoma City Thunder (CYPHER),,,,12/08/2026 22:51:00,97,moneyline_1x2,,Oklahoma City Thunder (CYPHER),2.3,False
2026-08-12T22:14:50.578973+00:00,13673685778,GG League - 4x5 Min de juego,False,Los Angeles Lakers,SIGNAL,New York Knicks,PATIENCE,Los Angeles Lakers (SIGNAL),New York Knicks (PATIENCE),,,,12/08/2026 23:35:00,97,moneyline_1x2,,Los Angeles Lakers (SIGNAL),2.35,False
2026-08-12T22:14:50.578973+00:00,13673685778,GG League - 4x5 Min de juego,False,Los Angeles Lakers,SIGNAL,New York Knicks,PATIENCE,Los Angeles Lakers (SIGNAL),New York Knicks (PATIENCE),,,,12/08/2026 23:35:00,97,moneyline_1x2,,New York Knicks (PATIENCE),1.5,False
2026-08-12T22:14:50.578973+00:00,13673685775,GG League - 4x5 Min de juego,False,Miami Heat,MYTH,Toronto Raptors,CYPHER,Miami Heat (MYTH),Toronto Raptors (CYPHER),,,,12/08/2026 22:19:00,97,moneyline_1x2,,Miami Heat (MYTH),2.05,False
2026-08-12T22:14:50.578973+00:00,13673685775,GG League - 4x5 Min de juego,False,Miami Heat,MYTH,Toronto Raptors,CYPHER,Miami Heat (MYTH),Toronto Raptors (CYPHER),,,,12/08/2026 22:19:00,97,moneyline_1x2,,Toronto Raptors (CYPHER),1.62,False
2026-08-12T22:14:50.578973+00:00,13673684118,GG League - 4x5 Min de juego,False,Chicago Bulls,OREZ,Miami Heat,UNDERRATED,Chicago Bulls (OREZ),Miami Heat (UNDERRATED),,,,12/08/2026 22:47:00,97,moneyline_1x2,,Chicago Bulls (OREZ),2.15,False
2026-08-12T22:14:50.578973+00:00,13673684118,GG League - 4x5 Min de juego,False,Chicago Bulls,OREZ,Miami Heat,UNDERRATED,Chicago Bulls (OREZ),Miami Heat (UNDERRATED),,,,12/08/2026 22:47:00,97,moneyline_1x2,,Miami Heat (UNDERRATED),1.57,False
2026-08-12T22:14:50.578973+00:00,13673685777,GG League - 4x5 Min de juego,False,Los Angeles Lakers,SIGNAL,Oklahoma City Thunder,AZURE,Los Angeles Lakers (SIGNAL),Oklahoma City Thunder (AZURE),,,,12/08/2026 22:31:00,97,moneyline_1x2,,Los Angeles Lakers (SIGNAL),1.62,False
2026-08-12T22:14:50.578973+00:00,13673685777,GG League - 4x5 Min de juego,False,Los Angeles Lakers,SIGNAL,Oklahoma City Thunder,AZURE,Los Angeles Lakers (SIGNAL),Oklahoma City Thunder (AZURE),,,,12/08/2026 22:31:00,97,moneyline_1x2,,Oklahoma City Thunder (AZURE),2.05,False
2026-08-12T22:14:50.578973+00:00,13673684715,GG League - 4x5 Min de juego,False,Brooklyn Nets,MARINE,Toronto Raptors,SPARKZ,Brooklyn Nets (MARINE),Toronto Raptors (SPARKZ),,,,12/08/2026 23:19:00,97,moneyline_1x2,,Brooklyn Nets (MARINE),2.3,False
2026-08-12T22:14:50.578973+00:00,13673684715,GG League - 4x5 Min de juego,False,Brooklyn Nets,MARINE,Toronto Raptors,SPARKZ,Brooklyn Nets (MARINE),Toronto Raptors (SPARKZ),,,,12/08/2026 23:19:00,97,moneyline_1x2,,Toronto Raptors (SPARKZ),1.5,False
2026-08-12T22:14:50.578973+00:00,13673683712,GG League - 4x5 Min de juego,True,Charlotte Hornets,STING,Dallas Mavericks,RADIANT,Charlotte Hornets (STING),Dallas Mavericks (RADIANT),3º Cuarto,23,23,12/08/2026 21:55:00,97,moneyline_1x2,,Charlotte Hornets (STING),2.05,False
2026-08-12T22:14:50.578973+00:00,13673683712,GG League - 4x5 Min de juego,True,Charlotte Hornets,STING,Dallas Mavericks,RADIANT,Charlotte Hornets (STING),Dallas Mavericks (RADIANT),3º Cuarto,23,23,12/08/2026 21:55:00,97,moneyline_1x2,,Dallas Mavericks (RADIANT),1.62,False
2026-08-12T22:14:50.578973+00:00,13673685429,GG League - 4x5 Min de juego,False,New York Knicks,RADIANT,Los Angeles Lakers,ADMIRAL,New York Knicks (RADIANT),Los Angeles Lakers (ADMIRAL),,,,12/08/2026 23:31:00,97,moneyline_1x2,,New York Knicks (RADIANT),1.43,False
2026-08-12T22:14:50.578973+00:00,13673685429,GG League - 4x5 Min de juego,False,New York Knicks,RADIANT,Los Angeles Lakers,ADMIRAL,New York Knicks (RADIANT),Los Angeles Lakers (ADMIRAL),,,,12/08/2026 23:31:00,97,moneyline_1x2,,Los Angeles Lakers (ADMIRAL),2.5,False
2026-08-12T22:14:50.578973+00:00,13673684119,GG League - 4x5 Min de juego,False,Dallas Mavericks,JUGGERNAUT,Charlotte Hornets,GENERAL,Dallas Mavericks (JUGGERNAUT),Charlotte Hornets (GENERAL),,,,12/08/2026 22:55:00,97,moneyline_1x2,,Dallas Mavericks (JUGGERNAUT),1.55,False
2026-08-12T22:14:50.578973+00:00,13673684119,GG League - 4x5 Min de juego,False,Dallas Mavericks,JUGGERNAUT,Charlotte Hornets,GENERAL,Dallas Mavericks (JUGGERNAUT),Charlotte Hornets (GENERAL),,,,12/08/2026 22:55:00,97,moneyline_1x2,,Charlotte Hornets (GENERAL),2.2,False
2026-08-12T22:14:50.578973+00:00,13673684716,GG League - 4x5 Min de juego,False,Miami Heat,MYTH,Brooklyn Nets,KARMA,Miami Heat (MYTH),Brooklyn Nets (KARMA),,,,12/08/2026 23:23:00,97,moneyline_1x2,,Miami Heat (MYTH),2.15,False
2026-08-12T22:14:50.578973+00:00,13673684716,GG League - 4x5 Min de juego,False,Miami Heat,MYTH,Brooklyn Nets,KARMA,Miami Heat (MYTH),Brooklyn Nets (KARMA),,,,12/08/2026 23:23:00,97,moneyline_1x2,,Brooklyn Nets (KARMA),1.57,False
2026-08-12T22:14:50.578973+00:00,13673685420,GG League - 4x5 Min de juego,False,Los Angeles Lakers,ADMIRAL,New York Knicks,RADIANT,Los Angeles Lakers (ADMIRAL),New York Knicks (RADIANT),,,,12/08/2026 22:27:00,97,moneyline_1x2,,Los Angeles Lakers (ADMIRAL),2.4,False
2026-08-12T22:14:50.578973+00:00,13673685420,GG League - 4x5 Min de juego,False,Los Angeles Lakers,ADMIRAL,New York Knicks,RADIANT,Los Angeles Lakers (ADMIRAL),New York Knicks (RADIANT),,,,12/08/2026 22:27:00,97,moneyline_1x2,,New York Knicks (RADIANT),1.45,False
2026-08-12T22:14:50.578973+00:00,13673685718,GG League - 4x5 Min de juego,False,New York Knicks,JACKAL,Boston Celtics,HUNCHO,New York Knicks (JACKAL),Boston Celtics (HUNCHO),,,,12/08/2026 23:15:00,97,moneyline_1x2,,New York Knicks (JACKAL),1.62,False
2026-08-12T22:14:50.578973+00:00,13673685718,GG League - 4x5 Min de juego,False,New York Knicks,JACKAL,Boston Celtics,HUNCHO,New York Knicks (JACKAL),Boston Celtics (HUNCHO),,,,12/08/2026 23:15:00,97,moneyline_1x2,,Boston Celtics (HUNCHO),2.05,False
2026-08-12T22:14:50.578973+00:00,13673685422,GG League - 4x5 Min de juego,False,Los Angeles Lakers,CURSE,Oklahoma City Thunder,CALAMITY,Los Angeles Lakers (CURSE),Oklahoma City Thunder (CALAMITY),,,,12/08/2026 22:43:00,97,moneyline_1x2,,Los Angeles Lakers (CURSE),1.55,False
2026-08-12T22:14:50.578973+00:00,13673685422,GG League - 4x5 Min de juego,False,Los Angeles Lakers,CURSE,Oklahoma City Thunder,CALAMITY,Los Angeles Lakers (CURSE),Oklahoma City Thunder (CALAMITY),,,,12/08/2026 22:43:00,97,moneyline_1x2,,Oklahoma City Thunder (CALAMITY),2.2,False
2026-08-12T22:16:55.416251+00:00,13673684350,GG League - 4x5 Min de juego,False,Memphis Grizzlies,PHARAOH,Cleveland Cavaliers,AZURE,Memphis Grizzlies (PHARAOH),Cleveland Cavaliers (AZURE),,,,12/08/2026 23:03:00,97,moneyline_1x2,,Memphis Grizzlies (PHARAOH),2.6,False
2026-08-12T22:16:55.416251+00:00,13673684350,GG League - 4x5 Min de juego,False,Memphis Grizzlies,PHARAOH,Cleveland Cavaliers,AZURE,Memphis Grizzlies (PHARAOH),Cleveland Cavaliers (AZURE),,,,12/08/2026 23:03:00,97,moneyline_1x2,,Cleveland Cavaliers (AZURE),1.4,False
2026-08-12T22:16:55.416251+00:00,13673684349,GG League - 4x5 Min de juego,False,Charlotte Hornets,STING,Denver Nuggets,ADMIRAL,Charlotte Hornets (STING),Denver Nuggets (ADMIRAL),,,,12/08/2026 22:59:00,97,moneyline_1x2,,Charlotte Hornets (STING),1.5,False
2026-08-12T22:16:55.416251+00:00,13673684349,GG League - 4x5 Min de juego,False,Charlotte Hornets,STING,Denver Nuggets,ADMIRAL,Charlotte Hornets (STING),Denver Nuggets (ADMIRAL),,,,12/08/2026 22:59:00,97,moneyline_1x2,,Denver Nuggets (ADMIRAL),2.35,False
2026-08-12T22:16:55.416251+00:00,13673683915,GG League - 4x5 Min de juego,False,Cleveland Cavaliers,DAGGER,Milwaukee Bucks,GENERAL,Cleveland Cavaliers (DAGGER),Milwaukee Bucks (GENERAL),,,,12/08/2026 22:23:00,97,moneyline_1x2,,Cleveland Cavaliers (DAGGER),1.55,False
2026-08-12T22:16:55.416251+00:00,13673683915,GG League - 4x5 Min de juego,False,Cleveland Cavaliers,DAGGER,Milwaukee Bucks,GENERAL,Cleveland Cavaliers (DAGGER),Milwaukee Bucks (GENERAL),,,,12/08/2026 22:23:00,97,moneyline_1x2,,Milwaukee Bucks (GENERAL),2.2,False
2026-08-12T22:16:55.416251+00:00,13673685424,GG League - 4x5 Min de juego,False,Los Angeles Lakers,AIRFORCE,Oklahoma City Thunder,CYPHER,Los Angeles Lakers (AIRFORCE),Oklahoma City Thunder (CYPHER),,,,12/08/2026 22:51:00,97,moneyline_1x2,,Los Angeles Lakers (AIRFORCE),1.5,False
2026-08-12T22:16:55.416251+00:00,13673685424,GG League - 4x5 Min de juego,False,Los Angeles Lakers,AIRFORCE,Oklahoma City Thunder,CYPHER,Los Angeles Lakers (AIRFORCE),Oklahoma City Thunder (CYPHER),,,,12/08/2026 22:51:00,97,moneyline_1x2,,Oklahoma City Thunder (CYPHER),2.3,False
2026-08-12T22:16:55.416251+00:00,13673685778,GG League - 4x5 Min de juego,False,Los Angeles Lakers,SIGNAL,New York Knicks,PATIENCE,Los Angeles Lakers (SIGNAL),New York Knicks (PATIENCE),,,,12/08/2026 23:35:00,97,moneyline_1x2,,Los Angeles Lakers (SIGNAL),2.35,False
2026-08-12T22:16:55.416251+00:00,13673685778,GG League - 4x5 Min de juego,False,Los Angeles Lakers,SIGNAL,New York Knicks,PATIENCE,Los Angeles Lakers (SIGNAL),New York Knicks (PATIENCE),,,,12/08/2026 23:35:00,97,moneyline_1x2,,New York Knicks (PATIENCE),1.5,False
2026-08-12T22:16:55.416251+00:00,13673685775,GG League - 4x5 Min de juego,False,Miami Heat,MYTH,Toronto Raptors,CYPHER,Miami Heat (MYTH),Toronto Raptors (CYPHER),,,,12/08/2026 22:19:00,97,moneyline_1x2,,Miami Heat (MYTH),2.05,False
2026-08-12T22:16:55.416251+00:00,13673685775,GG League - 4x5 Min de juego,False,Miami Heat,MYTH,Toronto Raptors,CYPHER,Miami Heat (MYTH),Toronto Raptors (CYPHER),,,,12/08/2026 22:19:00,97,moneyline_1x2,,Toronto Raptors (CYPHER),1.62,False
2026-08-12T22:16:55.416251+00:00,13673684118,GG League - 4x5 Min de juego,False,Chicago Bulls,OREZ,Miami Heat,UNDERRATED,Chicago Bulls (OREZ),Miami Heat (UNDERRATED),,,,12/08/2026 22:47:00,97,moneyline_1x2,,Chicago Bulls (OREZ),2.15,False
2026-08-12T22:16:55.416251+00:00,13673684118,GG League - 4x5 Min de juego,False,Chicago Bulls,OREZ,Miami Heat,UNDERRATED,Chicago Bulls (OREZ),Miami Heat (UNDERRATED),,,,12/08/2026 22:47:00,97,moneyline_1x2,,Miami Heat (UNDERRATED),1.57,False
2026-08-12T22:16:55.416251+00:00,13673685777,GG League - 4x5 Min de juego,False,Los Angeles Lakers,SIGNAL,Oklahoma City Thunder,AZURE,Los Angeles Lakers (SIGNAL),Oklahoma City Thunder (AZURE),,,,12/08/2026 22:31:00,97,moneyline_1x2,,Los Angeles Lakers (SIGNAL),1.62,False
2026-08-12T22:16:55.416251+00:00,13673685777,GG League - 4x5 Min de juego,False,Los Angeles Lakers,SIGNAL,Oklahoma City Thunder,AZURE,Los Angeles Lakers (SIGNAL),Oklahoma City Thunder (AZURE),,,,12/08/2026 22:31:00,97,moneyline_1x2,,Oklahoma City Thunder (AZURE),2.05,False
2026-08-12T22:16:55.416251+00:00,13673684715,GG League - 4x5 Min de juego,False,Brooklyn Nets,MARINE,Toronto Raptors,SPARKZ,Brooklyn Nets (MARINE),Toronto Raptors (SPARKZ),,,,12/08/2026 23:19:00,97,moneyline_1x2,,Brooklyn Nets (MARINE),2.3,False
2026-08-12T22:16:55.416251+00:00,13673684715,GG League - 4x5 Min de juego,False,Brooklyn Nets,MARINE,Toronto Raptors,SPARKZ,Brooklyn Nets (MARINE),Toronto Raptors (SPARKZ),,,,12/08/2026 23:19:00,97,moneyline_1x2,,Toronto Raptors (SPARKZ),1.5,False
2026-08-12T22:16:55.416251+00:00,13673685379,GG League - 4x5 Min de juego,True,New York Knicks,JACKAL,Oklahoma City Thunder,CALAMITY,New York Knicks (JACKAL),Oklahoma City Thunder (CALAMITY),1º cuarto,10,15,12/08/2026 22:11:00,97,moneyline_1x2,,New York Knicks (JACKAL),3.45,False
2026-08-12T22:16:55.416251+00:00,13673685379,GG League - 4x5 Min de juego,True,New York Knicks,JACKAL,Oklahoma City Thunder,CALAMITY,New York Knicks (JACKAL),Oklahoma City Thunder (CALAMITY),1º cuarto,10,15,12/08/2026 22:11:00,97,moneyline_1x2,,Oklahoma City Thunder (CALAMITY),1.22,False
2026-08-12T22:16:55.416251+00:00,13673683712,GG League - 4x5 Min de juego,True,Charlotte Hornets,STING,Dallas Mavericks,RADIANT,Charlotte Hornets (STING),Dallas Mavericks (RADIANT),4º cuarto,27,28,12/08/2026 21:55:00,97,moneyline_1x2,,Charlotte Hornets (STING),2.4,False
2026-08-12T22:16:55.416251+00:00,13673683712,GG League - 4x5 Min de juego,True,Charlotte Hornets,STING,Dallas Mavericks,RADIANT,Charlotte Hornets (STING),Dallas Mavericks (RADIANT),4º cuarto,27,28,12/08/2026 21:55:00,97,moneyline_1x2,,Dallas Mavericks (RADIANT),1.45,False
2026-08-12T22:16:55.416251+00:00,13673685429,GG League - 4x5 Min de juego,False,New York Knicks,RADIANT,Los Angeles Lakers,ADMIRAL,New York Knicks (RADIANT),Los Angeles Lakers (ADMIRAL),,,,12/08/2026 23:31:00,97,moneyline_1x2,,New York Knicks (RADIANT),1.43,False
2026-08-12T22:16:55.416251+00:00,13673685429,GG League - 4x5 Min de juego,False,New York Knicks,RADIANT,Los Angeles Lakers,ADMIRAL,New York Knicks (RADIANT),Los Angeles Lakers (ADMIRAL),,,,12/08/2026 23:31:00,97,moneyline_1x2,,Los Angeles Lakers (ADMIRAL),2.5,False
2026-08-12T22:16:55.416251+00:00,13673684119,GG League - 4x5 Min de juego,False,Dallas Mavericks,JUGGERNAUT,Charlotte Hornets,GENERAL,Dallas Mavericks (JUGGERNAUT),Charlotte Hornets (GENERAL),,,,12/08/2026 22:55:00,97,moneyline_1x2,,Dallas Mavericks (JUGGERNAUT),1.55,False
2026-08-12T22:16:55.416251+00:00,13673684119,GG League - 4x5 Min de juego,False,Dallas Mavericks,JUGGERNAUT,Charlotte Hornets,GENERAL,Dallas Mavericks (JUGGERNAUT),Charlotte Hornets (GENERAL),,,,12/08/2026 22:55:00,97,moneyline_1x2,,Charlotte Hornets (GENERAL),2.2,False
2026-08-12T22:16:55.416251+00:00,13673684716,GG League - 4x5 Min de juego,False,Miami Heat,MYTH,Brooklyn Nets,KARMA,Miami Heat (MYTH),Brooklyn Nets (KARMA),,,,12/08/2026 23:23:00,97,moneyline_1x2,,Miami Heat (MYTH),2.15,False
2026-08-12T22:16:55.416251+00:00,13673684716,GG League - 4x5 Min de juego,False,Miami Heat,MYTH,Brooklyn Nets,KARMA,Miami Heat (MYTH),Brooklyn Nets (KARMA),,,,12/08/2026 23:23:00,97,moneyline_1x2,,Brooklyn Nets (KARMA),1.57,False
2026-08-12T22:16:55.416251+00:00,13673685420,GG League - 4x5 Min de juego,False,Los Angeles Lakers,ADMIRAL,New York Knicks,RADIANT,Los Angeles Lakers (ADMIRAL),New York Knicks (RADIANT),,,,12/08/2026 22:27:00,97,moneyline_1x2,,Los Angeles Lakers (ADMIRAL),2.4,False
2026-08-12T22:16:55.416251+00:00,13673685420,GG League - 4x5 Min de juego,False,Los Angeles Lakers,ADMIRAL,New York Knicks,RADIANT,Los Angeles Lakers (ADMIRAL),New York Knicks (RADIANT),,,,12/08/2026 22:27:00,97,moneyline_1x2,,New York Knicks (RADIANT),1.45,False
2026-08-12T22:16:55.416251+00:00,13673685718,GG League - 4x5 Min de juego,False,New York Knicks,JACKAL,Boston Celtics,HUNCHO,New York Knicks (JACKAL),Boston Celtics (HUNCHO),,,,12/08/2026 23:15:00,97,moneyline_1x2,,New York Knicks (JACKAL),1.62,False
2026-08-12T22:16:55.416251+00:00,13673685718,GG League - 4x5 Min de juego,False,New York Knicks,JACKAL,Boston Celtics,HUNCHO,New York Knicks (JACKAL),Boston Celtics (HUNCHO),,,,12/08/2026 23:15:00,97,moneyline_1x2,,Boston Celtics (HUNCHO),2.05,False
2026-08-12T22:16:55.416251+00:00,13673685422,GG League - 4x5 Min de juego,False,Los Angeles Lakers,CURSE,Oklahoma City Thunder,CALAMITY,Los Angeles Lakers (CURSE),Oklahoma City Thunder (CALAMITY),,,,12/08/2026 22:43:00,97,moneyline_1x2,,Los Angeles Lakers (CURSE),1.55,False
2026-08-12T22:16:55.416251+00:00,13673685422,GG League - 4x5 Min de juego,False,Los Angeles Lakers,CURSE,Oklahoma City Thunder,CALAMITY,Los Angeles Lakers (CURSE),Oklahoma City Thunder (CALAMITY),,,,12/08/2026 22:43:00,97,moneyline_1x2,,Oklahoma City Thunder (CALAMITY),2.2,False
2026-08-12T22:18:58.297302+00:00,13673684350,GG League - 4x5 Min de juego,False,Memphis Grizzlies,PHARAOH,Cleveland Cavaliers,AZURE,Memphis Grizzlies (PHARAOH),Cleveland Cavaliers (AZURE),,,,12/08/2026 23:03:00,97,moneyline_1x2,,Memphis Grizzlies (PHARAOH),2.6,False
2026-08-12T22:18:58.297302+00:00,13673684350,GG League - 4x5 Min de juego,False,Memphis Grizzlies,PHARAOH,Cleveland Cavaliers,AZURE,Memphis Grizzlies (PHARAOH),Cleveland Cavaliers (AZURE),,,,12/08/2026 23:03:00,97,moneyline_1x2,,Cleveland Cavaliers (AZURE),1.4,False
2026-08-12T22:18:58.297302+00:00,13673685773,GG League - 4x5 Min de juego,True,Memphis Grizzlies,PHARAOH,Milwaukee Bucks,PATIENCE,Memphis Grizzlies (PHARAOH),Milwaukee Bucks (PATIENCE),4º cuarto,44,54,12/08/2026 21:59:00,97,moneyline_1x2,,Memphis Grizzlies (PHARAOH),9.0,False
2026-08-12T22:18:58.297302+00:00,13673685773,GG League - 4x5 Min de juego,True,Memphis Grizzlies,PHARAOH,Milwaukee Bucks,PATIENCE,Memphis Grizzlies (PHARAOH),Milwaukee Bucks (PATIENCE),4º cuarto,44,54,12/08/2026 21:59:00,97,moneyline_1x2,,Milwaukee Bucks (PATIENCE),1.01,False
2026-08-12T22:18:58.297302+00:00,13673684349,GG League - 4x5 Min de juego,False,Charlotte Hornets,STING,Denver Nuggets,ADMIRAL,Charlotte Hornets (STING),Denver Nuggets (ADMIRAL),,,,12/08/2026 22:59:00,97,moneyline_1x2,,Charlotte Hornets (STING),1.5,False
2026-08-12T22:18:58.297302+00:00,13673684349,GG League - 4x5 Min de juego,False,Charlotte Hornets,STING,Denver Nuggets,ADMIRAL,Charlotte Hornets (STING),Denver Nuggets (ADMIRAL),,,,12/08/2026 22:59:00,97,moneyline_1x2,,Denver Nuggets (ADMIRAL),2.35,False
2026-08-12T22:18:58.297302+00:00,13673683915,GG League - 4x5 Min de juego,False,Cleveland Cavaliers,DAGGER,Milwaukee Bucks,GENERAL,Cleveland Cavaliers (DAGGER),Milwaukee Bucks (GENERAL),,,,12/08/2026 22:23:00,97,moneyline_1x2,,Cleveland Cavaliers (DAGGER),1.55,False
2026-08-12T22:18:58.297302+00:00,13673683915,GG League - 4x5 Min de juego,False,Cleveland Cavaliers,DAGGER,Milwaukee Bucks,GENERAL,Cleveland Cavaliers (DAGGER),Milwaukee Bucks (GENERAL),,,,12/08/2026 22:23:00,97,moneyline_1x2,,Milwaukee Bucks (GENERAL),2.2,False
2026-08-12T22:18:58.297302+00:00,13673685424,GG League - 4x5 Min de juego,False,Los Angeles Lakers,AIRFORCE,Oklahoma City Thunder,CYPHER,Los Angeles Lakers (AIRFORCE),Oklahoma City Thunder (CYPHER),,,,12/08/2026 22:51:00,97,moneyline_1x2,,Los Angeles Lakers (AIRFORCE),1.5,False
2026-08-12T22:18:58.297302+00:00,13673685424,GG League - 4x5 Min de juego,False,Los Angeles Lakers,AIRFORCE,Oklahoma City Thunder,CYPHER,Los Angeles Lakers (AIRFORCE),Oklahoma City Thunder (CYPHER),,,,12/08/2026 22:51:00,97,moneyline_1x2,,Oklahoma City Thunder (CYPHER),2.3,False
2026-08-12T22:18:58.297302+00:00,13673685778,GG League - 4x5 Min de juego,False,Los Angeles Lakers,SIGNAL,New York Knicks,PATIENCE,Los Angeles Lakers (SIGNAL),New York Knicks (PATIENCE),,,,12/08/2026 23:35:00,97,moneyline_1x2,,Los Angeles Lakers (SIGNAL),2.35,False
2026-08-12T22:18:58.297302+00:00,13673685778,GG League - 4x5 Min de juego,False,Los Angeles Lakers,SIGNAL,New York Knicks,PATIENCE,Los Angeles Lakers (SIGNAL),New York Knicks (PATIENCE),,,,12/08/2026 23:35:00,97,moneyline_1x2,,New York Knicks (PATIENCE),1.5,False
2026-08-12T22:18:58.297302+00:00,13673685775,GG League - 4x5 Min de juego,False,Miami Heat,MYTH,Toronto Raptors,CYPHER,Miami Heat (MYTH),Toronto Raptors (CYPHER),,,,12/08/2026 22:19:00,97,moneyline_1x2,,Miami Heat (MYTH),2.05,False
2026-08-12T22:18:58.297302+00:00,13673685775,GG League - 4x5 Min de juego,False,Miami Heat,MYTH,Toronto Raptors,CYPHER,Miami Heat (MYTH),Toronto Raptors (CYPHER),,,,12/08/2026 22:19:00,97,moneyline_1x2,,Toronto Raptors (CYPHER),1.62,False
2026-08-12T22:18:58.297302+00:00,13673684118,GG League - 4x5 Min de juego,False,Chicago Bulls,OREZ,Miami Heat,UNDERRATED,Chicago Bulls (OREZ),Miami Heat (UNDERRATED),,,,12/08/2026 22:47:00,97,moneyline_1x2,,Chicago Bulls (OREZ),2.15,False
2026-08-12T22:18:58.297302+00:00,13673684118,GG League - 4x5 Min de juego,False,Chicago Bulls,OREZ,Miami Heat,UNDERRATED,Chicago Bulls (OREZ),Miami Heat (UNDERRATED),,,,12/08/2026 22:47:00,97,moneyline_1x2,,Miami Heat (UNDERRATED),1.57,False
2026-08-12T22:18:58.297302+00:00,13673685777,GG League - 4x5 Min de juego,False,Los Angeles Lakers,SIGNAL,Oklahoma City Thunder,AZURE,Los Angeles Lakers (SIGNAL),Oklahoma City Thunder (AZURE),,,,12/08/2026 22:31:00,97,moneyline_1x2,,Los Angeles Lakers (SIGNAL),1.62,False
2026-08-12T22:18:58.297302+00:00,13673685777,GG League - 4x5 Min de juego,False,Los Angeles Lakers,SIGNAL,Oklahoma City Thunder,AZURE,Los Angeles Lakers (SIGNAL),Oklahoma City Thunder (AZURE),,,,12/08/2026 22:31:00,97,moneyline_1x2,,Oklahoma City Thunder (AZURE),2.05,False
2026-08-12T22:18:58.297302+00:00,13673684715,GG League - 4x5 Min de juego,False,Brooklyn Nets,MARINE,Toronto Raptors,SPARKZ,Brooklyn Nets (MARINE),Toronto Raptors (SPARKZ),,,,12/08/2026 23:19:00,97,moneyline_1x2,,Brooklyn Nets (MARINE),2.3,False
2026-08-12T22:18:58.297302+00:00,13673684715,GG League - 4x5 Min de juego,False,Brooklyn Nets,MARINE,Toronto Raptors,SPARKZ,Brooklyn Nets (MARINE),Toronto Raptors (SPARKZ),,,,12/08/2026 23:19:00,97,moneyline_1x2,,Toronto Raptors (SPARKZ),1.5,False
2026-08-12T22:18:58.297302+00:00,13673685379,GG League - 4x5 Min de juego,True,New York Knicks,JACKAL,Oklahoma City Thunder,CALAMITY,New York Knicks (JACKAL),Oklahoma City Thunder (CALAMITY),2º cuarto,16,17,12/08/2026 22:11:00,97,moneyline_1x2,,New York Knicks (JACKAL),2.35,False
2026-08-12T22:18:58.297302+00:00,13673685379,GG League - 4x5 Min de juego,True,New York Knicks,JACKAL,Oklahoma City Thunder,CALAMITY,New York Knicks (JACKAL),Oklahoma City Thunder (CALAMITY),2º cuarto,16,17,12/08/2026 22:11:00,97,moneyline_1x2,,Oklahoma City Thunder (CALAMITY),1.5,False
2026-08-12T22:18:58.297302+00:00,13673683712,GG League - 4x5 Min de juego,True,Charlotte Hornets,STING,Dallas Mavericks,RADIANT,Charlotte Hornets (STING),Dallas Mavericks (RADIANT),4º cuarto,27,33,12/08/2026 21:55:00,97,moneyline_1x2,,Charlotte Hornets (STING),9.0,False
2026-08-12T22:18:58.297302+00:00,13673683712,GG League - 4x5 Min de juego,True,Charlotte Hornets,STING,Dallas Mavericks,RADIANT,Charlotte Hornets (STING),Dallas Mavericks (RADIANT),4º cuarto,27,33,12/08/2026 21:55:00,97,moneyline_1x2,,Dallas Mavericks (RADIANT),1.01,False
2026-08-12T22:18:58.297302+00:00,13673685429,GG League - 4x5 Min de juego,False,New York Knicks,RADIANT,Los Angeles Lakers,ADMIRAL,New York Knicks (RADIANT),Los Angeles Lakers (ADMIRAL),,,,12/08/2026 23:31:00,97,moneyline_1x2,,New York Knicks (RADIANT),1.43,False
2026-08-12T22:18:58.297302+00:00,13673685429,GG League - 4x5 Min de juego,False,New York Knicks,RADIANT,Los Angeles Lakers,ADMIRAL,New York Knicks (RADIANT),Los Angeles Lakers (ADMIRAL),,,,12/08/2026 23:31:00,97,moneyline_1x2,,Los Angeles Lakers (ADMIRAL),2.5,False
2026-08-12T22:18:58.297302+00:00,13673684119,GG League - 4x5 Min de juego,False,Dallas Mavericks,JUGGERNAUT,Charlotte Hornets,GENERAL,Dallas Mavericks (JUGGERNAUT),Charlotte Hornets (GENERAL),,,,12/08/2026 22:55:00,97,moneyline_1x2,,Dallas Mavericks (JUGGERNAUT),1.55,False
2026-08-12T22:18:58.297302+00:00,13673684119,GG League - 4x5 Min de juego,False,Dallas Mavericks,JUGGERNAUT,Charlotte Hornets,GENERAL,Dallas Mavericks (JUGGERNAUT),Charlotte Hornets (GENERAL),,,,12/08/2026 22:55:00,97,moneyline_1x2,,Charlotte Hornets (GENERAL),2.2,False
2026-08-12T22:18:58.297302+00:00,13673684716,GG League - 4x5 Min de juego,False,Miami Heat,MYTH,Brooklyn Nets,KARMA,Miami Heat (MYTH),Brooklyn Nets (KARMA),,,,12/08/2026 23:23:00,97,moneyline_1x2,,Miami Heat (MYTH),2.15,False
2026-08-12T22:18:58.297302+00:00,13673684716,GG League - 4x5 Min de juego,False,Miami Heat,MYTH,Brooklyn Nets,KARMA,Miami Heat (MYTH),Brooklyn Nets (KARMA),,,,12/08/2026 23:23:00,97,moneyline_1x2,,Brooklyn Nets (KARMA),1.57,False
2026-08-12T22:18:58.297302+00:00,13673685420,GG League - 4x5 Min de juego,False,Los Angeles Lakers,ADMIRAL,New York Knicks,RADIANT,Los Angeles Lakers (ADMIRAL),New York Knicks (RADIANT),,,,12/08/2026 22:27:00,97,moneyline_1x2,,Los Angeles Lakers (ADMIRAL),2.4,False
2026-08-12T22:18:58.297302+00:00,13673685420,GG League - 4x5 Min de juego,False,Los Angeles Lakers,ADMIRAL,New York Knicks,RADIANT,Los Angeles Lakers (ADMIRAL),New York Knicks (RADIANT),,,,12/08/2026 22:27:00,97,moneyline_1x2,,New York Knicks (RADIANT),1.45,False
2026-08-12T22:18:58.297302+00:00,13673685718,GG League - 4x5 Min de juego,False,New York Knicks,JACKAL,Boston Celtics,HUNCHO,New York Knicks (JACKAL),Boston Celtics (HUNCHO),,,,12/08/2026 23:15:00,97,moneyline_1x2,,New York Knicks (JACKAL),1.62,False
2026-08-12T22:18:58.297302+00:00,13673685718,GG League - 4x5 Min de juego,False,New York Knicks,JACKAL,Boston Celtics,HUNCHO,New York Knicks (JACKAL),Boston Celtics (HUNCHO),,,,12/08/2026 23:15:00,97,moneyline_1x2,,Boston Celtics (HUNCHO),2.05,False
2026-08-12T22:18:58.297302+00:00,13673685422,GG League - 4x5 Min de juego,False,Los Angeles Lakers,CURSE,Oklahoma City Thunder,CALAMITY,Los Angeles Lakers (CURSE),Oklahoma City Thunder (CALAMITY),,,,12/08/2026 22:43:00,97,moneyline_1x2,,Los Angeles Lakers (CURSE),1.55,False
2026-08-12T22:18:58.297302+00:00,13673685422,GG League - 4x5 Min de juego,False,Los Angeles Lakers,CURSE,Oklahoma City Thunder,CALAMITY,Los Angeles Lakers (CURSE),Oklahoma City Thunder (CALAMITY),,,,12/08/2026 22:43:00,97,moneyline_1x2,,Oklahoma City Thunder (CALAMITY),2.2,False
2026-08-12T22:21:12.739293+00:00,13673684350,GG League - 4x5 Min de juego,False,Memphis Grizzlies,PHARAOH,Cleveland Cavaliers,AZURE,Memphis Grizzlies (PHARAOH),Cleveland Cavaliers (AZURE),,,,12/08/2026 23:03:00,97,moneyline_1x2,,Memphis Grizzlies (PHARAOH),2.6,False
2026-08-12T22:21:12.739293+00:00,13673684350,GG League - 4x5 Min de juego,False,Memphis Grizzlies,PHARAOH,Cleveland Cavaliers,AZURE,Memphis Grizzlies (PHARAOH),Cleveland Cavaliers (AZURE),,,,12/08/2026 23:03:00,97,moneyline_1x2,,Cleveland Cavaliers (AZURE),1.4,False
2026-08-12T22:21:12.739293+00:00,13673684349,GG League - 4x5 Min de juego,False,Charlotte Hornets,STING,Denver Nuggets,ADMIRAL,Charlotte Hornets (STING),Denver Nuggets (ADMIRAL),,,,12/08/2026 22:59:00,97,moneyline_1x2,,Charlotte Hornets (STING),1.5,False
2026-08-12T22:21:12.739293+00:00,13673684349,GG League - 4x5 Min de juego,False,Charlotte Hornets,STING,Denver Nuggets,ADMIRAL,Charlotte Hornets (STING),Denver Nuggets (ADMIRAL),,,,12/08/2026 22:59:00,97,moneyline_1x2,,Denver Nuggets (ADMIRAL),2.35,False
2026-08-12T22:21:12.739293+00:00,13673683915,GG League - 4x5 Min de juego,False,Cleveland Cavaliers,DAGGER,Milwaukee Bucks,GENERAL,Cleveland Cavaliers (DAGGER),Milwaukee Bucks (GENERAL),,,,12/08/2026 22:23:00,97,moneyline_1x2,,Cleveland Cavaliers (DAGGER),1.55,False
2026-08-12T22:21:12.739293+00:00,13673683915,GG League - 4x5 Min de juego,False,Cleveland Cavaliers,DAGGER,Milwaukee Bucks,GENERAL,Cleveland Cavaliers (DAGGER),Milwaukee Bucks (GENERAL),,,,12/08/2026 22:23:00,97,moneyline_1x2,,Milwaukee Bucks (GENERAL),2.2,False
2026-08-12T22:21:12.739293+00:00,13673685774,GG League - 4x5 Min de juego,True,Brooklyn Nets,MARINE,Miami Heat,UNDERRATED,Brooklyn Nets (MARINE),Miami Heat (UNDERRATED),1º cuarto,14,13,12/08/2026 22:15:00,97,moneyline_1x2,,Brooklyn Nets (MARINE),1.5,False
2026-08-12T22:21:12.739293+00:00,13673685774,GG League - 4x5 Min de juego,True,Brooklyn Nets,MARINE,Miami Heat,UNDERRATED,Brooklyn Nets (MARINE),Miami Heat (UNDERRATED),1º cuarto,14,13,12/08/2026 22:15:00,97,moneyline_1x2,,Miami Heat (UNDERRATED),2.35,False
2026-08-12T22:21:12.739293+00:00,13673685424,GG League - 4x5 Min de juego,False,Los Angeles Lakers,AIRFORCE,Oklahoma City Thunder,CYPHER,Los Angeles Lakers (AIRFORCE),Oklahoma City Thunder (CYPHER),,,,12/08/2026 22:51:00,97,moneyline_1x2,,Los Angeles Lakers (AIRFORCE),1.5,False
2026-08-12T22:21:12.739293+00:00,13673685424,GG League - 4x5 Min de juego,False,Los Angeles Lakers,AIRFORCE,Oklahoma City Thunder,CYPHER,Los Angeles Lakers (AIRFORCE),Oklahoma City Thunder (CYPHER),,,,12/08/2026 22:51:00,97,moneyline_1x2,,Oklahoma City Thunder (CYPHER),2.3,False
2026-08-12T22:21:12.739293+00:00,13673685778,GG League - 4x5 Min de juego,False,Los Angeles Lakers,SIGNAL,New York Knicks,PATIENCE,Los Angeles Lakers (SIGNAL),New York Knicks (PATIENCE),,,,12/08/2026 23:35:00,97,moneyline_1x2,,Los Angeles Lakers (SIGNAL),2.35,False
2026-08-12T22:21:12.739293+00:00,13673685778,GG League - 4x5 Min de juego,False,Los Angeles Lakers,SIGNAL,New York Knicks,PATIENCE,Los Angeles Lakers (SIGNAL),New York Knicks (PATIENCE),,,,12/08/2026 23:35:00,97,moneyline_1x2,,New York Knicks (PATIENCE),1.5,False
2026-08-12T22:21:12.739293+00:00,13673685775,GG League - 4x5 Min de juego,True,Miami Heat,MYTH,Toronto Raptors,CYPHER,Miami Heat (MYTH),Toronto Raptors (CYPHER),1º cuarto,2,3,12/08/2026 22:19:00,97,moneyline_1x2,,Miami Heat (MYTH),2.3,False
2026-08-12T22:21:12.739293+00:00,13673685775,GG League - 4x5 Min de juego,True,Miami Heat,MYTH,Toronto Raptors,CYPHER,Miami Heat (MYTH),Toronto Raptors (CYPHER),1º cuarto,2,3,12/08/2026 22:19:00,97,moneyline_1x2,,Toronto Raptors (CYPHER),1.5,False
2026-08-12T22:21:12.739293+00:00,13673684118,GG League - 4x5 Min de juego,False,Chicago Bulls,OREZ,Miami Heat,UNDERRATED,Chicago Bulls (OREZ),Miami Heat (UNDERRATED),,,,12/08/2026 22:47:00,97,moneyline_1x2,,Chicago Bulls (OREZ),2.15,False
2026-08-12T22:21:12.739293+00:00,13673684118,GG League - 4x5 Min de juego,False,Chicago Bulls,OREZ,Miami Heat,UNDERRATED,Chicago Bulls (OREZ),Miami Heat (UNDERRATED),,,,12/08/2026 22:47:00,97,moneyline_1x2,,Miami Heat (UNDERRATED),1.57,False
2026-08-12T22:21:12.739293+00:00,13673685777,GG League - 4x5 Min de juego,False,Los Angeles Lakers,SIGNAL,Oklahoma City Thunder,AZURE,Los Angeles Lakers (SIGNAL),Oklahoma City Thunder (AZURE),,,,12/08/2026 22:31:00,97,moneyline_1x2,,Los Angeles Lakers (SIGNAL),1.62,False
2026-08-12T22:21:12.739293+00:00,13673685777,GG League - 4x5 Min de juego,False,Los Angeles Lakers,SIGNAL,Oklahoma City Thunder,AZURE,Los Angeles Lakers (SIGNAL),Oklahoma City Thunder (AZURE),,,,12/08/2026 22:31:00,97,moneyline_1x2,,Oklahoma City Thunder (AZURE),2.05,False
2026-08-12T22:21:12.739293+00:00,13673684715,GG League - 4x5 Min de juego,False,Brooklyn Nets,MARINE,Toronto Raptors,SPARKZ,Brooklyn Nets (MARINE),Toronto Raptors (SPARKZ),,,,12/08/2026 23:19:00,97,moneyline_1x2,,Brooklyn Nets (MARINE),2.3,False
2026-08-12T22:21:12.739293+00:00,13673684715,GG League - 4x5 Min de juego,False,Brooklyn Nets,MARINE,Toronto Raptors,SPARKZ,Brooklyn Nets (MARINE),Toronto Raptors (SPARKZ),,,,12/08/2026 23:19:00,97,moneyline_1x2,,Toronto Raptors (SPARKZ),1.5,False
2026-08-12T22:21:12.739293+00:00,13673685379,GG League - 4x5 Min de juego,True,New York Knicks,JACKAL,Oklahoma City Thunder,CALAMITY,New York Knicks (JACKAL),Oklahoma City Thunder (CALAMITY),2º cuarto,21,23,12/08/2026 22:11:00,97,moneyline_1x2,,New York Knicks (JACKAL),2.6,False
2026-08-12T22:21:12.739293+00:00,13673685379,GG League - 4x5 Min de juego,True,New York Knicks,JACKAL,Oklahoma City Thunder,CALAMITY,New York Knicks (JACKAL),Oklahoma City Thunder (CALAMITY),2º cuarto,21,23,12/08/2026 22:11:00,97,moneyline_1x2,,Oklahoma City Thunder (CALAMITY),1.4,False
2026-08-12T22:21:12.739293+00:00,13673685429,GG League - 4x5 Min de juego,False,New York Knicks,RADIANT,Los Angeles Lakers,ADMIRAL,New York Knicks (RADIANT),Los Angeles Lakers (ADMIRAL),,,,12/08/2026 23:31:00,97,moneyline_1x2,,New York Knicks (RADIANT),1.43,False
2026-08-12T22:21:12.739293+00:00,13673685429,GG League - 4x5 Min de juego,False,New York Knicks,RADIANT,Los Angeles Lakers,ADMIRAL,New York Knicks (RADIANT),Los Angeles Lakers (ADMIRAL),,,,12/08/2026 23:31:00,97,moneyline_1x2,,Los Angeles Lakers (ADMIRAL),2.5,False
2026-08-12T22:21:12.739293+00:00,13673684119,GG League - 4x5 Min de juego,False,Dallas Mavericks,JUGGERNAUT,Charlotte Hornets,GENERAL,Dallas Mavericks (JUGGERNAUT),Charlotte Hornets (GENERAL),,,,12/08/2026 22:55:00,97,moneyline_1x2,,Dallas Mavericks (JUGGERNAUT),1.55,False
2026-08-12T22:21:12.739293+00:00,13673684119,GG League - 4x5 Min de juego,False,Dallas Mavericks,JUGGERNAUT,Charlotte Hornets,GENERAL,Dallas Mavericks (JUGGERNAUT),Charlotte Hornets (GENERAL),,,,12/08/2026 22:55:00,97,moneyline_1x2,,Charlotte Hornets (GENERAL),2.2,False
2026-08-12T22:21:12.739293+00:00,13673684716,GG League - 4x5 Min de juego,False,Miami Heat,MYTH,Brooklyn Nets,KARMA,Miami Heat (MYTH),Brooklyn Nets (KARMA),,,,12/08/2026 23:23:00,97,moneyline_1x2,,Miami Heat (MYTH),2.15,False
2026-08-12T22:21:12.739293+00:00,13673684716,GG League - 4x5 Min de juego,False,Miami Heat,MYTH,Brooklyn Nets,KARMA,Miami Heat (MYTH),Brooklyn Nets (KARMA),,,,12/08/2026 23:23:00,97,moneyline_1x2,,Brooklyn Nets (KARMA),1.57,False
2026-08-12T22:21:12.739293+00:00,13673685420,GG League - 4x5 Min de juego,False,Los Angeles Lakers,ADMIRAL,New York Knicks,RADIANT,Los Angeles Lakers (ADMIRAL),New York Knicks (RADIANT),,,,12/08/2026 22:27:00,97,moneyline_1x2,,Los Angeles Lakers (ADMIRAL),2.4,False
2026-08-12T22:21:12.739293+00:00,13673685420,GG League - 4x5 Min de juego,False,Los Angeles Lakers,ADMIRAL,New York Knicks,RADIANT,Los Angeles Lakers (ADMIRAL),New York Knicks (RADIANT),,,,12/08/2026 22:27:00,97,moneyline_1x2,,New York Knicks (RADIANT),1.45,False
2026-08-12T22:21:12.739293+00:00,13673685718,GG League - 4x5 Min de juego,False,New York Knicks,JACKAL,Boston Celtics,HUNCHO,New York Knicks (JACKAL),Boston Celtics (HUNCHO),,,,12/08/2026 23:15:00,97,moneyline_1x2,,New York Knicks (JACKAL),1.62,False
2026-08-12T22:21:12.739293+00:00,13673685718,GG League - 4x5 Min de juego,False,New York Knicks,JACKAL,Boston Celtics,HUNCHO,New York Knicks (JACKAL),Boston Celtics (HUNCHO),,,,12/08/2026 23:15:00,97,moneyline_1x2,,Boston Celtics (HUNCHO),2.05,False
2026-08-12T22:21:12.739293+00:00,13673685422,GG League - 4x5 Min de juego,False,Los Angeles Lakers,CURSE,Oklahoma City Thunder,CALAMITY,Los Angeles Lakers (CURSE),Oklahoma City Thunder (CALAMITY),,,,12/08/2026 22:43:00,97,moneyline_1x2,,Los Angeles Lakers (CURSE),1.55,False
2026-08-12T22:21:12.739293+00:00,13673685422,GG League - 4x5 Min de juego,False,Los Angeles Lakers,CURSE,Oklahoma City Thunder,CALAMITY,Los Angeles Lakers (CURSE),Oklahoma City Thunder (CALAMITY),,,,12/08/2026 22:43:00,97,moneyline_1x2,,Oklahoma City Thunder (CALAMITY),2.2,False
2026-08-12T22:22:50.138181+00:00,13673684350,GG League - 4x5 Min de juego,False,Memphis Grizzlies,PHARAOH,Cleveland Cavaliers,AZURE,Memphis Grizzlies (PHARAOH),Cleveland Cavaliers (AZURE),,,,12/08/2026 23:03:00,97,moneyline_1x2,,Memphis Grizzlies (PHARAOH),2.6,False
2026-08-12T22:22:50.138181+00:00,13673684350,GG League - 4x5 Min de juego,False,Memphis Grizzlies,PHARAOH,Cleveland Cavaliers,AZURE,Memphis Grizzlies (PHARAOH),Cleveland Cavaliers (AZURE),,,,12/08/2026 23:03:00,97,moneyline_1x2,,Cleveland Cavaliers (AZURE),1.4,False
2026-08-12T22:22:50.138181+00:00,13673684349,GG League - 4x5 Min de juego,False,Charlotte Hornets,STING,Denver Nuggets,ADMIRAL,Charlotte Hornets (STING),Denver Nuggets (ADMIRAL),,,,12/08/2026 22:59:00,97,moneyline_1x2,,Charlotte Hornets (STING),1.5,False
2026-08-12T22:22:50.138181+00:00,13673684349,GG League - 4x5 Min de juego,False,Charlotte Hornets,STING,Denver Nuggets,ADMIRAL,Charlotte Hornets (STING),Denver Nuggets (ADMIRAL),,,,12/08/2026 22:59:00,97,moneyline_1x2,,Denver Nuggets (ADMIRAL),2.35,False
2026-08-12T22:22:50.138181+00:00,13673683915,GG League - 4x5 Min de juego,False,Cleveland Cavaliers,DAGGER,Milwaukee Bucks,GENERAL,Cleveland Cavaliers (DAGGER),Milwaukee Bucks (GENERAL),,,,12/08/2026 22:23:00,97,moneyline_1x2,,Cleveland Cavaliers (DAGGER),1.55,False
2026-08-12T22:22:50.138181+00:00,13673683915,GG League - 4x5 Min de juego,False,Cleveland Cavaliers,DAGGER,Milwaukee Bucks,GENERAL,Cleveland Cavaliers (DAGGER),Milwaukee Bucks (GENERAL),,,,12/08/2026 22:23:00,97,moneyline_1x2,,Milwaukee Bucks (GENERAL),2.2,False
2026-08-12T22:22:50.138181+00:00,13673685774,GG League - 4x5 Min de juego,True,Brooklyn Nets,MARINE,Miami Heat,UNDERRATED,Brooklyn Nets (MARINE),Miami Heat (UNDERRATED),2º cuarto,16,13,12/08/2026 22:15:00,97,moneyline_1x2,,Brooklyn Nets (MARINE),1.35,False
2026-08-12T22:22:50.138181+00:00,13673685774,GG League - 4x5 Min de juego,True,Brooklyn Nets,MARINE,Miami Heat,UNDERRATED,Brooklyn Nets (MARINE),Miami Heat (UNDERRATED),2º cuarto,16,13,12/08/2026 22:15:00,97,moneyline_1x2,,Miami Heat (UNDERRATED),2.8,False
2026-08-12T22:22:50.138181+00:00,13673685424,GG League - 4x5 Min de juego,False,Los Angeles Lakers,AIRFORCE,Oklahoma City Thunder,CYPHER,Los Angeles Lakers (AIRFORCE),Oklahoma City Thunder (CYPHER),,,,12/08/2026 22:51:00,97,moneyline_1x2,,Los Angeles Lakers (AIRFORCE),1.5,False
2026-08-12T22:22:50.138181+00:00,13673685424,GG League - 4x5 Min de juego,False,Los Angeles Lakers,AIRFORCE,Oklahoma City Thunder,CYPHER,Los Angeles Lakers (AIRFORCE),Oklahoma City Thunder (CYPHER),,,,12/08/2026 22:51:00,97,moneyline_1x2,,Oklahoma City Thunder (CYPHER),2.3,False
2026-08-12T22:22:50.138181+00:00,13673685778,GG League - 4x5 Min de juego,False,Los Angeles Lakers,SIGNAL,New York Knicks,PATIENCE,Los Angeles Lakers (SIGNAL),New York Knicks (PATIENCE),,,,12/08/2026 23:35:00,97,moneyline_1x2,,Los Angeles Lakers (SIGNAL),2.35,False
2026-08-12T22:22:50.138181+00:00,13673685778,GG League - 4x5 Min de juego,False,Los Angeles Lakers,SIGNAL,New York Knicks,PATIENCE,Los Angeles Lakers (SIGNAL),New York Knicks (PATIENCE),,,,12/08/2026 23:35:00,97,moneyline_1x2,,New York Knicks (PATIENCE),1.5,False
2026-08-12T22:22:50.138181+00:00,13673685775,GG League - 4x5 Min de juego,True,Miami Heat,MYTH,Toronto Raptors,CYPHER,Miami Heat (MYTH),Toronto Raptors (CYPHER),1º cuarto,6,7,12/08/2026 22:19:00,97,moneyline_1x2,,Miami Heat (MYTH),2.3,False
2026-08-12T22:22:50.138181+00:00,13673685775,GG League - 4x5 Min de juego,True,Miami Heat,MYTH,Toronto Raptors,CYPHER,Miami Heat (MYTH),Toronto Raptors (CYPHER),1º cuarto,6,7,12/08/2026 22:19:00,97,moneyline_1x2,,Toronto Raptors (CYPHER),1.5,False
2026-08-12T22:22:50.138181+00:00,13673684118,GG League - 4x5 Min de juego,False,Chicago Bulls,OREZ,Miami Heat,UNDERRATED,Chicago Bulls (OREZ),Miami Heat (UNDERRATED),,,,12/08/2026 22:47:00,97,moneyline_1x2,,Chicago Bulls (OREZ),2.15,False
2026-08-12T22:22:50.138181+00:00,13673684118,GG League - 4x5 Min de juego,False,Chicago Bulls,OREZ,Miami Heat,UNDERRATED,Chicago Bulls (OREZ),Miami Heat (UNDERRATED),,,,12/08/2026 22:47:00,97,moneyline_1x2,,Miami Heat (UNDERRATED),1.57,False
2026-08-12T22:22:50.138181+00:00,13673685777,GG League - 4x5 Min de juego,False,Los Angeles Lakers,SIGNAL,Oklahoma City Thunder,AZURE,Los Angeles Lakers (SIGNAL),Oklahoma City Thunder (AZURE),,,,12/08/2026 22:31:00,97,moneyline_1x2,,Los Angeles Lakers (SIGNAL),1.62,False
2026-08-12T22:22:50.138181+00:00,13673685777,GG League - 4x5 Min de juego,False,Los Angeles Lakers,SIGNAL,Oklahoma City Thunder,AZURE,Los Angeles Lakers (SIGNAL),Oklahoma City Thunder (AZURE),,,,12/08/2026 22:31:00,97,moneyline_1x2,,Oklahoma City Thunder (AZURE),2.05,False
2026-08-12T22:22:50.138181+00:00,13673684715,GG League - 4x5 Min de juego,False,Brooklyn Nets,MARINE,Toronto Raptors,SPARKZ,Brooklyn Nets (MARINE),Toronto Raptors (SPARKZ),,,,12/08/2026 23:19:00,97,moneyline_1x2,,Brooklyn Nets (MARINE),2.3,False
2026-08-12T22:22:50.138181+00:00,13673684715,GG League - 4x5 Min de juego,False,Brooklyn Nets,MARINE,Toronto Raptors,SPARKZ,Brooklyn Nets (MARINE),Toronto Raptors (SPARKZ),,,,12/08/2026 23:19:00,97,moneyline_1x2,,Toronto Raptors (SPARKZ),1.5,False
2026-08-12T22:22:50.138181+00:00,13673685379,GG League - 4x5 Min de juego,True,New York Knicks,JACKAL,Oklahoma City Thunder,CALAMITY,New York Knicks (JACKAL),Oklahoma City Thunder (CALAMITY),2º cuarto,26,23,12/08/2026 22:11:00,97,moneyline_1x2,,New York Knicks (JACKAL),1.62,False
2026-08-12T22:22:50.138181+00:00,13673685379,GG League - 4x5 Min de juego,True,New York Knicks,JACKAL,Oklahoma City Thunder,CALAMITY,New York Knicks (JACKAL),Oklahoma City Thunder (CALAMITY),2º cuarto,26,23,12/08/2026 22:11:00,97,moneyline_1x2,,Oklahoma City Thunder (CALAMITY),2.05,False
2026-08-12T22:22:50.138181+00:00,13673685429,GG League - 4x5 Min de juego,False,New York Knicks,RADIANT,Los Angeles Lakers,ADMIRAL,New York Knicks (RADIANT),Los Angeles Lakers (ADMIRAL),,,,12/08/2026 23:31:00,97,moneyline_1x2,,New York Knicks (RADIANT),1.43,False
2026-08-12T22:22:50.138181+00:00,13673685429,GG League - 4x5 Min de juego,False,New York Knicks,RADIANT,Los Angeles Lakers,ADMIRAL,New York Knicks (RADIANT),Los Angeles Lakers (ADMIRAL),,,,12/08/2026 23:31:00,97,moneyline_1x2,,Los Angeles Lakers (ADMIRAL),2.5,False
2026-08-12T22:22:50.138181+00:00,13673684119,GG League - 4x5 Min de juego,False,Dallas Mavericks,JUGGERNAUT,Charlotte Hornets,GENERAL,Dallas Mavericks (JUGGERNAUT),Charlotte Hornets (GENERAL),,,,12/08/2026 22:55:00,97,moneyline_1x2,,Dallas Mavericks (JUGGERNAUT),1.55,False
2026-08-12T22:22:50.138181+00:00,13673684119,GG League - 4x5 Min de juego,False,Dallas Mavericks,JUGGERNAUT,Charlotte Hornets,GENERAL,Dallas Mavericks (JUGGERNAUT),Charlotte Hornets (GENERAL),,,,12/08/2026 22:55:00,97,moneyline_1x2,,Charlotte Hornets (GENERAL),2.2,False
2026-08-12T22:22:50.138181+00:00,13673684716,GG League - 4x5 Min de juego,False,Miami Heat,MYTH,Brooklyn Nets,KARMA,Miami Heat (MYTH),Brooklyn Nets (KARMA),,,,12/08/2026 23:23:00,97,moneyline_1x2,,Miami Heat (MYTH),2.15,False
2026-08-12T22:22:50.138181+00:00,13673684716,GG League - 4x5 Min de juego,False,Miami Heat,MYTH,Brooklyn Nets,KARMA,Miami Heat (MYTH),Brooklyn Nets (KARMA),,,,12/08/2026 23:23:00,97,moneyline_1x2,,Brooklyn Nets (KARMA),1.57,False
2026-08-12T22:22:50.138181+00:00,13673685420,GG League - 4x5 Min de juego,False,Los Angeles Lakers,ADMIRAL,New York Knicks,RADIANT,Los Angeles Lakers (ADMIRAL),New York Knicks (RADIANT),,,,12/08/2026 22:27:00,97,moneyline_1x2,,Los Angeles Lakers (ADMIRAL),2.4,False
2026-08-12T22:22:50.138181+00:00,13673685420,GG League - 4x5 Min de juego,False,Los Angeles Lakers,ADMIRAL,New York Knicks,RADIANT,Los Angeles Lakers (ADMIRAL),New York Knicks (RADIANT),,,,12/08/2026 22:27:00,97,moneyline_1x2,,New York Knicks (RADIANT),1.45,False
2026-08-12T22:22:50.138181+00:00,13673685718,GG League - 4x5 Min de juego,False,New York Knicks,JACKAL,Boston Celtics,HUNCHO,New York Knicks (JACKAL),Boston Celtics (HUNCHO),,,,12/08/2026 23:15:00,97,moneyline_1x2,,New York Knicks (JACKAL),1.62,False
2026-08-12T22:22:50.138181+00:00,13673685718,GG League - 4x5 Min de juego,False,New York Knicks,JACKAL,Boston Celtics,HUNCHO,New York Knicks (JACKAL),Boston Celtics (HUNCHO),,,,12/08/2026 23:15:00,97,moneyline_1x2,,Boston Celtics (HUNCHO),2.05,False
2026-08-12T22:22:50.138181+00:00,13673685422,GG League - 4x5 Min de juego,False,Los Angeles Lakers,CURSE,Oklahoma City Thunder,CALAMITY,Los Angeles Lakers (CURSE),Oklahoma City Thunder (CALAMITY),,,,12/08/2026 22:43:00,97,moneyline_1x2,,Los Angeles Lakers (CURSE),1.55,False
2026-08-12T22:22:50.138181+00:00,13673685422,GG League - 4x5 Min de juego,False,Los Angeles Lakers,CURSE,Oklahoma City Thunder,CALAMITY,Los Angeles Lakers (CURSE),Oklahoma City Thunder (CALAMITY),,,,12/08/2026 22:43:00,97,moneyline_1x2,,Oklahoma City Thunder (CALAMITY),2.2,False
2026-08-12T22:24:52.650251+00:00,13673684350,GG League - 4x5 Min de juego,False,Memphis Grizzlies,PHARAOH,Cleveland Cavaliers,AZURE,Memphis Grizzlies (PHARAOH),Cleveland Cavaliers (AZURE),,,,12/08/2026 23:03:00,97,moneyline_1x2,,Memphis Grizzlies (PHARAOH),2.6,False
2026-08-12T22:24:52.650251+00:00,13673684350,GG League - 4x5 Min de juego,False,Memphis Grizzlies,PHARAOH,Cleveland Cavaliers,AZURE,Memphis Grizzlies (PHARAOH),Cleveland Cavaliers (AZURE),,,,12/08/2026 23:03:00,97,moneyline_1x2,,Cleveland Cavaliers (AZURE),1.4,False
2026-08-12T22:24:52.650251+00:00,13673684349,GG League - 4x5 Min de juego,False,Charlotte Hornets,STING,Denver Nuggets,ADMIRAL,Charlotte Hornets (STING),Denver Nuggets (ADMIRAL),,,,12/08/2026 22:59:00,97,moneyline_1x2,,Charlotte Hornets (STING),1.5,False
2026-08-12T22:24:52.650251+00:00,13673684349,GG League - 4x5 Min de juego,False,Charlotte Hornets,STING,Denver Nuggets,ADMIRAL,Charlotte Hornets (STING),Denver Nuggets (ADMIRAL),,,,12/08/2026 22:59:00,97,moneyline_1x2,,Denver Nuggets (ADMIRAL),2.35,False
2026-08-12T22:24:52.650251+00:00,13673683915,GG League - 4x5 Min de juego,True,Cleveland Cavaliers,DAGGER,Milwaukee Bucks,GENERAL,Cleveland Cavaliers (DAGGER),Milwaukee Bucks (GENERAL),1º cuarto,3,1,12/08/2026 22:23:00,97,moneyline_1x2,,Cleveland Cavaliers (DAGGER),1.45,False
2026-08-12T22:24:52.650251+00:00,13673683915,GG League - 4x5 Min de juego,True,Cleveland Cavaliers,DAGGER,Milwaukee Bucks,GENERAL,Cleveland Cavaliers (DAGGER),Milwaukee Bucks (GENERAL),1º cuarto,3,1,12/08/2026 22:23:00,97,moneyline_1x2,,Milwaukee Bucks (GENERAL),2.4,False
2026-08-12T22:24:52.650251+00:00,13673685774,GG League - 4x5 Min de juego,True,Brooklyn Nets,MARINE,Miami Heat,UNDERRATED,Brooklyn Nets (MARINE),Miami Heat (UNDERRATED),2º cuarto,21,20,12/08/2026 22:15:00,97,moneyline_1x2,,Brooklyn Nets (MARINE),1.5,False
2026-08-12T22:24:52.650251+00:00,13673685774,GG League - 4x5 Min de juego,True,Brooklyn Nets,MARINE,Miami Heat,UNDERRATED,Brooklyn Nets (MARINE),Miami Heat (UNDERRATED),2º cuarto,21,20,12/08/2026 22:15:00,97,moneyline_1x2,,Miami Heat (UNDERRATED),2.35,False
2026-08-12T22:24:52.650251+00:00,13673685424,GG League - 4x5 Min de juego,False,Los Angeles Lakers,AIRFORCE,Oklahoma City Thunder,CYPHER,Los Angeles Lakers (AIRFORCE),Oklahoma City Thunder (CYPHER),,,,12/08/2026 22:51:00,97,moneyline_1x2,,Los Angeles Lakers (AIRFORCE),1.5,False
2026-08-12T22:24:52.650251+00:00,13673685424,GG League - 4x5 Min de juego,False,Los Angeles Lakers,AIRFORCE,Oklahoma City Thunder,CYPHER,Los Angeles Lakers (AIRFORCE),Oklahoma City Thunder (CYPHER),,,,12/08/2026 22:51:00,97,moneyline_1x2,,Oklahoma City Thunder (CYPHER),2.3,False
2026-08-12T22:24:52.650251+00:00,13673685778,GG League - 4x5 Min de juego,False,Los Angeles Lakers,SIGNAL,New York Knicks,PATIENCE,Los Angeles Lakers (SIGNAL),New York Knicks (PATIENCE),,,,12/08/2026 23:35:00,97,moneyline_1x2,,Los Angeles Lakers (SIGNAL),2.35,False
2026-08-12T22:24:52.650251+00:00,13673685778,GG League - 4x5 Min de juego,False,Los Angeles Lakers,SIGNAL,New York Knicks,PATIENCE,Los Angeles Lakers (SIGNAL),New York Knicks (PATIENCE),,,,12/08/2026 23:35:00,97,moneyline_1x2,,New York Knicks (PATIENCE),1.5,False
2026-08-12T22:24:52.650251+00:00,13673685775,GG League - 4x5 Min de juego,True,Miami Heat,MYTH,Toronto Raptors,CYPHER,Miami Heat (MYTH),Toronto Raptors (CYPHER),1º cuarto,14,13,12/08/2026 22:19:00,97,moneyline_1x2,,Miami Heat (MYTH),1.9,False
2026-08-12T22:24:52.650251+00:00,13673685775,GG League - 4x5 Min de juego,True,Miami Heat,MYTH,Toronto Raptors,CYPHER,Miami Heat (MYTH),Toronto Raptors (CYPHER),1º cuarto,14,13,12/08/2026 22:19:00,97,moneyline_1x2,,Toronto Raptors (CYPHER),1.75,False
2026-08-12T22:24:52.650251+00:00,13673684118,GG League - 4x5 Min de juego,False,Chicago Bulls,OREZ,Miami Heat,UNDERRATED,Chicago Bulls (OREZ),Miami Heat (UNDERRATED),,,,12/08/2026 22:47:00,97,moneyline_1x2,,Chicago Bulls (OREZ),2.15,False
2026-08-12T22:24:52.650251+00:00,13673684118,GG League - 4x5 Min de juego,False,Chicago Bulls,OREZ,Miami Heat,UNDERRATED,Chicago Bulls (OREZ),Miami Heat (UNDERRATED),,,,12/08/2026 22:47:00,97,moneyline_1x2,,Miami Heat (UNDERRATED),1.57,False
2026-08-12T22:24:52.650251+00:00,13673685777,GG League - 4x5 Min de juego,False,Los Angeles Lakers,SIGNAL,Oklahoma City Thunder,AZURE,Los Angeles Lakers (SIGNAL),Oklahoma City Thunder (AZURE),,,,12/08/2026 22:31:00,97,moneyline_1x2,,Los Angeles Lakers (SIGNAL),1.62,False
2026-08-12T22:24:52.650251+00:00,13673685777,GG League - 4x5 Min de juego,False,Los Angeles Lakers,SIGNAL,Oklahoma City Thunder,AZURE,Los Angeles Lakers (SIGNAL),Oklahoma City Thunder (AZURE),,,,12/08/2026 22:31:00,97,moneyline_1x2,,Oklahoma City Thunder (AZURE),2.05,False
2026-08-12T22:24:52.650251+00:00,13673684715,GG League - 4x5 Min de juego,False,Brooklyn Nets,MARINE,Toronto Raptors,SPARKZ,Brooklyn Nets (MARINE),Toronto Raptors (SPARKZ),,,,12/08/2026 23:19:00,97,moneyline_1x2,,Brooklyn Nets (MARINE),2.3,False
2026-08-12T22:24:52.650251+00:00,13673684715,GG League - 4x5 Min de juego,False,Brooklyn Nets,MARINE,Toronto Raptors,SPARKZ,Brooklyn Nets (MARINE),Toronto Raptors (SPARKZ),,,,12/08/2026 23:19:00,97,moneyline_1x2,,Toronto Raptors (SPARKZ),1.5,False
2026-08-12T22:24:52.650251+00:00,13673685379,GG League - 4x5 Min de juego,True,New York Knicks,JACKAL,Oklahoma City Thunder,CALAMITY,New York Knicks (JACKAL),Oklahoma City Thunder (CALAMITY),3º Cuarto,31,28,12/08/2026 22:11:00,97,moneyline_1x2,,New York Knicks (JACKAL),1.5,False
2026-08-12T22:24:52.650251+00:00,13673685379,GG League - 4x5 Min de juego,True,New York Knicks,JACKAL,Oklahoma City Thunder,CALAMITY,New York Knicks (JACKAL),Oklahoma City Thunder (CALAMITY),3º Cuarto,31,28,12/08/2026 22:11:00,97,moneyline_1x2,,Oklahoma City Thunder (CALAMITY),2.3,False
2026-08-12T22:24:52.650251+00:00,13673685429,GG League - 4x5 Min de juego,False,New York Knicks,RADIANT,Los Angeles Lakers,ADMIRAL,New York Knicks (RADIANT),Los Angeles Lakers (ADMIRAL),,,,12/08/2026 23:31:00,97,moneyline_1x2,,New York Knicks (RADIANT),1.43,False
2026-08-12T22:24:52.650251+00:00,13673685429,GG League - 4x5 Min de juego,False,New York Knicks,RADIANT,Los Angeles Lakers,ADMIRAL,New York Knicks (RADIANT),Los Angeles Lakers (ADMIRAL),,,,12/08/2026 23:31:00,97,moneyline_1x2,,Los Angeles Lakers (ADMIRAL),2.5,False
2026-08-12T22:24:52.650251+00:00,13673684119,GG League - 4x5 Min de juego,False,Dallas Mavericks,JUGGERNAUT,Charlotte Hornets,GENERAL,Dallas Mavericks (JUGGERNAUT),Charlotte Hornets (GENERAL),,,,12/08/2026 22:55:00,97,moneyline_1x2,,Dallas Mavericks (JUGGERNAUT),1.55,False
2026-08-12T22:24:52.650251+00:00,13673684119,GG League - 4x5 Min de juego,False,Dallas Mavericks,JUGGERNAUT,Charlotte Hornets,GENERAL,Dallas Mavericks (JUGGERNAUT),Charlotte Hornets (GENERAL),,,,12/08/2026 22:55:00,97,moneyline_1x2,,Charlotte Hornets (GENERAL),2.2,False
2026-08-12T22:24:52.650251+00:00,13673684716,GG League - 4x5 Min de juego,False,Miami Heat,MYTH,Brooklyn Nets,KARMA,Miami Heat (MYTH),Brooklyn Nets (KARMA),,,,12/08/2026 23:23:00,97,moneyline_1x2,,Miami Heat (MYTH),2.15,False
2026-08-12T22:24:52.650251+00:00,13673684716,GG League - 4x5 Min de juego,False,Miami Heat,MYTH,Brooklyn Nets,KARMA,Miami Heat (MYTH),Brooklyn Nets (KARMA),,,,12/08/2026 23:23:00,97,moneyline_1x2,,Brooklyn Nets (KARMA),1.57,False
2026-08-12T22:24:52.650251+00:00,13673685420,GG League - 4x5 Min de juego,False,Los Angeles Lakers,ADMIRAL,New York Knicks,RADIANT,Los Angeles Lakers (ADMIRAL),New York Knicks (RADIANT),,,,12/08/2026 22:27:00,97,moneyline_1x2,,Los Angeles Lakers (ADMIRAL),2.4,False
2026-08-12T22:24:52.650251+00:00,13673685420,GG League - 4x5 Min de juego,False,Los Angeles Lakers,ADMIRAL,New York Knicks,RADIANT,Los Angeles Lakers (ADMIRAL),New York Knicks (RADIANT),,,,12/08/2026 22:27:00,97,moneyline_1x2,,New York Knicks (RADIANT),1.45,False
2026-08-12T22:24:52.650251+00:00,13673685718,GG League - 4x5 Min de juego,False,New York Knicks,JACKAL,Boston Celtics,HUNCHO,New York Knicks (JACKAL),Boston Celtics (HUNCHO),,,,12/08/2026 23:15:00,97,moneyline_1x2,,New York Knicks (JACKAL),1.62,False
2026-08-12T22:24:52.650251+00:00,13673685718,GG League - 4x5 Min de juego,False,New York Knicks,JACKAL,Boston Celtics,HUNCHO,New York Knicks (JACKAL),Boston Celtics (HUNCHO),,,,12/08/2026 23:15:00,97,moneyline_1x2,,Boston Celtics (HUNCHO),2.05,False
2026-08-12T22:24:52.650251+00:00,13673685422,GG League - 4x5 Min de juego,False,Los Angeles Lakers,CURSE,Oklahoma City Thunder,CALAMITY,Los Angeles Lakers (CURSE),Oklahoma City Thunder (CALAMITY),,,,12/08/2026 22:43:00,97,moneyline_1x2,,Los Angeles Lakers (CURSE),1.55,False
2026-08-12T22:24:52.650251+00:00,13673685422,GG League - 4x5 Min de juego,False,Los Angeles Lakers,CURSE,Oklahoma City Thunder,CALAMITY,Los Angeles Lakers (CURSE),Oklahoma City Thunder (CALAMITY),,,,12/08/2026 22:43:00,97,moneyline_1x2,,Oklahoma City Thunder (CALAMITY),2.2,False
2026-08-12T22:26:54.981934+00:00,13673684350,GG League - 4x5 Min de juego,False,Memphis Grizzlies,PHARAOH,Cleveland Cavaliers,AZURE,Memphis Grizzlies (PHARAOH),Cleveland Cavaliers (AZURE),,,,12/08/2026 23:03:00,97,moneyline_1x2,,Memphis Grizzlies (PHARAOH),2.6,False
2026-08-12T22:26:54.981934+00:00,13673684350,GG League - 4x5 Min de juego,False,Memphis Grizzlies,PHARAOH,Cleveland Cavaliers,AZURE,Memphis Grizzlies (PHARAOH),Cleveland Cavaliers (AZURE),,,,12/08/2026 23:03:00,97,moneyline_1x2,,Cleveland Cavaliers (AZURE),1.4,False
2026-08-12T22:26:54.981934+00:00,13673684349,GG League - 4x5 Min de juego,False,Charlotte Hornets,STING,Denver Nuggets,ADMIRAL,Charlotte Hornets (STING),Denver Nuggets (ADMIRAL),,,,12/08/2026 22:59:00,97,moneyline_1x2,,Charlotte Hornets (STING),1.5,False
2026-08-12T22:26:54.981934+00:00,13673684349,GG League - 4x5 Min de juego,False,Charlotte Hornets,STING,Denver Nuggets,ADMIRAL,Charlotte Hornets (STING),Denver Nuggets (ADMIRAL),,,,12/08/2026 22:59:00,97,moneyline_1x2,,Denver Nuggets (ADMIRAL),2.35,False
2026-08-12T22:26:54.981934+00:00,13673683915,GG League - 4x5 Min de juego,True,Cleveland Cavaliers,DAGGER,Milwaukee Bucks,GENERAL,Cleveland Cavaliers (DAGGER),Milwaukee Bucks (GENERAL),1º cuarto,13,7,12/08/2026 22:23:00,97,moneyline_1x2,,Cleveland Cavaliers (DAGGER),1.22,False
2026-08-12T22:26:54.981934+00:00,13673683915,GG League - 4x5 Min de juego,True,Cleveland Cavaliers,DAGGER,Milwaukee Bucks,GENERAL,Cleveland Cavaliers (DAGGER),Milwaukee Bucks (GENERAL),1º cuarto,13,7,12/08/2026 22:23:00,97,moneyline_1x2,,Milwaukee Bucks (GENERAL),3.45,False
2026-08-12T22:26:54.981934+00:00,13673685774,GG League - 4x5 Min de juego,True,Brooklyn Nets,MARINE,Miami Heat,UNDERRATED,Brooklyn Nets (MARINE),Miami Heat (UNDERRATED),2º cuarto,23,22,12/08/2026 22:15:00,97,moneyline_1x2,,Brooklyn Nets (MARINE),1.5,False
2026-08-12T22:26:54.981934+00:00,13673685774,GG League - 4x5 Min de juego,True,Brooklyn Nets,MARINE,Miami Heat,UNDERRATED,Brooklyn Nets (MARINE),Miami Heat (UNDERRATED),2º cuarto,23,22,12/08/2026 22:15:00,97,moneyline_1x2,,Miami Heat (UNDERRATED),2.3,False
2026-08-12T22:26:54.981934+00:00,13673685424,GG League - 4x5 Min de juego,False,Los Angeles Lakers,AIRFORCE,Oklahoma City Thunder,CYPHER,Los Angeles Lakers (AIRFORCE),Oklahoma City Thunder (CYPHER),,,,12/08/2026 22:51:00,97,moneyline_1x2,,Los Angeles Lakers (AIRFORCE),1.5,False
2026-08-12T22:26:54.981934+00:00,13673685424,GG League - 4x5 Min de juego,False,Los Angeles Lakers,AIRFORCE,Oklahoma City Thunder,CYPHER,Los Angeles Lakers (AIRFORCE),Oklahoma City Thunder (CYPHER),,,,12/08/2026 22:51:00,97,moneyline_1x2,,Oklahoma City Thunder (CYPHER),2.3,False
2026-08-12T22:26:54.981934+00:00,13673685778,GG League - 4x5 Min de juego,False,Los Angeles Lakers,SIGNAL,New York Knicks,PATIENCE,Los Angeles Lakers (SIGNAL),New York Knicks (PATIENCE),,,,12/08/2026 23:35:00,97,moneyline_1x2,,Los Angeles Lakers (SIGNAL),2.35,False
2026-08-12T22:26:54.981934+00:00,13673685778,GG League - 4x5 Min de juego,False,Los Angeles Lakers,SIGNAL,New York Knicks,PATIENCE,Los Angeles Lakers (SIGNAL),New York Knicks (PATIENCE),,,,12/08/2026 23:35:00,97,moneyline_1x2,,New York Knicks (PATIENCE),1.5,False
2026-08-12T22:26:54.981934+00:00,13673685775,GG League - 4x5 Min de juego,True,Miami Heat,MYTH,Toronto Raptors,CYPHER,Miami Heat (MYTH),Toronto Raptors (CYPHER),2º cuarto,14,15,12/08/2026 22:19:00,97,moneyline_1x2,,Miami Heat (MYTH),2.3,False
2026-08-12T22:26:54.981934+00:00,13673685775,GG League - 4x5 Min de juego,True,Miami Heat,MYTH,Toronto Raptors,CYPHER,Miami Heat (MYTH),Toronto Raptors (CYPHER),2º cuarto,14,15,12/08/2026 22:19:00,97,moneyline_1x2,,Toronto Raptors (CYPHER),1.5,False
2026-08-12T22:26:54.981934+00:00,13673684118,GG League - 4x5 Min de juego,False,Chicago Bulls,OREZ,Miami Heat,UNDERRATED,Chicago Bulls (OREZ),Miami Heat (UNDERRATED),,,,12/08/2026 22:47:00,97,moneyline_1x2,,Chicago Bulls (OREZ),2.15,False
2026-08-12T22:26:54.981934+00:00,13673684118,GG League - 4x5 Min de juego,False,Chicago Bulls,OREZ,Miami Heat,UNDERRATED,Chicago Bulls (OREZ),Miami Heat (UNDERRATED),,,,12/08/2026 22:47:00,97,moneyline_1x2,,Miami Heat (UNDERRATED),1.57,False
2026-08-12T22:26:54.981934+00:00,13673685777,GG League - 4x5 Min de juego,False,Los Angeles Lakers,SIGNAL,Oklahoma City Thunder,AZURE,Los Angeles Lakers (SIGNAL),Oklahoma City Thunder (AZURE),,,,12/08/2026 22:31:00,97,moneyline_1x2,,Los Angeles Lakers (SIGNAL),1.62,False
2026-08-12T22:26:54.981934+00:00,13673685777,GG League - 4x5 Min de juego,False,Los Angeles Lakers,SIGNAL,Oklahoma City Thunder,AZURE,Los Angeles Lakers (SIGNAL),Oklahoma City Thunder (AZURE),,,,12/08/2026 22:31:00,97,moneyline_1x2,,Oklahoma City Thunder (AZURE),2.05,False
2026-08-12T22:26:54.981934+00:00,13673684715,GG League - 4x5 Min de juego,False,Brooklyn Nets,MARINE,Toronto Raptors,SPARKZ,Brooklyn Nets (MARINE),Toronto Raptors (SPARKZ),,,,12/08/2026 23:19:00,97,moneyline_1x2,,Brooklyn Nets (MARINE),2.3,False
2026-08-12T22:26:54.981934+00:00,13673684715,GG League - 4x5 Min de juego,False,Brooklyn Nets,MARINE,Toronto Raptors,SPARKZ,Brooklyn Nets (MARINE),Toronto Raptors (SPARKZ),,,,12/08/2026 23:19:00,97,moneyline_1x2,,Toronto Raptors (SPARKZ),1.5,False
2026-08-12T22:26:54.981934+00:00,13673685379,GG League - 4x5 Min de juego,True,New York Knicks,JACKAL,Oklahoma City Thunder,CALAMITY,New York Knicks (JACKAL),Oklahoma City Thunder (CALAMITY),3º Cuarto,33,28,12/08/2026 22:11:00,97,moneyline_1x2,,New York Knicks (JACKAL),1.3,False
2026-08-12T22:26:54.981934+00:00,13673685379,GG League - 4x5 Min de juego,True,New York Knicks,JACKAL,Oklahoma City Thunder,CALAMITY,New York Knicks (JACKAL),Oklahoma City Thunder (CALAMITY),3º Cuarto,33,28,12/08/2026 22:11:00,97,moneyline_1x2,,Oklahoma City Thunder (CALAMITY),3.0,False
2026-08-12T22:26:54.981934+00:00,13673685429,GG League - 4x5 Min de juego,False,New York Knicks,RADIANT,Los Angeles Lakers,ADMIRAL,New York Knicks (RADIANT),Los Angeles Lakers (ADMIRAL),,,,12/08/2026 23:31:00,97,moneyline_1x2,,New York Knicks (RADIANT),1.43,False
2026-08-12T22:26:54.981934+00:00,13673685429,GG League - 4x5 Min de juego,False,New York Knicks,RADIANT,Los Angeles Lakers,ADMIRAL,New York Knicks (RADIANT),Los Angeles Lakers (ADMIRAL),,,,12/08/2026 23:31:00,97,moneyline_1x2,,Los Angeles Lakers (ADMIRAL),2.5,False
2026-08-12T22:26:54.981934+00:00,13673684119,GG League - 4x5 Min de juego,False,Dallas Mavericks,JUGGERNAUT,Charlotte Hornets,GENERAL,Dallas Mavericks (JUGGERNAUT),Charlotte Hornets (GENERAL),,,,12/08/2026 22:55:00,97,moneyline_1x2,,Dallas Mavericks (JUGGERNAUT),1.55,False
2026-08-12T22:26:54.981934+00:00,13673684119,GG League - 4x5 Min de juego,False,Dallas Mavericks,JUGGERNAUT,Charlotte Hornets,GENERAL,Dallas Mavericks (JUGGERNAUT),Charlotte Hornets (GENERAL),,,,12/08/2026 22:55:00,97,moneyline_1x2,,Charlotte Hornets (GENERAL),2.2,False
2026-08-12T22:26:54.981934+00:00,13673684716,GG League - 4x5 Min de juego,False,Miami Heat,MYTH,Brooklyn Nets,KARMA,Miami Heat (MYTH),Brooklyn Nets (KARMA),,,,12/08/2026 23:23:00,97,moneyline_1x2,,Miami Heat (MYTH),2.15,False
2026-08-12T22:26:54.981934+00:00,13673684716,GG League - 4x5 Min de juego,False,Miami Heat,MYTH,Brooklyn Nets,KARMA,Miami Heat (MYTH),Brooklyn Nets (KARMA),,,,12/08/2026 23:23:00,97,moneyline_1x2,,Brooklyn Nets (KARMA),1.57,False
2026-08-12T22:26:54.981934+00:00,13673685420,GG League - 4x5 Min de juego,False,Los Angeles Lakers,ADMIRAL,New York Knicks,RADIANT,Los Angeles Lakers (ADMIRAL),New York Knicks (RADIANT),,,,12/08/2026 22:27:00,97,moneyline_1x2,,Los Angeles Lakers (ADMIRAL),2.4,False
2026-08-12T22:26:54.981934+00:00,13673685420,GG League - 4x5 Min de juego,False,Los Angeles Lakers,ADMIRAL,New York Knicks,RADIANT,Los Angeles Lakers (ADMIRAL),New York Knicks (RADIANT),,,,12/08/2026 22:27:00,97,moneyline_1x2,,New York Knicks (RADIANT),1.45,False
2026-08-12T22:26:54.981934+00:00,13673685718,GG League - 4x5 Min de juego,False,New York Knicks,JACKAL,Boston Celtics,HUNCHO,New York Knicks (JACKAL),Boston Celtics (HUNCHO),,,,12/08/2026 23:15:00,97,moneyline_1x2,,New York Knicks (JACKAL),1.62,False
2026-08-12T22:26:54.981934+00:00,13673685718,GG League - 4x5 Min de juego,False,New York Knicks,JACKAL,Boston Celtics,HUNCHO,New York Knicks (JACKAL),Boston Celtics (HUNCHO),,,,12/08/2026 23:15:00,97,moneyline_1x2,,Boston Celtics (HUNCHO),2.05,False
2026-08-12T22:26:54.981934+00:00,13673685422,GG League - 4x5 Min de juego,False,Los Angeles Lakers,CURSE,Oklahoma City Thunder,CALAMITY,Los Angeles Lakers (CURSE),Oklahoma City Thunder (CALAMITY),,,,12/08/2026 22:43:00,97,moneyline_1x2,,Los Angeles Lakers (CURSE),1.55,False
2026-08-12T22:26:54.981934+00:00,13673685422,GG League - 4x5 Min de juego,False,Los Angeles Lakers,CURSE,Oklahoma City Thunder,CALAMITY,Los Angeles Lakers (CURSE),Oklahoma City Thunder (CALAMITY),,,,12/08/2026 22:43:00,97,moneyline_1x2,,Oklahoma City Thunder (CALAMITY),2.2,False
2026-08-12T22:28:45.787305+00:00,13673684350,GG League - 4x5 Min de juego,False,Memphis Grizzlies,PHARAOH,Cleveland Cavaliers,AZURE,Memphis Grizzlies (PHARAOH),Cleveland Cavaliers (AZURE),,,,12/08/2026 23:03:00,97,moneyline_1x2,,Memphis Grizzlies (PHARAOH),2.6,False
2026-08-12T22:28:45.787305+00:00,13673684350,GG League - 4x5 Min de juego,False,Memphis Grizzlies,PHARAOH,Cleveland Cavaliers,AZURE,Memphis Grizzlies (PHARAOH),Cleveland Cavaliers (AZURE),,,,12/08/2026 23:03:00,97,moneyline_1x2,,Cleveland Cavaliers (AZURE),1.4,False
2026-08-12T22:28:45.787305+00:00,13673684349,GG League - 4x5 Min de juego,False,Charlotte Hornets,STING,Denver Nuggets,ADMIRAL,Charlotte Hornets (STING),Denver Nuggets (ADMIRAL),,,,12/08/2026 22:59:00,97,moneyline_1x2,,Charlotte Hornets (STING),1.5,False
2026-08-12T22:28:45.787305+00:00,13673684349,GG League - 4x5 Min de juego,False,Charlotte Hornets,STING,Denver Nuggets,ADMIRAL,Charlotte Hornets (STING),Denver Nuggets (ADMIRAL),,,,12/08/2026 22:59:00,97,moneyline_1x2,,Denver Nuggets (ADMIRAL),2.35,False
2026-08-12T22:28:45.787305+00:00,13673683915,GG League - 4x5 Min de juego,True,Cleveland Cavaliers,DAGGER,Milwaukee Bucks,GENERAL,Cleveland Cavaliers (DAGGER),Milwaukee Bucks (GENERAL),1º cuarto,18,10,12/08/2026 22:23:00,97,moneyline_1x2,,Cleveland Cavaliers (DAGGER),1.15,False
2026-08-12T22:28:45.787305+00:00,13673683915,GG League - 4x5 Min de juego,True,Cleveland Cavaliers,DAGGER,Milwaukee Bucks,GENERAL,Cleveland Cavaliers (DAGGER),Milwaukee Bucks (GENERAL),1º cuarto,18,10,12/08/2026 22:23:00,97,moneyline_1x2,,Milwaukee Bucks (GENERAL),4.3,False
2026-08-12T22:28:45.787305+00:00,13673685774,GG League - 4x5 Min de juego,True,Brooklyn Nets,MARINE,Miami Heat,UNDERRATED,Brooklyn Nets (MARINE),Miami Heat (UNDERRATED),3º Cuarto,28,27,12/08/2026 22:15:00,97,moneyline_1x2,,Brooklyn Nets (MARINE),1.5,False
2026-08-12T22:28:45.787305+00:00,13673685774,GG League - 4x5 Min de juego,True,Brooklyn Nets,MARINE,Miami Heat,UNDERRATED,Brooklyn Nets (MARINE),Miami Heat (UNDERRATED),3º Cuarto,28,27,12/08/2026 22:15:00,97,moneyline_1x2,,Miami Heat (UNDERRATED),2.35,False
2026-08-12T22:28:45.787305+00:00,13673685424,GG League - 4x5 Min de juego,False,Los Angeles Lakers,AIRFORCE,Oklahoma City Thunder,CYPHER,Los Angeles Lakers (AIRFORCE),Oklahoma City Thunder (CYPHER),,,,12/08/2026 22:51:00,97,moneyline_1x2,,Los Angeles Lakers (AIRFORCE),1.5,False
2026-08-12T22:28:45.787305+00:00,13673685424,GG League - 4x5 Min de juego,False,Los Angeles Lakers,AIRFORCE,Oklahoma City Thunder,CYPHER,Los Angeles Lakers (AIRFORCE),Oklahoma City Thunder (CYPHER),,,,12/08/2026 22:51:00,97,moneyline_1x2,,Oklahoma City Thunder (CYPHER),2.3,False
2026-08-12T22:28:45.787305+00:00,13673685778,GG League - 4x5 Min de juego,False,Los Angeles Lakers,SIGNAL,New York Knicks,PATIENCE,Los Angeles Lakers (SIGNAL),New York Knicks (PATIENCE),,,,12/08/2026 23:35:00,97,moneyline_1x2,,Los Angeles Lakers (SIGNAL),2.35,False
2026-08-12T22:28:45.787305+00:00,13673685778,GG League - 4x5 Min de juego,False,Los Angeles Lakers,SIGNAL,New York Knicks,PATIENCE,Los Angeles Lakers (SIGNAL),New York Knicks (PATIENCE),,,,12/08/2026 23:35:00,97,moneyline_1x2,,New York Knicks (PATIENCE),1.5,False
2026-08-12T22:28:45.787305+00:00,13673685775,GG League - 4x5 Min de juego,True,Miami Heat,MYTH,Toronto Raptors,CYPHER,Miami Heat (MYTH),Toronto Raptors (CYPHER),2º cuarto,17,18,12/08/2026 22:19:00,97,moneyline_1x2,,Miami Heat (MYTH),2.3,False
2026-08-12T22:28:45.787305+00:00,13673685775,GG League - 4x5 Min de juego,True,Miami Heat,MYTH,Toronto Raptors,CYPHER,Miami Heat (MYTH),Toronto Raptors (CYPHER),2º cuarto,17,18,12/08/2026 22:19:00,97,moneyline_1x2,,Toronto Raptors (CYPHER),1.5,False
2026-08-12T22:28:45.787305+00:00,13673684118,GG League - 4x5 Min de juego,False,Chicago Bulls,OREZ,Miami Heat,UNDERRATED,Chicago Bulls (OREZ),Miami Heat (UNDERRATED),,,,12/08/2026 22:47:00,97,moneyline_1x2,,Chicago Bulls (OREZ),2.15,False
2026-08-12T22:28:45.787305+00:00,13673684118,GG League - 4x5 Min de juego,False,Chicago Bulls,OREZ,Miami Heat,UNDERRATED,Chicago Bulls (OREZ),Miami Heat (UNDERRATED),,,,12/08/2026 22:47:00,97,moneyline_1x2,,Miami Heat (UNDERRATED),1.57,False
2026-08-12T22:28:45.787305+00:00,13673685777,GG League - 4x5 Min de juego,False,Los Angeles Lakers,SIGNAL,Oklahoma City Thunder,AZURE,Los Angeles Lakers (SIGNAL),Oklahoma City Thunder (AZURE),,,,12/08/2026 22:31:00,97,moneyline_1x2,,Los Angeles Lakers (SIGNAL),1.62,False
2026-08-12T22:28:45.787305+00:00,13673685777,GG League - 4x5 Min de juego,False,Los Angeles Lakers,SIGNAL,Oklahoma City Thunder,AZURE,Los Angeles Lakers (SIGNAL),Oklahoma City Thunder (AZURE),,,,12/08/2026 22:31:00,97,moneyline_1x2,,Oklahoma City Thunder (AZURE),2.05,False
2026-08-12T22:28:45.787305+00:00,13673684715,GG League - 4x5 Min de juego,False,Brooklyn Nets,MARINE,Toronto Raptors,SPARKZ,Brooklyn Nets (MARINE),Toronto Raptors (SPARKZ),,,,12/08/2026 23:19:00,97,moneyline_1x2,,Brooklyn Nets (MARINE),2.3,False
2026-08-12T22:28:45.787305+00:00,13673684715,GG League - 4x5 Min de juego,False,Brooklyn Nets,MARINE,Toronto Raptors,SPARKZ,Brooklyn Nets (MARINE),Toronto Raptors (SPARKZ),,,,12/08/2026 23:19:00,97,moneyline_1x2,,Toronto Raptors (SPARKZ),1.5,False
2026-08-12T22:28:45.787305+00:00,13673685379,GG League - 4x5 Min de juego,True,New York Knicks,JACKAL,Oklahoma City Thunder,CALAMITY,New York Knicks (JACKAL),Oklahoma City Thunder (CALAMITY),3º Cuarto,39,33,12/08/2026 22:11:00,97,moneyline_1x2,,New York Knicks (JACKAL),1.19,False
2026-08-12T22:28:45.787305+00:00,13673685379,GG League - 4x5 Min de juego,True,New York Knicks,JACKAL,Oklahoma City Thunder,CALAMITY,New York Knicks (JACKAL),Oklahoma City Thunder (CALAMITY),3º Cuarto,39,33,12/08/2026 22:11:00,97,moneyline_1x2,,Oklahoma City Thunder (CALAMITY),3.9,False
2026-08-12T22:28:45.787305+00:00,13673685429,GG League - 4x5 Min de juego,False,New York Knicks,RADIANT,Los Angeles Lakers,ADMIRAL,New York Knicks (RADIANT),Los Angeles Lakers (ADMIRAL),,,,12/08/2026 23:31:00,97,moneyline_1x2,,New York Knicks (RADIANT),1.43,False
2026-08-12T22:28:45.787305+00:00,13673685429,GG League - 4x5 Min de juego,False,New York Knicks,RADIANT,Los Angeles Lakers,ADMIRAL,New York Knicks (RADIANT),Los Angeles Lakers (ADMIRAL),,,,12/08/2026 23:31:00,97,moneyline_1x2,,Los Angeles Lakers (ADMIRAL),2.5,False
2026-08-12T22:28:45.787305+00:00,13673684119,GG League - 4x5 Min de juego,False,Dallas Mavericks,JUGGERNAUT,Charlotte Hornets,GENERAL,Dallas Mavericks (JUGGERNAUT),Charlotte Hornets (GENERAL),,,,12/08/2026 22:55:00,97,moneyline_1x2,,Dallas Mavericks (JUGGERNAUT),1.55,False
2026-08-12T22:28:45.787305+00:00,13673684119,GG League - 4x5 Min de juego,False,Dallas Mavericks,JUGGERNAUT,Charlotte Hornets,GENERAL,Dallas Mavericks (JUGGERNAUT),Charlotte Hornets (GENERAL),,,,12/08/2026 22:55:00,97,moneyline_1x2,,Charlotte Hornets (GENERAL),2.2,False
2026-08-12T22:28:45.787305+00:00,13673684716,GG League - 4x5 Min de juego,False,Miami Heat,MYTH,Brooklyn Nets,KARMA,Miami Heat (MYTH),Brooklyn Nets (KARMA),,,,12/08/2026 23:23:00,97,moneyline_1x2,,Miami Heat (MYTH),2.15,False
2026-08-12T22:28:45.787305+00:00,13673684716,GG League - 4x5 Min de juego,False,Miami Heat,MYTH,Brooklyn Nets,KARMA,Miami Heat (MYTH),Brooklyn Nets (KARMA),,,,12/08/2026 23:23:00,97,moneyline_1x2,,Brooklyn Nets (KARMA),1.57,False
2026-08-12T22:28:45.787305+00:00,13673685420,GG League - 4x5 Min de juego,True,Los Angeles Lakers,ADMIRAL,New York Knicks,RADIANT,Los Angeles Lakers (ADMIRAL),New York Knicks (RADIANT),1º cuarto,2,4,12/08/2026 22:27:00,97,moneyline_1x2,,Los Angeles Lakers (ADMIRAL),2.8,False
2026-08-12T22:28:45.787305+00:00,13673685420,GG League - 4x5 Min de juego,True,Los Angeles Lakers,ADMIRAL,New York Knicks,RADIANT,Los Angeles Lakers (ADMIRAL),New York Knicks (RADIANT),1º cuarto,2,4,12/08/2026 22:27:00,97,moneyline_1x2,,New York Knicks (RADIANT),1.35,False
2026-08-12T22:28:45.787305+00:00,13673685718,GG League - 4x5 Min de juego,False,New York Knicks,JACKAL,Boston Celtics,HUNCHO,New York Knicks (JACKAL),Boston Celtics (HUNCHO),,,,12/08/2026 23:15:00,97,moneyline_1x2,,New York Knicks (JACKAL),1.62,False
2026-08-12T22:28:45.787305+00:00,13673685718,GG League - 4x5 Min de juego,False,New York Knicks,JACKAL,Boston Celtics,HUNCHO,New York Knicks (JACKAL),Boston Celtics (HUNCHO),,,,12/08/2026 23:15:00,97,moneyline_1x2,,Boston Celtics (HUNCHO),2.05,False
2026-08-12T22:28:45.787305+00:00,13673685422,GG League - 4x5 Min de juego,False,Los Angeles Lakers,CURSE,Oklahoma City Thunder,CALAMITY,Los Angeles Lakers (CURSE),Oklahoma City Thunder (CALAMITY),,,,12/08/2026 22:43:00,97,moneyline_1x2,,Los Angeles Lakers (CURSE),1.55,False
2026-08-12T22:28:45.787305+00:00,13673685422,GG League - 4x5 Min de juego,False,Los Angeles Lakers,CURSE,Oklahoma City Thunder,CALAMITY,Los Angeles Lakers (CURSE),Oklahoma City Thunder (CALAMITY),,,,12/08/2026 22:43:00,97,moneyline_1x2,,Oklahoma City Thunder (CALAMITY),2.2,False
2026-08-12T22:31:18.740467+00:00,13673684350,GG League - 4x5 Min de juego,False,Memphis Grizzlies,PHARAOH,Cleveland Cavaliers,AZURE,Memphis Grizzlies (PHARAOH),Cleveland Cavaliers (AZURE),,,,12/08/2026 23:03:00,97,moneyline_1x2,,Memphis Grizzlies (PHARAOH),2.6,False
2026-08-12T22:31:18.740467+00:00,13673684350,GG League - 4x5 Min de juego,False,Memphis Grizzlies,PHARAOH,Cleveland Cavaliers,AZURE,Memphis Grizzlies (PHARAOH),Cleveland Cavaliers (AZURE),,,,12/08/2026 23:03:00,97,moneyline_1x2,,Cleveland Cavaliers (AZURE),1.4,False
2026-08-12T22:31:18.740467+00:00,13673684349,GG League - 4x5 Min de juego,False,Charlotte Hornets,STING,Denver Nuggets,ADMIRAL,Charlotte Hornets (STING),Denver Nuggets (ADMIRAL),,,,12/08/2026 22:59:00,97,moneyline_1x2,,Charlotte Hornets (STING),1.5,False
2026-08-12T22:31:18.740467+00:00,13673684349,GG League - 4x5 Min de juego,False,Charlotte Hornets,STING,Denver Nuggets,ADMIRAL,Charlotte Hornets (STING),Denver Nuggets (ADMIRAL),,,,12/08/2026 22:59:00,97,moneyline_1x2,,Denver Nuggets (ADMIRAL),2.35,False
2026-08-12T22:31:18.740467+00:00,13673683915,GG League - 4x5 Min de juego,True,Cleveland Cavaliers,DAGGER,Milwaukee Bucks,GENERAL,Cleveland Cavaliers (DAGGER),Milwaukee Bucks (GENERAL),2º cuarto,21,14,12/08/2026 22:23:00,97,moneyline_1x2,,Cleveland Cavaliers (DAGGER),1.25,False
2026-08-12T22:31:18.740467+00:00,13673683915,GG League - 4x5 Min de juego,True,Cleveland Cavaliers,DAGGER,Milwaukee Bucks,GENERAL,Cleveland Cavaliers (DAGGER),Milwaukee Bucks (GENERAL),2º cuarto,21,14,12/08/2026 22:23:00,97,moneyline_1x2,,Milwaukee Bucks (GENERAL),3.3,False
2026-08-12T22:31:18.740467+00:00,13673685774,GG League - 4x5 Min de juego,True,Brooklyn Nets,MARINE,Miami Heat,UNDERRATED,Brooklyn Nets (MARINE),Miami Heat (UNDERRATED),3º Cuarto,39,32,12/08/2026 22:15:00,97,moneyline_1x2,,Brooklyn Nets (MARINE),1.09,False
2026-08-12T22:31:18.740467+00:00,13673685774,GG League - 4x5 Min de juego,True,Brooklyn Nets,MARINE,Miami Heat,UNDERRATED,Brooklyn Nets (MARINE),Miami Heat (UNDERRATED),3º Cuarto,39,32,12/08/2026 22:15:00,97,moneyline_1x2,,Miami Heat (UNDERRATED),5.5,False
2026-08-12T22:31:18.740467+00:00,13673685424,GG League - 4x5 Min de juego,False,Los Angeles Lakers,AIRFORCE,Oklahoma City Thunder,CYPHER,Los Angeles Lakers (AIRFORCE),Oklahoma City Thunder (CYPHER),,,,12/08/2026 22:51:00,97,moneyline_1x2,,Los Angeles Lakers (AIRFORCE),1.5,False
2026-08-12T22:31:18.740467+00:00,13673685424,GG League - 4x5 Min de juego,False,Los Angeles Lakers,AIRFORCE,Oklahoma City Thunder,CYPHER,Los Angeles Lakers (AIRFORCE),Oklahoma City Thunder (CYPHER),,,,12/08/2026 22:51:00,97,moneyline_1x2,,Oklahoma City Thunder (CYPHER),2.3,False
2026-08-12T22:31:18.740467+00:00,13673685778,GG League - 4x5 Min de juego,False,Los Angeles Lakers,SIGNAL,New York Knicks,PATIENCE,Los Angeles Lakers (SIGNAL),New York Knicks (PATIENCE),,,,12/08/2026 23:35:00,97,moneyline_1x2,,Los Angeles Lakers (SIGNAL),2.35,False
2026-08-12T22:31:18.740467+00:00,13673685778,GG League - 4x5 Min de juego,False,Los Angeles Lakers,SIGNAL,New York Knicks,PATIENCE,Los Angeles Lakers (SIGNAL),New York Knicks (PATIENCE),,,,12/08/2026 23:35:00,97,moneyline_1x2,,New York Knicks (PATIENCE),1.5,False
2026-08-12T22:31:18.740467+00:00,13673685775,GG League - 4x5 Min de juego,True,Miami Heat,MYTH,Toronto Raptors,CYPHER,Miami Heat (MYTH),Toronto Raptors (CYPHER),2º cuarto,24,20,12/08/2026 22:19:00,97,moneyline_1x2,,Miami Heat (MYTH),1.4,False
2026-08-12T22:31:18.740467+00:00,13673685775,GG League - 4x5 Min de juego,True,Miami Heat,MYTH,Toronto Raptors,CYPHER,Miami Heat (MYTH),Toronto Raptors (CYPHER),2º cuarto,24,20,12/08/2026 22:19:00,97,moneyline_1x2,,Toronto Raptors (CYPHER),2.6,False
2026-08-12T22:31:18.740467+00:00,13673684118,GG League - 4x5 Min de juego,False,Chicago Bulls,OREZ,Miami Heat,UNDERRATED,Chicago Bulls (OREZ),Miami Heat (UNDERRATED),,,,12/08/2026 22:47:00,97,moneyline_1x2,,Chicago Bulls (OREZ),2.15,False
2026-08-12T22:31:18.740467+00:00,13673684118,GG League - 4x5 Min de juego,False,Chicago Bulls,OREZ,Miami Heat,UNDERRATED,Chicago Bulls (OREZ),Miami Heat (UNDERRATED),,,,12/08/2026 22:47:00,97,moneyline_1x2,,Miami Heat (UNDERRATED),1.57,False
2026-08-12T22:31:18.740467+00:00,13673684715,GG League - 4x5 Min de juego,False,Brooklyn Nets,MARINE,Toronto Raptors,SPARKZ,Brooklyn Nets (MARINE),Toronto Raptors (SPARKZ),,,,12/08/2026 23:19:00,97,moneyline_1x2,,Brooklyn Nets (MARINE),2.3,False
2026-08-12T22:31:18.740467+00:00,13673684715,GG League - 4x5 Min de juego,False,Brooklyn Nets,MARINE,Toronto Raptors,SPARKZ,Brooklyn Nets (MARINE),Toronto Raptors (SPARKZ),,,,12/08/2026 23:19:00,97,moneyline_1x2,,Toronto Raptors (SPARKZ),1.5,False
2026-08-12T22:31:18.740467+00:00,13673685379,GG League - 4x5 Min de juego,True,New York Knicks,JACKAL,Oklahoma City Thunder,CALAMITY,New York Knicks (JACKAL),Oklahoma City Thunder (CALAMITY),3º Cuarto,46,39,12/08/2026 22:11:00,97,moneyline_1x2,,New York Knicks (JACKAL),1.19,False
2026-08-12T22:31:18.740467+00:00,13673685379,GG League - 4x5 Min de juego,True,New York Knicks,JACKAL,Oklahoma City Thunder,CALAMITY,New York Knicks (JACKAL),Oklahoma City Thunder (CALAMITY),3º Cuarto,46,39,12/08/2026 22:11:00,97,moneyline_1x2,,Oklahoma City Thunder (CALAMITY),3.9,False
2026-08-12T22:31:18.740467+00:00,13673685429,GG League - 4x5 Min de juego,False,New York Knicks,RADIANT,Los Angeles Lakers,ADMIRAL,New York Knicks (RADIANT),Los Angeles Lakers (ADMIRAL),,,,12/08/2026 23:31:00,97,moneyline_1x2,,New York Knicks (RADIANT),1.43,False
2026-08-12T22:31:18.740467+00:00,13673685429,GG League - 4x5 Min de juego,False,New York Knicks,RADIANT,Los Angeles Lakers,ADMIRAL,New York Knicks (RADIANT),Los Angeles Lakers (ADMIRAL),,,,12/08/2026 23:31:00,97,moneyline_1x2,,Los Angeles Lakers (ADMIRAL),2.5,False
2026-08-12T22:31:18.740467+00:00,13673684119,GG League - 4x5 Min de juego,False,Dallas Mavericks,JUGGERNAUT,Charlotte Hornets,GENERAL,Dallas Mavericks (JUGGERNAUT),Charlotte Hornets (GENERAL),,,,12/08/2026 22:55:00,97,moneyline_1x2,,Dallas Mavericks (JUGGERNAUT),1.55,False
2026-08-12T22:31:18.740467+00:00,13673684119,GG League - 4x5 Min de juego,False,Dallas Mavericks,JUGGERNAUT,Charlotte Hornets,GENERAL,Dallas Mavericks (JUGGERNAUT),Charlotte Hornets (GENERAL),,,,12/08/2026 22:55:00,97,moneyline_1x2,,Charlotte Hornets (GENERAL),2.2,False
2026-08-12T22:31:18.740467+00:00,13673684716,GG League - 4x5 Min de juego,False,Miami Heat,MYTH,Brooklyn Nets,KARMA,Miami Heat (MYTH),Brooklyn Nets (KARMA),,,,12/08/2026 23:23:00,97,moneyline_1x2,,Miami Heat (MYTH),2.15,False
2026-08-12T22:31:18.740467+00:00,13673684716,GG League - 4x5 Min de juego,False,Miami Heat,MYTH,Brooklyn Nets,KARMA,Miami Heat (MYTH),Brooklyn Nets (KARMA),,,,12/08/2026 23:23:00,97,moneyline_1x2,,Brooklyn Nets (KARMA),1.57,False
2026-08-12T22:31:18.740467+00:00,13673685420,GG League - 4x5 Min de juego,True,Los Angeles Lakers,ADMIRAL,New York Knicks,RADIANT,Los Angeles Lakers (ADMIRAL),New York Knicks (RADIANT),1º cuarto,7,10,12/08/2026 22:27:00,97,moneyline_1x2,,Los Angeles Lakers (ADMIRAL),3.0,False
2026-08-12T22:31:18.740467+00:00,13673685420,GG League - 4x5 Min de juego,True,Los Angeles Lakers,ADMIRAL,New York Knicks,RADIANT,Los Angeles Lakers (ADMIRAL),New York Knicks (RADIANT),1º cuarto,7,10,12/08/2026 22:27:00,97,moneyline_1x2,,New York Knicks (RADIANT),1.3,False
2026-08-12T22:31:18.740467+00:00,13673685720,GG League - 4x5 Min de juego,False,Orlando Magic,HUNCHO,Charlotte Hornets,CALAMITY,Orlando Magic (HUNCHO),Charlotte Hornets (CALAMITY),,,,12/08/2026 23:47:00,97,moneyline_1x2,,Orlando Magic (HUNCHO),1.62,False
2026-08-12T22:31:18.740467+00:00,13673685720,GG League - 4x5 Min de juego,False,Orlando Magic,HUNCHO,Charlotte Hornets,CALAMITY,Orlando Magic (HUNCHO),Charlotte Hornets (CALAMITY),,,,12/08/2026 23:47:00,97,moneyline_1x2,,Charlotte Hornets (CALAMITY),2.05,False
2026-08-12T22:31:18.740467+00:00,13673685718,GG League - 4x5 Min de juego,False,New York Knicks,JACKAL,Boston Celtics,HUNCHO,New York Knicks (JACKAL),Boston Celtics (HUNCHO),,,,12/08/2026 23:15:00,97,moneyline_1x2,,New York Knicks (JACKAL),1.62,False
2026-08-12T22:31:18.740467+00:00,13673685718,GG League - 4x5 Min de juego,False,New York Knicks,JACKAL,Boston Celtics,HUNCHO,New York Knicks (JACKAL),Boston Celtics (HUNCHO),,,,12/08/2026 23:15:00,97,moneyline_1x2,,Boston Celtics (HUNCHO),2.05,False
2026-08-12T22:31:18.740467+00:00,13673685422,GG League - 4x5 Min de juego,False,Los Angeles Lakers,CURSE,Oklahoma City Thunder,CALAMITY,Los Angeles Lakers (CURSE),Oklahoma City Thunder (CALAMITY),,,,12/08/2026 22:43:00,97,moneyline_1x2,,Los Angeles Lakers (CURSE),1.55,False
2026-08-12T22:31:18.740467+00:00,13673685422,GG League - 4x5 Min de juego,False,Los Angeles Lakers,CURSE,Oklahoma City Thunder,CALAMITY,Los Angeles Lakers (CURSE),Oklahoma City Thunder (CALAMITY),,,,12/08/2026 22:43:00,97,moneyline_1x2,,Oklahoma City Thunder (CALAMITY),2.2,False
2026-08-12T22:32:51.942951+00:00,13673684350,GG League - 4x5 Min de juego,False,Memphis Grizzlies,PHARAOH,Cleveland Cavaliers,AZURE,Memphis Grizzlies (PHARAOH),Cleveland Cavaliers (AZURE),,,,12/08/2026 23:03:00,97,moneyline_1x2,,Memphis Grizzlies (PHARAOH),2.6,False
2026-08-12T22:32:51.942951+00:00,13673684350,GG League - 4x5 Min de juego,False,Memphis Grizzlies,PHARAOH,Cleveland Cavaliers,AZURE,Memphis Grizzlies (PHARAOH),Cleveland Cavaliers (AZURE),,,,12/08/2026 23:03:00,97,moneyline_1x2,,Cleveland Cavaliers (AZURE),1.4,False
2026-08-12T22:32:51.942951+00:00,13673684349,GG League - 4x5 Min de juego,False,Charlotte Hornets,STING,Denver Nuggets,ADMIRAL,Charlotte Hornets (STING),Denver Nuggets (ADMIRAL),,,,12/08/2026 22:59:00,97,moneyline_1x2,,Charlotte Hornets (STING),1.5,False
2026-08-12T22:32:51.942951+00:00,13673684349,GG League - 4x5 Min de juego,False,Charlotte Hornets,STING,Denver Nuggets,ADMIRAL,Charlotte Hornets (STING),Denver Nuggets (ADMIRAL),,,,12/08/2026 22:59:00,97,moneyline_1x2,,Denver Nuggets (ADMIRAL),2.35,False
2026-08-12T22:32:51.942951+00:00,13673685780,GG League - 4x5 Min de juego,False,Dallas Mavericks,SPARKZ,Orlando Magic,UNDERRATED,Dallas Mavericks (SPARKZ),Orlando Magic (UNDERRATED),,,,12/08/2026 23:51:00,97,moneyline_1x2,,Dallas Mavericks (SPARKZ),1.57,False
2026-08-12T22:32:51.942951+00:00,13673685780,GG League - 4x5 Min de juego,False,Dallas Mavericks,SPARKZ,Orlando Magic,UNDERRATED,Dallas Mavericks (SPARKZ),Orlando Magic (UNDERRATED),,,,12/08/2026 23:51:00,97,moneyline_1x2,,Orlando Magic (UNDERRATED),2.15,False
2026-08-12T22:32:51.942951+00:00,13673683915,GG League - 4x5 Min de juego,True,Cleveland Cavaliers,DAGGER,Milwaukee Bucks,GENERAL,Cleveland Cavaliers (DAGGER),Milwaukee Bucks (GENERAL),2º cuarto,24,19,12/08/2026 22:23:00,97,moneyline_1x2,,Cleveland Cavaliers (DAGGER),1.28,False
2026-08-12T22:32:51.942951+00:00,13673683915,GG League - 4x5 Min de juego,True,Cleveland Cavaliers,DAGGER,Milwaukee Bucks,GENERAL,Cleveland Cavaliers (DAGGER),Milwaukee Bucks (GENERAL),2º cuarto,24,19,12/08/2026 22:23:00,97,moneyline_1x2,,Milwaukee Bucks (GENERAL),3.15,False
2026-08-12T22:32:51.942951+00:00,13673685774,GG League - 4x5 Min de juego,True,Brooklyn Nets,MARINE,Miami Heat,UNDERRATED,Brooklyn Nets (MARINE),Miami Heat (UNDERRATED),3º Cuarto,39,36,12/08/2026 22:15:00,97,moneyline_1x2,,Brooklyn Nets (MARINE),1.28,False
2026-08-12T22:32:51.942951+00:00,13673685774,GG League - 4x5 Min de juego,True,Brooklyn Nets,MARINE,Miami Heat,UNDERRATED,Brooklyn Nets (MARINE),Miami Heat (UNDERRATED),3º Cuarto,39,36,12/08/2026 22:15:00,97,moneyline_1x2,,Miami Heat (UNDERRATED),3.2,False
2026-08-12T22:32:51.942951+00:00,13673685424,GG League - 4x5 Min de juego,False,Los Angeles Lakers,AIRFORCE,Oklahoma City Thunder,CYPHER,Los Angeles Lakers (AIRFORCE),Oklahoma City Thunder (CYPHER),,,,12/08/2026 22:51:00,97,moneyline_1x2,,Los Angeles Lakers (AIRFORCE),1.5,False
2026-08-12T22:32:51.942951+00:00,13673685424,GG League - 4x5 Min de juego,False,Los Angeles Lakers,AIRFORCE,Oklahoma City Thunder,CYPHER,Los Angeles Lakers (AIRFORCE),Oklahoma City Thunder (CYPHER),,,,12/08/2026 22:51:00,97,moneyline_1x2,,Oklahoma City Thunder (CYPHER),2.3,False
2026-08-12T22:32:51.942951+00:00,13673685778,GG League - 4x5 Min de juego,False,Los Angeles Lakers,SIGNAL,New York Knicks,PATIENCE,Los Angeles Lakers (SIGNAL),New York Knicks (PATIENCE),,,,12/08/2026 23:35:00,97,moneyline_1x2,,Los Angeles Lakers (SIGNAL),2.35,False
2026-08-12T22:32:51.942951+00:00,13673685778,GG League - 4x5 Min de juego,False,Los Angeles Lakers,SIGNAL,New York Knicks,PATIENCE,Los Angeles Lakers (SIGNAL),New York Knicks (PATIENCE),,,,12/08/2026 23:35:00,97,moneyline_1x2,,New York Knicks (PATIENCE),1.5,False
2026-08-12T22:32:51.942951+00:00,13673685775,GG League - 4x5 Min de juego,True,Miami Heat,MYTH,Toronto Raptors,CYPHER,Miami Heat (MYTH),Toronto Raptors (CYPHER),3º Cuarto,24,22,12/08/2026 22:19:00,97,moneyline_1x2,,Miami Heat (MYTH),1.5,False
2026-08-12T22:32:51.942951+00:00,13673685775,GG League - 4x5 Min de juego,True,Miami Heat,MYTH,Toronto Raptors,CYPHER,Miami Heat (MYTH),Toronto Raptors (CYPHER),3º Cuarto,24,22,12/08/2026 22:19:00,97,moneyline_1x2,,Toronto Raptors (CYPHER),2.3,False
2026-08-12T22:32:51.942951+00:00,13673684118,GG League - 4x5 Min de juego,False,Chicago Bulls,OREZ,Miami Heat,UNDERRATED,Chicago Bulls (OREZ),Miami Heat (UNDERRATED),,,,12/08/2026 22:47:00,97,moneyline_1x2,,Chicago Bulls (OREZ),2.15,False
2026-08-12T22:32:51.942951+00:00,13673684118,GG League - 4x5 Min de juego,False,Chicago Bulls,OREZ,Miami Heat,UNDERRATED,Chicago Bulls (OREZ),Miami Heat (UNDERRATED),,,,12/08/2026 22:47:00,97,moneyline_1x2,,Miami Heat (UNDERRATED),1.57,False
2026-08-12T22:32:51.942951+00:00,13673685777,GG League - 4x5 Min de juego,True,Los Angeles Lakers,SIGNAL,Oklahoma City Thunder,AZURE,Los Angeles Lakers (SIGNAL),Oklahoma City Thunder (AZURE),1º cuarto,5,7,12/08/2026 22:31:00,97,moneyline_1x2,,Los Angeles Lakers (SIGNAL),1.85,False
2026-08-12T22:32:51.942951+00:00,13673685777,GG League - 4x5 Min de juego,True,Los Angeles Lakers,SIGNAL,Oklahoma City Thunder,AZURE,Los Angeles Lakers (SIGNAL),Oklahoma City Thunder (AZURE),1º cuarto,5,7,12/08/2026 22:31:00,97,moneyline_1x2,,Oklahoma City Thunder (AZURE),1.8,False
2026-08-12T22:32:51.942951+00:00,13673684715,GG League - 4x5 Min de juego,False,Brooklyn Nets,MARINE,Toronto Raptors,SPARKZ,Brooklyn Nets (MARINE),Toronto Raptors (SPARKZ),,,,12/08/2026 23:19:00,97,moneyline_1x2,,Brooklyn Nets (MARINE),2.3,False
2026-08-12T22:32:51.942951+00:00,13673684715,GG League - 4x5 Min de juego,False,Brooklyn Nets,MARINE,Toronto Raptors,SPARKZ,Brooklyn Nets (MARINE),Toronto Raptors (SPARKZ),,,,12/08/2026 23:19:00,97,moneyline_1x2,,Toronto Raptors (SPARKZ),1.5,False
2026-08-12T22:32:51.942951+00:00,13673685379,GG League - 4x5 Min de juego,True,New York Knicks,JACKAL,Oklahoma City Thunder,CALAMITY,New York Knicks (JACKAL),Oklahoma City Thunder (CALAMITY),4º cuarto,46,44,12/08/2026 22:11:00,97,moneyline_1x2,,New York Knicks (JACKAL),1.45,False
2026-08-12T22:32:51.942951+00:00,13673685379,GG League - 4x5 Min de juego,True,New York Knicks,JACKAL,Oklahoma City Thunder,CALAMITY,New York Knicks (JACKAL),Oklahoma City Thunder (CALAMITY),4º cuarto,46,44,12/08/2026 22:11:00,97,moneyline_1x2,,Oklahoma City Thunder (CALAMITY),2.4,False
2026-08-12T22:32:51.942951+00:00,13673685429,GG League - 4x5 Min de juego,False,New York Knicks,RADIANT,Los Angeles Lakers,ADMIRAL,New York Knicks (RADIANT),Los Angeles Lakers (ADMIRAL),,,,12/08/2026 23:31:00,97,moneyline_1x2,,New York Knicks (RADIANT),1.43,False
2026-08-12T22:32:51.942951+00:00,13673685429,GG League - 4x5 Min de juego,False,New York Knicks,RADIANT,Los Angeles Lakers,ADMIRAL,New York Knicks (RADIANT),Los Angeles Lakers (ADMIRAL),,,,12/08/2026 23:31:00,97,moneyline_1x2,,Los Angeles Lakers (ADMIRAL),2.5,False
2026-08-12T22:32:51.942951+00:00,13673684119,GG League - 4x5 Min de juego,False,Dallas Mavericks,JUGGERNAUT,Charlotte Hornets,GENERAL,Dallas Mavericks (JUGGERNAUT),Charlotte Hornets (GENERAL),,,,12/08/2026 22:55:00,97,moneyline_1x2,,Dallas Mavericks (JUGGERNAUT),1.55,False
2026-08-12T22:32:51.942951+00:00,13673684119,GG League - 4x5 Min de juego,False,Dallas Mavericks,JUGGERNAUT,Charlotte Hornets,GENERAL,Dallas Mavericks (JUGGERNAUT),Charlotte Hornets (GENERAL),,,,12/08/2026 22:55:00,97,moneyline_1x2,,Charlotte Hornets (GENERAL),2.2,False
2026-08-12T22:32:51.942951+00:00,13673684716,GG League - 4x5 Min de juego,False,Miami Heat,MYTH,Brooklyn Nets,KARMA,Miami Heat (MYTH),Brooklyn Nets (KARMA),,,,12/08/2026 23:23:00,97,moneyline_1x2,,Miami Heat (MYTH),2.15,False
2026-08-12T22:32:51.942951+00:00,13673684716,GG League - 4x5 Min de juego,False,Miami Heat,MYTH,Brooklyn Nets,KARMA,Miami Heat (MYTH),Brooklyn Nets (KARMA),,,,12/08/2026 23:23:00,97,moneyline_1x2,,Brooklyn Nets (KARMA),1.57,False
2026-08-12T22:32:51.942951+00:00,13673685420,GG League - 4x5 Min de juego,True,Los Angeles Lakers,ADMIRAL,New York Knicks,RADIANT,Los Angeles Lakers (ADMIRAL),New York Knicks (RADIANT),1º cuarto,11,10,12/08/2026 22:27:00,97,moneyline_1x2,,Los Angeles Lakers (ADMIRAL),2.05,False
2026-08-12T22:32:51.942951+00:00,13673685420,GG League - 4x5 Min de juego,True,Los Angeles Lakers,ADMIRAL,New York Knicks,RADIANT,Los Angeles Lakers (ADMIRAL),New York Knicks (RADIANT),1º cuarto,11,10,12/08/2026 22:27:00,97,moneyline_1x2,,New York Knicks (RADIANT),1.62,False
2026-08-12T22:32:51.942951+00:00,13673685720,GG League - 4x5 Min de juego,False,Orlando Magic,HUNCHO,Charlotte Hornets,CALAMITY,Orlando Magic (HUNCHO),Charlotte Hornets (CALAMITY),,,,12/08/2026 23:47:00,97,moneyline_1x2,,Orlando Magic (HUNCHO),1.62,False
2026-08-12T22:32:51.942951+00:00,13673685720,GG League - 4x5 Min de juego,False,Orlando Magic,HUNCHO,Charlotte Hornets,CALAMITY,Orlando Magic (HUNCHO),Charlotte Hornets (CALAMITY),,,,12/08/2026 23:47:00,97,moneyline_1x2,,Charlotte Hornets (CALAMITY),2.05,False
2026-08-12T22:32:51.942951+00:00,13673685718,GG League - 4x5 Min de juego,False,New York Knicks,JACKAL,Boston Celtics,HUNCHO,New York Knicks (JACKAL),Boston Celtics (HUNCHO),,,,12/08/2026 23:15:00,97,moneyline_1x2,,New York Knicks (JACKAL),1.62,False
2026-08-12T22:32:51.942951+00:00,13673685718,GG League - 4x5 Min de juego,False,New York Knicks,JACKAL,Boston Celtics,HUNCHO,New York Knicks (JACKAL),Boston Celtics (HUNCHO),,,,12/08/2026 23:15:00,97,moneyline_1x2,,Boston Celtics (HUNCHO),2.05,False
2026-08-12T22:32:51.942951+00:00,13673685422,GG League - 4x5 Min de juego,False,Los Angeles Lakers,CURSE,Oklahoma City Thunder,CALAMITY,Los Angeles Lakers (CURSE),Oklahoma City Thunder (CALAMITY),,,,12/08/2026 22:43:00,97,moneyline_1x2,,Los Angeles Lakers (CURSE),1.55,False
2026-08-12T22:32:51.942951+00:00,13673685422,GG League - 4x5 Min de juego,False,Los Angeles Lakers,CURSE,Oklahoma City Thunder,CALAMITY,Los Angeles Lakers (CURSE),Oklahoma City Thunder (CALAMITY),,,,12/08/2026 22:43:00,97,moneyline_1x2,,Oklahoma City Thunder (CALAMITY),2.2,False
2026-08-12T22:34:51.557641+00:00,13673684350,GG League - 4x5 Min de juego,False,Memphis Grizzlies,PHARAOH,Cleveland Cavaliers,AZURE,Memphis Grizzlies (PHARAOH),Cleveland Cavaliers (AZURE),,,,12/08/2026 23:03:00,97,moneyline_1x2,,Memphis Grizzlies (PHARAOH),2.6,False
2026-08-12T22:34:51.557641+00:00,13673684350,GG League - 4x5 Min de juego,False,Memphis Grizzlies,PHARAOH,Cleveland Cavaliers,AZURE,Memphis Grizzlies (PHARAOH),Cleveland Cavaliers (AZURE),,,,12/08/2026 23:03:00,97,moneyline_1x2,,Cleveland Cavaliers (AZURE),1.4,False
2026-08-12T22:34:51.557641+00:00,13673684349,GG League - 4x5 Min de juego,False,Charlotte Hornets,STING,Denver Nuggets,ADMIRAL,Charlotte Hornets (STING),Denver Nuggets (ADMIRAL),,,,12/08/2026 22:59:00,97,moneyline_1x2,,Charlotte Hornets (STING),1.5,False
2026-08-12T22:34:51.557641+00:00,13673684349,GG League - 4x5 Min de juego,False,Charlotte Hornets,STING,Denver Nuggets,ADMIRAL,Charlotte Hornets (STING),Denver Nuggets (ADMIRAL),,,,12/08/2026 22:59:00,97,moneyline_1x2,,Denver Nuggets (ADMIRAL),2.35,False
2026-08-12T22:34:51.557641+00:00,13673685780,GG League - 4x5 Min de juego,False,Dallas Mavericks,SPARKZ,Orlando Magic,UNDERRATED,Dallas Mavericks (SPARKZ),Orlando Magic (UNDERRATED),,,,12/08/2026 23:51:00,97,moneyline_1x2,,Dallas Mavericks (SPARKZ),1.57,False
2026-08-12T22:34:51.557641+00:00,13673685780,GG League - 4x5 Min de juego,False,Dallas Mavericks,SPARKZ,Orlando Magic,UNDERRATED,Dallas Mavericks (SPARKZ),Orlando Magic (UNDERRATED),,,,12/08/2026 23:51:00,97,moneyline_1x2,,Orlando Magic (UNDERRATED),2.15,False
2026-08-12T22:34:51.557641+00:00,13673683915,GG League - 4x5 Min de juego,True,Cleveland Cavaliers,DAGGER,Milwaukee Bucks,GENERAL,Cleveland Cavaliers (DAGGER),Milwaukee Bucks (GENERAL),2º cuarto,30,23,12/08/2026 22:23:00,97,moneyline_1x2,,Cleveland Cavaliers (DAGGER),1.15,False
2026-08-12T22:34:51.557641+00:00,13673683915,GG League - 4x5 Min de juego,True,Cleveland Cavaliers,DAGGER,Milwaukee Bucks,GENERAL,Cleveland Cavaliers (DAGGER),Milwaukee Bucks (GENERAL),2º cuarto,30,23,12/08/2026 22:23:00,97,moneyline_1x2,,Milwaukee Bucks (GENERAL),4.3,False
2026-08-12T22:34:51.557641+00:00,13673685774,GG League - 4x5 Min de juego,True,Brooklyn Nets,MARINE,Miami Heat,UNDERRATED,Brooklyn Nets (MARINE),Miami Heat (UNDERRATED),3º Cuarto,44,36,12/08/2026 22:15:00,97,moneyline_1x2,,Brooklyn Nets (MARINE),1.09,False
2026-08-12T22:34:51.557641+00:00,13673685774,GG League - 4x5 Min de juego,True,Brooklyn Nets,MARINE,Miami Heat,UNDERRATED,Brooklyn Nets (MARINE),Miami Heat (UNDERRATED),3º Cuarto,44,36,12/08/2026 22:15:00,97,moneyline_1x2,,Miami Heat (UNDERRATED),5.5,False
2026-08-12T22:34:51.557641+00:00,13673685424,GG League - 4x5 Min de juego,False,Los Angeles Lakers,AIRFORCE,Oklahoma City Thunder,CYPHER,Los Angeles Lakers (AIRFORCE),Oklahoma City Thunder (CYPHER),,,,12/08/2026 22:51:00,97,moneyline_1x2,,Los Angeles Lakers (AIRFORCE),1.5,False
2026-08-12T22:34:51.557641+00:00,13673685424,GG League - 4x5 Min de juego,False,Los Angeles Lakers,AIRFORCE,Oklahoma City Thunder,CYPHER,Los Angeles Lakers (AIRFORCE),Oklahoma City Thunder (CYPHER),,,,12/08/2026 22:51:00,97,moneyline_1x2,,Oklahoma City Thunder (CYPHER),2.3,False
2026-08-12T22:34:51.557641+00:00,13673685778,GG League - 4x5 Min de juego,False,Los Angeles Lakers,SIGNAL,New York Knicks,PATIENCE,Los Angeles Lakers (SIGNAL),New York Knicks (PATIENCE),,,,12/08/2026 23:35:00,97,moneyline_1x2,,Los Angeles Lakers (SIGNAL),2.35,False
2026-08-12T22:34:51.557641+00:00,13673685778,GG League - 4x5 Min de juego,False,Los Angeles Lakers,SIGNAL,New York Knicks,PATIENCE,Los Angeles Lakers (SIGNAL),New York Knicks (PATIENCE),,,,12/08/2026 23:35:00,97,moneyline_1x2,,New York Knicks (PATIENCE),1.5,False
2026-08-12T22:34:51.557641+00:00,13673685775,GG League - 4x5 Min de juego,True,Miami Heat,MYTH,Toronto Raptors,CYPHER,Miami Heat (MYTH),Toronto Raptors (CYPHER),3º Cuarto,33,26,12/08/2026 22:19:00,97,moneyline_1x2,,Miami Heat (MYTH),1.11,False
2026-08-12T22:34:51.557641+00:00,13673685775,GG League - 4x5 Min de juego,True,Miami Heat,MYTH,Toronto Raptors,CYPHER,Miami Heat (MYTH),Toronto Raptors (CYPHER),3º Cuarto,33,26,12/08/2026 22:19:00,97,moneyline_1x2,,Toronto Raptors (CYPHER),5.0,False
2026-08-12T22:34:51.557641+00:00,13673684118,GG League - 4x5 Min de juego,False,Chicago Bulls,OREZ,Miami Heat,UNDERRATED,Chicago Bulls (OREZ),Miami Heat (UNDERRATED),,,,12/08/2026 22:47:00,97,moneyline_1x2,,Chicago Bulls (OREZ),2.15,False
2026-08-12T22:34:51.557641+00:00,13673684118,GG League - 4x5 Min de juego,False,Chicago Bulls,OREZ,Miami Heat,UNDERRATED,Chicago Bulls (OREZ),Miami Heat (UNDERRATED),,,,12/08/2026 22:47:00,97,moneyline_1x2,,Miami Heat (UNDERRATED),1.57,False
2026-08-12T22:34:51.557641+00:00,13673685777,GG League - 4x5 Min de juego,True,Los Angeles Lakers,SIGNAL,Oklahoma City Thunder,AZURE,Los Angeles Lakers (SIGNAL),Oklahoma City Thunder (AZURE),1º cuarto,9,14,12/08/2026 22:31:00,97,moneyline_1x2,,Los Angeles Lakers (SIGNAL),2.35,False
2026-08-12T22:34:51.557641+00:00,13673685777,GG League - 4x5 Min de juego,True,Los Angeles Lakers,SIGNAL,Oklahoma City Thunder,AZURE,Los Angeles Lakers (SIGNAL),Oklahoma City Thunder (AZURE),1º cuarto,9,14,12/08/2026 22:31:00,97,moneyline_1x2,,Oklahoma City Thunder (AZURE),1.5,False
2026-08-12T22:34:51.557641+00:00,13673684715,GG League - 4x5 Min de juego,False,Brooklyn Nets,MARINE,Toronto Raptors,SPARKZ,Brooklyn Nets (MARINE),Toronto Raptors (SPARKZ),,,,12/08/2026 23:19:00,97,moneyline_1x2,,Brooklyn Nets (MARINE),2.3,False
2026-08-12T22:34:51.557641+00:00,13673684715,GG League - 4x5 Min de juego,False,Brooklyn Nets,MARINE,Toronto Raptors,SPARKZ,Brooklyn Nets (MARINE),Toronto Raptors (SPARKZ),,,,12/08/2026 23:19:00,97,moneyline_1x2,,Toronto Raptors (SPARKZ),1.5,False
2026-08-12T22:34:51.557641+00:00,13673685379,GG League - 4x5 Min de juego,True,New York Knicks,JACKAL,Oklahoma City Thunder,CALAMITY,New York Knicks (JACKAL),Oklahoma City Thunder (CALAMITY),4º cuarto,51,46,12/08/2026 22:11:00,97,moneyline_1x2,,New York Knicks (JACKAL),1.04,False
2026-08-12T22:34:51.557641+00:00,13673685379,GG League - 4x5 Min de juego,True,New York Knicks,JACKAL,Oklahoma City Thunder,CALAMITY,New York Knicks (JACKAL),Oklahoma City Thunder (CALAMITY),4º cuarto,51,46,12/08/2026 22:11:00,97,moneyline_1x2,,Oklahoma City Thunder (CALAMITY),7.25,False
2026-08-12T22:34:51.557641+00:00,13673685429,GG League - 4x5 Min de juego,False,New York Knicks,RADIANT,Los Angeles Lakers,ADMIRAL,New York Knicks (RADIANT),Los Angeles Lakers (ADMIRAL),,,,12/08/2026 23:31:00,97,moneyline_1x2,,New York Knicks (RADIANT),1.43,False
2026-08-12T22:34:51.557641+00:00,13673685429,GG League - 4x5 Min de juego,False,New York Knicks,RADIANT,Los Angeles Lakers,ADMIRAL,New York Knicks (RADIANT),Los Angeles Lakers (ADMIRAL),,,,12/08/2026 23:31:00,97,moneyline_1x2,,Los Angeles Lakers (ADMIRAL),2.5,False
2026-08-12T22:34:51.557641+00:00,13673684119,GG League - 4x5 Min de juego,False,Dallas Mavericks,JUGGERNAUT,Charlotte Hornets,GENERAL,Dallas Mavericks (JUGGERNAUT),Charlotte Hornets (GENERAL),,,,12/08/2026 22:55:00,97,moneyline_1x2,,Dallas Mavericks (JUGGERNAUT),1.55,False
2026-08-12T22:34:51.557641+00:00,13673684119,GG League - 4x5 Min de juego,False,Dallas Mavericks,JUGGERNAUT,Charlotte Hornets,GENERAL,Dallas Mavericks (JUGGERNAUT),Charlotte Hornets (GENERAL),,,,12/08/2026 22:55:00,97,moneyline_1x2,,Charlotte Hornets (GENERAL),2.2,False
2026-08-12T22:34:51.557641+00:00,13673684716,GG League - 4x5 Min de juego,False,Miami Heat,MYTH,Brooklyn Nets,KARMA,Miami Heat (MYTH),Brooklyn Nets (KARMA),,,,12/08/2026 23:23:00,97,moneyline_1x2,,Miami Heat (MYTH),2.15,False
2026-08-12T22:34:51.557641+00:00,13673684716,GG League - 4x5 Min de juego,False,Miami Heat,MYTH,Brooklyn Nets,KARMA,Miami Heat (MYTH),Brooklyn Nets (KARMA),,,,12/08/2026 23:23:00,97,moneyline_1x2,,Brooklyn Nets (KARMA),1.57,False
2026-08-12T22:34:51.557641+00:00,13673685420,GG League - 4x5 Min de juego,True,Los Angeles Lakers,ADMIRAL,New York Knicks,RADIANT,Los Angeles Lakers (ADMIRAL),New York Knicks (RADIANT),2º cuarto,17,12,12/08/2026 22:27:00,97,moneyline_1x2,,Los Angeles Lakers (ADMIRAL),1.5,False
2026-08-12T22:34:51.557641+00:00,13673685420,GG League - 4x5 Min de juego,True,Los Angeles Lakers,ADMIRAL,New York Knicks,RADIANT,Los Angeles Lakers (ADMIRAL),New York Knicks (RADIANT),2º cuarto,17,12,12/08/2026 22:27:00,97,moneyline_1x2,,New York Knicks (RADIANT),2.3,False
2026-08-12T22:34:51.557641+00:00,13673685520,GG League - 4x5 Min de juego,False,Phoenix Suns,NIGHTHAWK,Milwaukee Bucks,GENERAL,Phoenix Suns (NIGHTHAWK),Milwaukee Bucks (GENERAL),,,,12/08/2026 23:59:00,97,moneyline_1x2,,Phoenix Suns (NIGHTHAWK),1.35,False
2026-08-12T22:34:51.557641+00:00,13673685520,GG League - 4x5 Min de juego,False,Phoenix Suns,NIGHTHAWK,Milwaukee Bucks,GENERAL,Phoenix Suns (NIGHTHAWK),Milwaukee Bucks (GENERAL),,,,12/08/2026 23:59:00,97,moneyline_1x2,,Milwaukee Bucks (GENERAL),2.8,False
2026-08-12T22:34:51.557641+00:00,13673685720,GG League - 4x5 Min de juego,False,Orlando Magic,HUNCHO,Charlotte Hornets,CALAMITY,Orlando Magic (HUNCHO),Charlotte Hornets (CALAMITY),,,,12/08/2026 23:47:00,97,moneyline_1x2,,Orlando Magic (HUNCHO),1.62,False
2026-08-12T22:34:51.557641+00:00,13673685720,GG League - 4x5 Min de juego,False,Orlando Magic,HUNCHO,Charlotte Hornets,CALAMITY,Orlando Magic (HUNCHO),Charlotte Hornets (CALAMITY),,,,12/08/2026 23:47:00,97,moneyline_1x2,,Charlotte Hornets (CALAMITY),2.05,False
2026-08-12T22:34:51.557641+00:00,13673685454,GG League - 4x5 Min de juego,False,Brooklyn Nets,KARMA,Toronto Raptors,CYPHER,Brooklyn Nets (KARMA),Toronto Raptors (CYPHER),,,,12/08/2026 23:55:00,97,moneyline_1x2,,Brooklyn Nets (KARMA),1.5,False
2026-08-12T22:34:51.557641+00:00,13673685454,GG League - 4x5 Min de juego,False,Brooklyn Nets,KARMA,Toronto Raptors,CYPHER,Brooklyn Nets (KARMA),Toronto Raptors (CYPHER),,,,12/08/2026 23:55:00,97,moneyline_1x2,,Toronto Raptors (CYPHER),2.3,False
2026-08-12T22:34:51.557641+00:00,13673685718,GG League - 4x5 Min de juego,False,New York Knicks,JACKAL,Boston Celtics,HUNCHO,New York Knicks (JACKAL),Boston Celtics (HUNCHO),,,,12/08/2026 23:15:00,97,moneyline_1x2,,New York Knicks (JACKAL),1.62,False
2026-08-12T22:34:51.557641+00:00,13673685718,GG League - 4x5 Min de juego,False,New York Knicks,JACKAL,Boston Celtics,HUNCHO,New York Knicks (JACKAL),Boston Celtics (HUNCHO),,,,12/08/2026 23:15:00,97,moneyline_1x2,,Boston Celtics (HUNCHO),2.05,False
2026-08-12T22:34:51.557641+00:00,13673685422,GG League - 4x5 Min de juego,False,Los Angeles Lakers,CURSE,Oklahoma City Thunder,CALAMITY,Los Angeles Lakers (CURSE),Oklahoma City Thunder (CALAMITY),,,,12/08/2026 22:43:00,97,moneyline_1x2,,Los Angeles Lakers (CURSE),1.55,False
2026-08-12T22:34:51.557641+00:00,13673685422,GG League - 4x5 Min de juego,False,Los Angeles Lakers,CURSE,Oklahoma City Thunder,CALAMITY,Los Angeles Lakers (CURSE),Oklahoma City Thunder (CALAMITY),,,,12/08/2026 22:43:00,97,moneyline_1x2,,Oklahoma City Thunder (CALAMITY),2.2,False
2026-08-12T22:36:50.264982+00:00,13673684350,GG League - 4x5 Min de juego,False,Memphis Grizzlies,PHARAOH,Cleveland Cavaliers,AZURE,Memphis Grizzlies (PHARAOH),Cleveland Cavaliers (AZURE),,,,12/08/2026 23:03:00,97,moneyline_1x2,,Memphis Grizzlies (PHARAOH),2.6,False
2026-08-12T22:36:50.264982+00:00,13673684350,GG League - 4x5 Min de juego,False,Memphis Grizzlies,PHARAOH,Cleveland Cavaliers,AZURE,Memphis Grizzlies (PHARAOH),Cleveland Cavaliers (AZURE),,,,12/08/2026 23:03:00,97,moneyline_1x2,,Cleveland Cavaliers (AZURE),1.4,False
2026-08-12T22:36:50.264982+00:00,13673684349,GG League - 4x5 Min de juego,False,Charlotte Hornets,STING,Denver Nuggets,ADMIRAL,Charlotte Hornets (STING),Denver Nuggets (ADMIRAL),,,,12/08/2026 22:59:00,97,moneyline_1x2,,Charlotte Hornets (STING),1.5,False
2026-08-12T22:36:50.264982+00:00,13673684349,GG League - 4x5 Min de juego,False,Charlotte Hornets,STING,Denver Nuggets,ADMIRAL,Charlotte Hornets (STING),Denver Nuggets (ADMIRAL),,,,12/08/2026 22:59:00,97,moneyline_1x2,,Denver Nuggets (ADMIRAL),2.35,False
2026-08-12T22:36:50.264982+00:00,13673685780,GG League - 4x5 Min de juego,False,Dallas Mavericks,SPARKZ,Orlando Magic,UNDERRATED,Dallas Mavericks (SPARKZ),Orlando Magic (UNDERRATED),,,,12/08/2026 23:51:00,97,moneyline_1x2,,Dallas Mavericks (SPARKZ),1.57,False
2026-08-12T22:36:50.264982+00:00,13673685780,GG League - 4x5 Min de juego,False,Dallas Mavericks,SPARKZ,Orlando Magic,UNDERRATED,Dallas Mavericks (SPARKZ),Orlando Magic (UNDERRATED),,,,12/08/2026 23:51:00,97,moneyline_1x2,,Orlando Magic (UNDERRATED),2.15,False
2026-08-12T22:36:50.264982+00:00,13673666929,GG League - 4x5 Min de juego,False,New York Knicks,RADIANT,Oklahoma City Thunder,STING,New York Knicks (RADIANT),Oklahoma City Thunder (STING),,,,13/08/2026 00:03:00,97,moneyline_1x2,,New York Knicks (RADIANT),2.35,False
2026-08-12T22:36:50.264982+00:00,13673666929,GG League - 4x5 Min de juego,False,New York Knicks,RADIANT,Oklahoma City Thunder,STING,New York Knicks (RADIANT),Oklahoma City Thunder (STING),,,,13/08/2026 00:03:00,97,moneyline_1x2,,Oklahoma City Thunder (STING),1.5,False
2026-08-12T22:36:50.264982+00:00,13673683915,GG League - 4x5 Min de juego,True,Cleveland Cavaliers,DAGGER,Milwaukee Bucks,GENERAL,Cleveland Cavaliers (DAGGER),Milwaukee Bucks (GENERAL),3º Cuarto,32,25,12/08/2026 22:23:00,97,moneyline_1x2,,Cleveland Cavaliers (DAGGER),1.12,False
2026-08-12T22:36:50.264982+00:00,13673683915,GG League - 4x5 Min de juego,True,Cleveland Cavaliers,DAGGER,Milwaukee Bucks,GENERAL,Cleveland Cavaliers (DAGGER),Milwaukee Bucks (GENERAL),3º Cuarto,32,25,12/08/2026 22:23:00,97,moneyline_1x2,,Milwaukee Bucks (GENERAL),4.75,False
2026-08-12T22:36:50.264982+00:00,13673685774,GG League - 4x5 Min de juego,True,Brooklyn Nets,MARINE,Miami Heat,UNDERRATED,Brooklyn Nets (MARINE),Miami Heat (UNDERRATED),4º cuarto,46,40,12/08/2026 22:15:00,97,moneyline_1x2,,Brooklyn Nets (MARINE),1.03,False
2026-08-12T22:36:50.264982+00:00,13673685774,GG League - 4x5 Min de juego,True,Brooklyn Nets,MARINE,Miami Heat,UNDERRATED,Brooklyn Nets (MARINE),Miami Heat (UNDERRATED),4º cuarto,46,40,12/08/2026 22:15:00,97,moneyline_1x2,,Miami Heat (UNDERRATED),7.5,False
2026-08-12T22:36:50.264982+00:00,13673685424,GG League - 4x5 Min de juego,False,Los Angeles Lakers,AIRFORCE,Oklahoma City Thunder,CYPHER,Los Angeles Lakers (AIRFORCE),Oklahoma City Thunder (CYPHER),,,,12/08/2026 22:51:00,97,moneyline_1x2,,Los Angeles Lakers (AIRFORCE),1.5,False
2026-08-12T22:36:50.264982+00:00,13673685424,GG League - 4x5 Min de juego,False,Los Angeles Lakers,AIRFORCE,Oklahoma City Thunder,CYPHER,Los Angeles Lakers (AIRFORCE),Oklahoma City Thunder (CYPHER),,,,12/08/2026 22:51:00,97,moneyline_1x2,,Oklahoma City Thunder (CYPHER),2.3,False
2026-08-12T22:36:50.264982+00:00,13673685778,GG League - 4x5 Min de juego,False,Los Angeles Lakers,SIGNAL,New York Knicks,PATIENCE,Los Angeles Lakers (SIGNAL),New York Knicks (PATIENCE),,,,12/08/2026 23:35:00,97,moneyline_1x2,,Los Angeles Lakers (SIGNAL),2.35,False
2026-08-12T22:36:50.264982+00:00,13673685778,GG League - 4x5 Min de juego,False,Los Angeles Lakers,SIGNAL,New York Knicks,PATIENCE,Los Angeles Lakers (SIGNAL),New York Knicks (PATIENCE),,,,12/08/2026 23:35:00,97,moneyline_1x2,,New York Knicks (PATIENCE),1.5,False
2026-08-12T22:36:50.264982+00:00,13673685775,GG League - 4x5 Min de juego,True,Miami Heat,MYTH,Toronto Raptors,CYPHER,Miami Heat (MYTH),Toronto Raptors (CYPHER),3º Cuarto,36,32,12/08/2026 22:19:00,97,moneyline_1x2,,Miami Heat (MYTH),1.22,False
2026-08-12T22:36:50.264982+00:00,13673685775,GG League - 4x5 Min de juego,True,Miami Heat,MYTH,Toronto Raptors,CYPHER,Miami Heat (MYTH),Toronto Raptors (CYPHER),3º Cuarto,36,32,12/08/2026 22:19:00,97,moneyline_1x2,,Toronto Raptors (CYPHER),3.45,False
2026-08-12T22:36:50.264982+00:00,13673684118,GG League - 4x5 Min de juego,False,Chicago Bulls,OREZ,Miami Heat,UNDERRATED,Chicago Bulls (OREZ),Miami Heat (UNDERRATED),,,,12/08/2026 22:47:00,97,moneyline_1x2,,Chicago Bulls (OREZ),2.15,False
2026-08-12T22:36:50.264982+00:00,13673684118,GG League - 4x5 Min de juego,False,Chicago Bulls,OREZ,Miami Heat,UNDERRATED,Chicago Bulls (OREZ),Miami Heat (UNDERRATED),,,,12/08/2026 22:47:00,97,moneyline_1x2,,Miami Heat (UNDERRATED),1.57,False
2026-08-12T22:36:50.264982+00:00,13673685777,GG League - 4x5 Min de juego,True,Los Angeles Lakers,SIGNAL,Oklahoma City Thunder,AZURE,Los Angeles Lakers (SIGNAL),Oklahoma City Thunder (AZURE),1º cuarto,12,23,12/08/2026 22:31:00,97,moneyline_1x2,,Los Angeles Lakers (SIGNAL),4.3,False
2026-08-12T22:36:50.264982+00:00,13673685777,GG League - 4x5 Min de juego,True,Los Angeles Lakers,SIGNAL,Oklahoma City Thunder,AZURE,Los Angeles Lakers (SIGNAL),Oklahoma City Thunder (AZURE),1º cuarto,12,23,12/08/2026 22:31:00,97,moneyline_1x2,,Oklahoma City Thunder (AZURE),1.15,False
2026-08-12T22:36:50.264982+00:00,13673684715,GG League - 4x5 Min de juego,False,Brooklyn Nets,MARINE,Toronto Raptors,SPARKZ,Brooklyn Nets (MARINE),Toronto Raptors (SPARKZ),,,,12/08/2026 23:19:00,97,moneyline_1x2,,Brooklyn Nets (MARINE),2.3,False
2026-08-12T22:36:50.264982+00:00,13673684715,GG League - 4x5 Min de juego,False,Brooklyn Nets,MARINE,Toronto Raptors,SPARKZ,Brooklyn Nets (MARINE),Toronto Raptors (SPARKZ),,,,12/08/2026 23:19:00,97,moneyline_1x2,,Toronto Raptors (SPARKZ),1.5,False
2026-08-12T22:36:50.264982+00:00,13673685429,GG League - 4x5 Min de juego,False,New York Knicks,RADIANT,Los Angeles Lakers,ADMIRAL,New York Knicks (RADIANT),Los Angeles Lakers (ADMIRAL),,,,12/08/2026 23:31:00,97,moneyline_1x2,,New York Knicks (RADIANT),1.43,False
2026-08-12T22:36:50.264982+00:00,13673685429,GG League - 4x5 Min de juego,False,New York Knicks,RADIANT,Los Angeles Lakers,ADMIRAL,New York Knicks (RADIANT),Los Angeles Lakers (ADMIRAL),,,,12/08/2026 23:31:00,97,moneyline_1x2,,Los Angeles Lakers (ADMIRAL),2.5,False
2026-08-12T22:36:50.264982+00:00,13673684119,GG League - 4x5 Min de juego,False,Dallas Mavericks,JUGGERNAUT,Charlotte Hornets,GENERAL,Dallas Mavericks (JUGGERNAUT),Charlotte Hornets (GENERAL),,,,12/08/2026 22:55:00,97,moneyline_1x2,,Dallas Mavericks (JUGGERNAUT),1.55,False
2026-08-12T22:36:50.264982+00:00,13673684119,GG League - 4x5 Min de juego,False,Dallas Mavericks,JUGGERNAUT,Charlotte Hornets,GENERAL,Dallas Mavericks (JUGGERNAUT),Charlotte Hornets (GENERAL),,,,12/08/2026 22:55:00,97,moneyline_1x2,,Charlotte Hornets (GENERAL),2.2,False
2026-08-12T22:36:50.264982+00:00,13673684716,GG League - 4x5 Min de juego,False,Miami Heat,MYTH,Brooklyn Nets,KARMA,Miami Heat (MYTH),Brooklyn Nets (KARMA),,,,12/08/2026 23:23:00,97,moneyline_1x2,,Miami Heat (MYTH),2.15,False
2026-08-12T22:36:50.264982+00:00,13673684716,GG League - 4x5 Min de juego,False,Miami Heat,MYTH,Brooklyn Nets,KARMA,Miami Heat (MYTH),Brooklyn Nets (KARMA),,,,12/08/2026 23:23:00,97,moneyline_1x2,,Brooklyn Nets (KARMA),1.57,False
2026-08-12T22:36:50.264982+00:00,13673685420,GG League - 4x5 Min de juego,True,Los Angeles Lakers,ADMIRAL,New York Knicks,RADIANT,Los Angeles Lakers (ADMIRAL),New York Knicks (RADIANT),2º cuarto,21,17,12/08/2026 22:27:00,97,moneyline_1x2,,Los Angeles Lakers (ADMIRAL),1.57,False
2026-08-12T22:36:50.264982+00:00,13673685420,GG League - 4x5 Min de juego,True,Los Angeles Lakers,ADMIRAL,New York Knicks,RADIANT,Los Angeles Lakers (ADMIRAL),New York Knicks (RADIANT),2º cuarto,21,17,12/08/2026 22:27:00,97,moneyline_1x2,,New York Knicks (RADIANT),2.15,False
2026-08-12T22:36:50.264982+00:00,13673685520,GG League - 4x5 Min de juego,False,Phoenix Suns,NIGHTHAWK,Milwaukee Bucks,GENERAL,Phoenix Suns (NIGHTHAWK),Milwaukee Bucks (GENERAL),,,,12/08/2026 23:59:00,97,moneyline_1x2,,Phoenix Suns (NIGHTHAWK),1.35,False
2026-08-12T22:36:50.264982+00:00,13673685520,GG League - 4x5 Min de juego,False,Phoenix Suns,NIGHTHAWK,Milwaukee Bucks,GENERAL,Phoenix Suns (NIGHTHAWK),Milwaukee Bucks (GENERAL),,,,12/08/2026 23:59:00,97,moneyline_1x2,,Milwaukee Bucks (GENERAL),2.8,False
2026-08-12T22:36:50.264982+00:00,13673685720,GG League - 4x5 Min de juego,False,Orlando Magic,HUNCHO,Charlotte Hornets,CALAMITY,Orlando Magic (HUNCHO),Charlotte Hornets (CALAMITY),,,,12/08/2026 23:47:00,97,moneyline_1x2,,Orlando Magic (HUNCHO),1.62,False
2026-08-12T22:36:50.264982+00:00,13673685720,GG League - 4x5 Min de juego,False,Orlando Magic,HUNCHO,Charlotte Hornets,CALAMITY,Orlando Magic (HUNCHO),Charlotte Hornets (CALAMITY),,,,12/08/2026 23:47:00,97,moneyline_1x2,,Charlotte Hornets (CALAMITY),2.05,False
2026-08-12T22:36:50.264982+00:00,13673685454,GG League - 4x5 Min de juego,False,Brooklyn Nets,KARMA,Toronto Raptors,CYPHER,Brooklyn Nets (KARMA),Toronto Raptors (CYPHER),,,,12/08/2026 23:55:00,97,moneyline_1x2,,Brooklyn Nets (KARMA),1.5,False
2026-08-12T22:36:50.264982+00:00,13673685454,GG League - 4x5 Min de juego,False,Brooklyn Nets,KARMA,Toronto Raptors,CYPHER,Brooklyn Nets (KARMA),Toronto Raptors (CYPHER),,,,12/08/2026 23:55:00,97,moneyline_1x2,,Toronto Raptors (CYPHER),2.3,False
2026-08-12T22:36:50.264982+00:00,13673685718,GG League - 4x5 Min de juego,False,New York Knicks,JACKAL,Boston Celtics,HUNCHO,New York Knicks (JACKAL),Boston Celtics (HUNCHO),,,,12/08/2026 23:15:00,97,moneyline_1x2,,New York Knicks (JACKAL),1.62,False
2026-08-12T22:36:50.264982+00:00,13673685718,GG League - 4x5 Min de juego,False,New York Knicks,JACKAL,Boston Celtics,HUNCHO,New York Knicks (JACKAL),Boston Celtics (HUNCHO),,,,12/08/2026 23:15:00,97,moneyline_1x2,,Boston Celtics (HUNCHO),2.05,False
2026-08-12T22:36:50.264982+00:00,13673685422,GG League - 4x5 Min de juego,False,Los Angeles Lakers,CURSE,Oklahoma City Thunder,CALAMITY,Los Angeles Lakers (CURSE),Oklahoma City Thunder (CALAMITY),,,,12/08/2026 22:43:00,97,moneyline_1x2,,Los Angeles Lakers (CURSE),1.55,False
2026-08-12T22:36:50.264982+00:00,13673685422,GG League - 4x5 Min de juego,False,Los Angeles Lakers,CURSE,Oklahoma City Thunder,CALAMITY,Los Angeles Lakers (CURSE),Oklahoma City Thunder (CALAMITY),,,,12/08/2026 22:43:00,97,moneyline_1x2,,Oklahoma City Thunder (CALAMITY),2.2,False
2026-08-12T22:38:51.174675+00:00,13673684350,GG League - 4x5 Min de juego,False,Memphis Grizzlies,PHARAOH,Cleveland Cavaliers,AZURE,Memphis Grizzlies (PHARAOH),Cleveland Cavaliers (AZURE),,,,12/08/2026 23:03:00,97,moneyline_1x2,,Memphis Grizzlies (PHARAOH),2.6,False
2026-08-12T22:38:51.174675+00:00,13673684350,GG League - 4x5 Min de juego,False,Memphis Grizzlies,PHARAOH,Cleveland Cavaliers,AZURE,Memphis Grizzlies (PHARAOH),Cleveland Cavaliers (AZURE),,,,12/08/2026 23:03:00,97,moneyline_1x2,,Cleveland Cavaliers (AZURE),1.4,False
2026-08-12T22:38:51.174675+00:00,13673684349,GG League - 4x5 Min de juego,False,Charlotte Hornets,STING,Denver Nuggets,ADMIRAL,Charlotte Hornets (STING),Denver Nuggets (ADMIRAL),,,,12/08/2026 22:59:00,97,moneyline_1x2,,Charlotte Hornets (STING),1.5,False
2026-08-12T22:38:51.174675+00:00,13673684349,GG League - 4x5 Min de juego,False,Charlotte Hornets,STING,Denver Nuggets,ADMIRAL,Charlotte Hornets (STING),Denver Nuggets (ADMIRAL),,,,12/08/2026 22:59:00,97,moneyline_1x2,,Denver Nuggets (ADMIRAL),2.35,False
2026-08-12T22:38:51.174675+00:00,13673685780,GG League - 4x5 Min de juego,False,Dallas Mavericks,SPARKZ,Orlando Magic,UNDERRATED,Dallas Mavericks (SPARKZ),Orlando Magic (UNDERRATED),,,,12/08/2026 23:51:00,97,moneyline_1x2,,Dallas Mavericks (SPARKZ),1.57,False
2026-08-12T22:38:51.174675+00:00,13673685780,GG League - 4x5 Min de juego,False,Dallas Mavericks,SPARKZ,Orlando Magic,UNDERRATED,Dallas Mavericks (SPARKZ),Orlando Magic (UNDERRATED),,,,12/08/2026 23:51:00,97,moneyline_1x2,,Orlando Magic (UNDERRATED),2.15,False
2026-08-12T22:38:51.174675+00:00,13673666929,GG League - 4x5 Min de juego,False,New York Knicks,RADIANT,Oklahoma City Thunder,STING,New York Knicks (RADIANT),Oklahoma City Thunder (STING),,,,13/08/2026 00:03:00,97,moneyline_1x2,,New York Knicks (RADIANT),2.35,False
2026-08-12T22:38:51.174675+00:00,13673666929,GG League - 4x5 Min de juego,False,New York Knicks,RADIANT,Oklahoma City Thunder,STING,New York Knicks (RADIANT),Oklahoma City Thunder (STING),,,,13/08/2026 00:03:00,97,moneyline_1x2,,Oklahoma City Thunder (STING),1.5,False
2026-08-12T22:38:51.174675+00:00,13673683915,GG League - 4x5 Min de juego,True,Cleveland Cavaliers,DAGGER,Milwaukee Bucks,GENERAL,Cleveland Cavaliers (DAGGER),Milwaukee Bucks (GENERAL),3º Cuarto,36,34,12/08/2026 22:23:00,97,moneyline_1x2,,Cleveland Cavaliers (DAGGER),1.5,False
2026-08-12T22:38:51.174675+00:00,13673683915,GG League - 4x5 Min de juego,True,Cleveland Cavaliers,DAGGER,Milwaukee Bucks,GENERAL,Cleveland Cavaliers (DAGGER),Milwaukee Bucks (GENERAL),3º Cuarto,36,34,12/08/2026 22:23:00,97,moneyline_1x2,,Milwaukee Bucks (GENERAL),2.35,False
2026-08-12T22:38:51.174675+00:00,13673685424,GG League - 4x5 Min de juego,False,Los Angeles Lakers,AIRFORCE,Oklahoma City Thunder,CYPHER,Los Angeles Lakers (AIRFORCE),Oklahoma City Thunder (CYPHER),,,,12/08/2026 22:51:00,97,moneyline_1x2,,Los Angeles Lakers (AIRFORCE),1.5,False
2026-08-12T22:38:51.174675+00:00,13673685424,GG League - 4x5 Min de juego,False,Los Angeles Lakers,AIRFORCE,Oklahoma City Thunder,CYPHER,Los Angeles Lakers (AIRFORCE),Oklahoma City Thunder (CYPHER),,,,12/08/2026 22:51:00,97,moneyline_1x2,,Oklahoma City Thunder (CYPHER),2.3,False
2026-08-12T22:38:51.174675+00:00,13673685778,GG League - 4x5 Min de juego,False,Los Angeles Lakers,SIGNAL,New York Knicks,PATIENCE,Los Angeles Lakers (SIGNAL),New York Knicks (PATIENCE),,,,12/08/2026 23:35:00,97,moneyline_1x2,,Los Angeles Lakers (SIGNAL),2.35,False
2026-08-12T22:38:51.174675+00:00,13673685778,GG League - 4x5 Min de juego,False,Los Angeles Lakers,SIGNAL,New York Knicks,PATIENCE,Los Angeles Lakers (SIGNAL),New York Knicks (PATIENCE),,,,12/08/2026 23:35:00,97,moneyline_1x2,,New York Knicks (PATIENCE),1.5,False
2026-08-12T22:38:51.174675+00:00,13673685775,GG League - 4x5 Min de juego,True,Miami Heat,MYTH,Toronto Raptors,CYPHER,Miami Heat (MYTH),Toronto Raptors (CYPHER),4º cuarto,38,34,12/08/2026 22:19:00,97,moneyline_1x2,,Miami Heat (MYTH),1.19,False
2026-08-12T22:38:51.174675+00:00,13673685775,GG League - 4x5 Min de juego,True,Miami Heat,MYTH,Toronto Raptors,CYPHER,Miami Heat (MYTH),Toronto Raptors (CYPHER),4º cuarto,38,34,12/08/2026 22:19:00,97,moneyline_1x2,,Toronto Raptors (CYPHER),3.9,False
2026-08-12T22:38:51.174675+00:00,13673684118,GG League - 4x5 Min de juego,False,Chicago Bulls,OREZ,Miami Heat,UNDERRATED,Chicago Bulls (OREZ),Miami Heat (UNDERRATED),,,,12/08/2026 22:47:00,97,moneyline_1x2,,Chicago Bulls (OREZ),2.15,False
2026-08-12T22:38:51.174675+00:00,13673684118,GG League - 4x5 Min de juego,False,Chicago Bulls,OREZ,Miami Heat,UNDERRATED,Chicago Bulls (OREZ),Miami Heat (UNDERRATED),,,,12/08/2026 22:47:00,97,moneyline_1x2,,Miami Heat (UNDERRATED),1.57,False
2026-08-12T22:38:51.174675+00:00,13673664429,GG League - 4x5 Min de juego,False,New York Knicks,PATIENCE,Oklahoma City Thunder,AZURE,New York Knicks (PATIENCE),Oklahoma City Thunder (AZURE),,,,13/08/2026 00:07:00,97,moneyline_1x2,,New York Knicks (PATIENCE),1.3,False
2026-08-12T22:38:51.174675+00:00,13673664429,GG League - 4x5 Min de juego,False,New York Knicks,PATIENCE,Oklahoma City Thunder,AZURE,New York Knicks (PATIENCE),Oklahoma City Thunder (AZURE),,,,13/08/2026 00:07:00,97,moneyline_1x2,,Oklahoma City Thunder (AZURE),2.95,False
2026-08-12T22:38:51.174675+00:00,13673685777,GG League - 4x5 Min de juego,True,Los Angeles Lakers,SIGNAL,Oklahoma City Thunder,AZURE,Los Angeles Lakers (SIGNAL),Oklahoma City Thunder (AZURE),2º cuarto,14,25,12/08/2026 22:31:00,97,moneyline_1x2,,Los Angeles Lakers (SIGNAL),4.75,False
2026-08-12T22:38:51.174675+00:00,13673685777,GG League - 4x5 Min de juego,True,Los Angeles Lakers,SIGNAL,Oklahoma City Thunder,AZURE,Los Angeles Lakers (SIGNAL),Oklahoma City Thunder (AZURE),2º cuarto,14,25,12/08/2026 22:31:00,97,moneyline_1x2,,Oklahoma City Thunder (AZURE),1.12,False
2026-08-12T22:38:51.174675+00:00,13673684715,GG League - 4x5 Min de juego,False,Brooklyn Nets,MARINE,Toronto Raptors,SPARKZ,Brooklyn Nets (MARINE),Toronto Raptors (SPARKZ),,,,12/08/2026 23:19:00,97,moneyline_1x2,,Brooklyn Nets (MARINE),2.3,False
2026-08-12T22:38:51.174675+00:00,13673684715,GG League - 4x5 Min de juego,False,Brooklyn Nets,MARINE,Toronto Raptors,SPARKZ,Brooklyn Nets (MARINE),Toronto Raptors (SPARKZ),,,,12/08/2026 23:19:00,97,moneyline_1x2,,Toronto Raptors (SPARKZ),1.5,False
2026-08-12T22:38:51.174675+00:00,13673685429,GG League - 4x5 Min de juego,False,New York Knicks,RADIANT,Los Angeles Lakers,ADMIRAL,New York Knicks (RADIANT),Los Angeles Lakers (ADMIRAL),,,,12/08/2026 23:31:00,97,moneyline_1x2,,New York Knicks (RADIANT),1.43,False
2026-08-12T22:38:51.174675+00:00,13673685429,GG League - 4x5 Min de juego,False,New York Knicks,RADIANT,Los Angeles Lakers,ADMIRAL,New York Knicks (RADIANT),Los Angeles Lakers (ADMIRAL),,,,12/08/2026 23:31:00,97,moneyline_1x2,,Los Angeles Lakers (ADMIRAL),2.5,False
2026-08-12T22:38:51.174675+00:00,13673684119,GG League - 4x5 Min de juego,False,Dallas Mavericks,JUGGERNAUT,Charlotte Hornets,GENERAL,Dallas Mavericks (JUGGERNAUT),Charlotte Hornets (GENERAL),,,,12/08/2026 22:55:00,97,moneyline_1x2,,Dallas Mavericks (JUGGERNAUT),1.55,False
2026-08-12T22:38:51.174675+00:00,13673684119,GG League - 4x5 Min de juego,False,Dallas Mavericks,JUGGERNAUT,Charlotte Hornets,GENERAL,Dallas Mavericks (JUGGERNAUT),Charlotte Hornets (GENERAL),,,,12/08/2026 22:55:00,97,moneyline_1x2,,Charlotte Hornets (GENERAL),2.2,False
2026-08-12T22:38:51.174675+00:00,13673684716,GG League - 4x5 Min de juego,False,Miami Heat,MYTH,Brooklyn Nets,KARMA,Miami Heat (MYTH),Brooklyn Nets (KARMA),,,,12/08/2026 23:23:00,97,moneyline_1x2,,Miami Heat (MYTH),2.15,False
2026-08-12T22:38:51.174675+00:00,13673684716,GG League - 4x5 Min de juego,False,Miami Heat,MYTH,Brooklyn Nets,KARMA,Miami Heat (MYTH),Brooklyn Nets (KARMA),,,,12/08/2026 23:23:00,97,moneyline_1x2,,Brooklyn Nets (KARMA),1.57,False
2026-08-12T22:38:51.174675+00:00,13673685420,GG League - 4x5 Min de juego,True,Los Angeles Lakers,ADMIRAL,New York Knicks,RADIANT,Los Angeles Lakers (ADMIRAL),New York Knicks (RADIANT),2º cuarto,30,19,12/08/2026 22:27:00,97,moneyline_1x2,,Los Angeles Lakers (ADMIRAL),1.07,False
2026-08-12T22:38:51.174675+00:00,13673685420,GG League - 4x5 Min de juego,True,Los Angeles Lakers,ADMIRAL,New York Knicks,RADIANT,Los Angeles Lakers (ADMIRAL),New York Knicks (RADIANT),2º cuarto,30,19,12/08/2026 22:27:00,97,moneyline_1x2,,New York Knicks (RADIANT),6.0,False
2026-08-12T22:38:51.174675+00:00,13673685520,GG League - 4x5 Min de juego,False,Phoenix Suns,NIGHTHAWK,Milwaukee Bucks,GENERAL,Phoenix Suns (NIGHTHAWK),Milwaukee Bucks (GENERAL),,,,12/08/2026 23:59:00,97,moneyline_1x2,,Phoenix Suns (NIGHTHAWK),1.35,False
2026-08-12T22:38:51.174675+00:00,13673685520,GG League - 4x5 Min de juego,False,Phoenix Suns,NIGHTHAWK,Milwaukee Bucks,GENERAL,Phoenix Suns (NIGHTHAWK),Milwaukee Bucks (GENERAL),,,,12/08/2026 23:59:00,97,moneyline_1x2,,Milwaukee Bucks (GENERAL),2.8,False
2026-08-12T22:38:51.174675+00:00,13673685720,GG League - 4x5 Min de juego,False,Orlando Magic,HUNCHO,Charlotte Hornets,CALAMITY,Orlando Magic (HUNCHO),Charlotte Hornets (CALAMITY),,,,12/08/2026 23:47:00,97,moneyline_1x2,,Orlando Magic (HUNCHO),1.62,False
2026-08-12T22:38:51.174675+00:00,13673685720,GG League - 4x5 Min de juego,False,Orlando Magic,HUNCHO,Charlotte Hornets,CALAMITY,Orlando Magic (HUNCHO),Charlotte Hornets (CALAMITY),,,,12/08/2026 23:47:00,97,moneyline_1x2,,Charlotte Hornets (CALAMITY),2.05,False
2026-08-12T22:38:51.174675+00:00,13673685454,GG League - 4x5 Min de juego,False,Brooklyn Nets,KARMA,Toronto Raptors,CYPHER,Brooklyn Nets (KARMA),Toronto Raptors (CYPHER),,,,12/08/2026 23:55:00,97,moneyline_1x2,,Brooklyn Nets (KARMA),1.5,False
2026-08-12T22:38:51.174675+00:00,13673685454,GG League - 4x5 Min de juego,False,Brooklyn Nets,KARMA,Toronto Raptors,CYPHER,Brooklyn Nets (KARMA),Toronto Raptors (CYPHER),,,,12/08/2026 23:55:00,97,moneyline_1x2,,Toronto Raptors (CYPHER),2.3,False
2026-08-12T22:38:51.174675+00:00,13673685718,GG League - 4x5 Min de juego,False,New York Knicks,JACKAL,Boston Celtics,HUNCHO,New York Knicks (JACKAL),Boston Celtics (HUNCHO),,,,12/08/2026 23:15:00,97,moneyline_1x2,,New York Knicks (JACKAL),1.62,False
2026-08-12T22:38:51.174675+00:00,13673685718,GG League - 4x5 Min de juego,False,New York Knicks,JACKAL,Boston Celtics,HUNCHO,New York Knicks (JACKAL),Boston Celtics (HUNCHO),,,,12/08/2026 23:15:00,97,moneyline_1x2,,Boston Celtics (HUNCHO),2.05,False
2026-08-12T22:38:51.174675+00:00,13673685422,GG League - 4x5 Min de juego,False,Los Angeles Lakers,CURSE,Oklahoma City Thunder,CALAMITY,Los Angeles Lakers (CURSE),Oklahoma City Thunder (CALAMITY),,,,12/08/2026 22:43:00,97,moneyline_1x2,,Los Angeles Lakers (CURSE),1.55,False
2026-08-12T22:38:51.174675+00:00,13673685422,GG League - 4x5 Min de juego,False,Los Angeles Lakers,CURSE,Oklahoma City Thunder,CALAMITY,Los Angeles Lakers (CURSE),Oklahoma City Thunder (CALAMITY),,,,12/08/2026 22:43:00,97,moneyline_1x2,,Oklahoma City Thunder (CALAMITY),2.2,False
2026-08-12T22:41:16.709823+00:00,13673684350,GG League - 4x5 Min de juego,False,Memphis Grizzlies,PHARAOH,Cleveland Cavaliers,AZURE,Memphis Grizzlies (PHARAOH),Cleveland Cavaliers (AZURE),,,,12/08/2026 23:03:00,97,moneyline_1x2,,Memphis Grizzlies (PHARAOH),2.6,False
2026-08-12T22:41:16.709823+00:00,13673684350,GG League - 4x5 Min de juego,False,Memphis Grizzlies,PHARAOH,Cleveland Cavaliers,AZURE,Memphis Grizzlies (PHARAOH),Cleveland Cavaliers (AZURE),,,,12/08/2026 23:03:00,97,moneyline_1x2,,Cleveland Cavaliers (AZURE),1.4,False
2026-08-12T22:41:16.709823+00:00,13673684349,GG League - 4x5 Min de juego,False,Charlotte Hornets,STING,Denver Nuggets,ADMIRAL,Charlotte Hornets (STING),Denver Nuggets (ADMIRAL),,,,12/08/2026 22:59:00,97,moneyline_1x2,,Charlotte Hornets (STING),1.5,False
2026-08-12T22:41:16.709823+00:00,13673684349,GG League - 4x5 Min de juego,False,Charlotte Hornets,STING,Denver Nuggets,ADMIRAL,Charlotte Hornets (STING),Denver Nuggets (ADMIRAL),,,,12/08/2026 22:59:00,97,moneyline_1x2,,Denver Nuggets (ADMIRAL),2.35,False
2026-08-12T22:41:16.709823+00:00,13673685780,GG League - 4x5 Min de juego,False,Dallas Mavericks,SPARKZ,Orlando Magic,UNDERRATED,Dallas Mavericks (SPARKZ),Orlando Magic (UNDERRATED),,,,12/08/2026 23:51:00,97,moneyline_1x2,,Dallas Mavericks (SPARKZ),1.57,False
2026-08-12T22:41:16.709823+00:00,13673685780,GG League - 4x5 Min de juego,False,Dallas Mavericks,SPARKZ,Orlando Magic,UNDERRATED,Dallas Mavericks (SPARKZ),Orlando Magic (UNDERRATED),,,,12/08/2026 23:51:00,97,moneyline_1x2,,Orlando Magic (UNDERRATED),2.15,False
2026-08-12T22:41:16.709823+00:00,13673666929,GG League - 4x5 Min de juego,False,New York Knicks,RADIANT,Oklahoma City Thunder,STING,New York Knicks (RADIANT),Oklahoma City Thunder (STING),,,,13/08/2026 00:03:00,97,moneyline_1x2,,New York Knicks (RADIANT),2.35,False
2026-08-12T22:41:16.709823+00:00,13673666929,GG League - 4x5 Min de juego,False,New York Knicks,RADIANT,Oklahoma City Thunder,STING,New York Knicks (RADIANT),Oklahoma City Thunder (STING),,,,13/08/2026 00:03:00,97,moneyline_1x2,,Oklahoma City Thunder (STING),1.5,False
2026-08-12T22:41:16.709823+00:00,13673683915,GG League - 4x5 Min de juego,True,Cleveland Cavaliers,DAGGER,Milwaukee Bucks,GENERAL,Cleveland Cavaliers (DAGGER),Milwaukee Bucks (GENERAL),3º Cuarto,44,42,12/08/2026 22:23:00,97,moneyline_1x2,,Cleveland Cavaliers (DAGGER),1.43,False
2026-08-12T22:41:16.709823+00:00,13673683915,GG League - 4x5 Min de juego,True,Cleveland Cavaliers,DAGGER,Milwaukee Bucks,GENERAL,Cleveland Cavaliers (DAGGER),Milwaukee Bucks (GENERAL),3º Cuarto,44,42,12/08/2026 22:23:00,97,moneyline_1x2,,Milwaukee Bucks (GENERAL),2.5,False
2026-08-12T22:41:16.709823+00:00,13673685424,GG League - 4x5 Min de juego,False,Los Angeles Lakers,AIRFORCE,Oklahoma City Thunder,CYPHER,Los Angeles Lakers (AIRFORCE),Oklahoma City Thunder (CYPHER),,,,12/08/2026 22:51:00,97,moneyline_1x2,,Los Angeles Lakers (AIRFORCE),1.5,False
2026-08-12T22:41:16.709823+00:00,13673685424,GG League - 4x5 Min de juego,False,Los Angeles Lakers,AIRFORCE,Oklahoma City Thunder,CYPHER,Los Angeles Lakers (AIRFORCE),Oklahoma City Thunder (CYPHER),,,,12/08/2026 22:51:00,97,moneyline_1x2,,Oklahoma City Thunder (CYPHER),2.3,False
2026-08-12T22:41:16.709823+00:00,13673685778,GG League - 4x5 Min de juego,False,Los Angeles Lakers,SIGNAL,New York Knicks,PATIENCE,Los Angeles Lakers (SIGNAL),New York Knicks (PATIENCE),,,,12/08/2026 23:35:00,97,moneyline_1x2,,Los Angeles Lakers (SIGNAL),2.35,False
2026-08-12T22:41:16.709823+00:00,13673685778,GG League - 4x5 Min de juego,False,Los Angeles Lakers,SIGNAL,New York Knicks,PATIENCE,Los Angeles Lakers (SIGNAL),New York Knicks (PATIENCE),,,,12/08/2026 23:35:00,97,moneyline_1x2,,New York Knicks (PATIENCE),1.5,False
2026-08-12T22:41:16.709823+00:00,13673685775,GG League - 4x5 Min de juego,True,Miami Heat,MYTH,Toronto Raptors,CYPHER,Miami Heat (MYTH),Toronto Raptors (CYPHER),4º cuarto,44,39,12/08/2026 22:19:00,97,moneyline_1x2,,Miami Heat (MYTH),1.04,False
2026-08-12T22:41:16.709823+00:00,13673685775,GG League - 4x5 Min de juego,True,Miami Heat,MYTH,Toronto Raptors,CYPHER,Miami Heat (MYTH),Toronto Raptors (CYPHER),4º cuarto,44,39,12/08/2026 22:19:00,97,moneyline_1x2,,Toronto Raptors (CYPHER),7.25,False
2026-08-12T22:41:16.709823+00:00,13673684118,GG League - 4x5 Min de juego,False,Chicago Bulls,OREZ,Miami Heat,UNDERRATED,Chicago Bulls (OREZ),Miami Heat (UNDERRATED),,,,12/08/2026 22:47:00,97,moneyline_1x2,,Chicago Bulls (OREZ),2.15,False
2026-08-12T22:41:16.709823+00:00,13673684118,GG League - 4x5 Min de juego,False,Chicago Bulls,OREZ,Miami Heat,UNDERRATED,Chicago Bulls (OREZ),Miami Heat (UNDERRATED),,,,12/08/2026 22:47:00,97,moneyline_1x2,,Miami Heat (UNDERRATED),1.57,False
2026-08-12T22:41:16.709823+00:00,13673664429,GG League - 4x5 Min de juego,False,New York Knicks,PATIENCE,Oklahoma City Thunder,AZURE,New York Knicks (PATIENCE),Oklahoma City Thunder (AZURE),,,,13/08/2026 00:07:00,97,moneyline_1x2,,New York Knicks (PATIENCE),1.3,False
2026-08-12T22:41:16.709823+00:00,13673664429,GG League - 4x5 Min de juego,False,New York Knicks,PATIENCE,Oklahoma City Thunder,AZURE,New York Knicks (PATIENCE),Oklahoma City Thunder (AZURE),,,,13/08/2026 00:07:00,97,moneyline_1x2,,Oklahoma City Thunder (AZURE),2.95,False
2026-08-12T22:41:16.709823+00:00,13673685777,GG League - 4x5 Min de juego,True,Los Angeles Lakers,SIGNAL,Oklahoma City Thunder,AZURE,Los Angeles Lakers (SIGNAL),Oklahoma City Thunder (AZURE),2º cuarto,22,32,12/08/2026 22:31:00,97,moneyline_1x2,,Los Angeles Lakers (SIGNAL),4.75,False
2026-08-12T22:41:16.709823+00:00,13673685777,GG League - 4x5 Min de juego,True,Los Angeles Lakers,SIGNAL,Oklahoma City Thunder,AZURE,Los Angeles Lakers (SIGNAL),Oklahoma City Thunder (AZURE),2º cuarto,22,32,12/08/2026 22:31:00,97,moneyline_1x2,,Oklahoma City Thunder (AZURE),1.12,False
2026-08-12T22:41:16.709823+00:00,13673684715,GG League - 4x5 Min de juego,False,Brooklyn Nets,MARINE,Toronto Raptors,SPARKZ,Brooklyn Nets (MARINE),Toronto Raptors (SPARKZ),,,,12/08/2026 23:19:00,97,moneyline_1x2,,Brooklyn Nets (MARINE),2.3,False
2026-08-12T22:41:16.709823+00:00,13673684715,GG League - 4x5 Min de juego,False,Brooklyn Nets,MARINE,Toronto Raptors,SPARKZ,Brooklyn Nets (MARINE),Toronto Raptors (SPARKZ),,,,12/08/2026 23:19:00,97,moneyline_1x2,,Toronto Raptors (SPARKZ),1.5,False
2026-08-12T22:41:16.709823+00:00,13673685429,GG League - 4x5 Min de juego,False,New York Knicks,RADIANT,Los Angeles Lakers,ADMIRAL,New York Knicks (RADIANT),Los Angeles Lakers (ADMIRAL),,,,12/08/2026 23:31:00,97,moneyline_1x2,,New York Knicks (RADIANT),1.43,False
2026-08-12T22:41:16.709823+00:00,13673685429,GG League - 4x5 Min de juego,False,New York Knicks,RADIANT,Los Angeles Lakers,ADMIRAL,New York Knicks (RADIANT),Los Angeles Lakers (ADMIRAL),,,,12/08/2026 23:31:00,97,moneyline_1x2,,Los Angeles Lakers (ADMIRAL),2.5,False
2026-08-12T22:41:16.709823+00:00,13673684119,GG League - 4x5 Min de juego,False,Dallas Mavericks,JUGGERNAUT,Charlotte Hornets,GENERAL,Dallas Mavericks (JUGGERNAUT),Charlotte Hornets (GENERAL),,,,12/08/2026 22:55:00,97,moneyline_1x2,,Dallas Mavericks (JUGGERNAUT),1.55,False
2026-08-12T22:41:16.709823+00:00,13673684119,GG League - 4x5 Min de juego,False,Dallas Mavericks,JUGGERNAUT,Charlotte Hornets,GENERAL,Dallas Mavericks (JUGGERNAUT),Charlotte Hornets (GENERAL),,,,12/08/2026 22:55:00,97,moneyline_1x2,,Charlotte Hornets (GENERAL),2.2,False
2026-08-12T22:41:16.709823+00:00,13673684716,GG League - 4x5 Min de juego,False,Miami Heat,MYTH,Brooklyn Nets,KARMA,Miami Heat (MYTH),Brooklyn Nets (KARMA),,,,12/08/2026 23:23:00,97,moneyline_1x2,,Miami Heat (MYTH),2.15,False
2026-08-12T22:41:16.709823+00:00,13673684716,GG League - 4x5 Min de juego,False,Miami Heat,MYTH,Brooklyn Nets,KARMA,Miami Heat (MYTH),Brooklyn Nets (KARMA),,,,12/08/2026 23:23:00,97,moneyline_1x2,,Brooklyn Nets (KARMA),1.57,False
2026-08-12T22:41:16.709823+00:00,13673685420,GG League - 4x5 Min de juego,True,Los Angeles Lakers,ADMIRAL,New York Knicks,RADIANT,Los Angeles Lakers (ADMIRAL),New York Knicks (RADIANT),3º Cuarto,36,21,12/08/2026 22:27:00,97,moneyline_1x2,,Los Angeles Lakers (ADMIRAL),1.01,False
2026-08-12T22:41:16.709823+00:00,13673685420,GG League - 4x5 Min de juego,True,Los Angeles Lakers,ADMIRAL,New York Knicks,RADIANT,Los Angeles Lakers (ADMIRAL),New York Knicks (RADIANT),3º Cuarto,36,21,12/08/2026 22:27:00,97,moneyline_1x2,,New York Knicks (RADIANT),9.0,False
2026-08-12T22:41:16.709823+00:00,13673685520,GG League - 4x5 Min de juego,False,Phoenix Suns,NIGHTHAWK,Milwaukee Bucks,GENERAL,Phoenix Suns (NIGHTHAWK),Milwaukee Bucks (GENERAL),,,,12/08/2026 23:59:00,97,moneyline_1x2,,Phoenix Suns (NIGHTHAWK),1.35,False
2026-08-12T22:41:16.709823+00:00,13673685520,GG League - 4x5 Min de juego,False,Phoenix Suns,NIGHTHAWK,Milwaukee Bucks,GENERAL,Phoenix Suns (NIGHTHAWK),Milwaukee Bucks (GENERAL),,,,12/08/2026 23:59:00,97,moneyline_1x2,,Milwaukee Bucks (GENERAL),2.8,False
2026-08-12T22:41:16.709823+00:00,13673685720,GG League - 4x5 Min de juego,False,Orlando Magic,HUNCHO,Charlotte Hornets,CALAMITY,Orlando Magic (HUNCHO),Charlotte Hornets (CALAMITY),,,,12/08/2026 23:47:00,97,moneyline_1x2,,Orlando Magic (HUNCHO),1.62,False
2026-08-12T22:41:16.709823+00:00,13673685720,GG League - 4x5 Min de juego,False,Orlando Magic,HUNCHO,Charlotte Hornets,CALAMITY,Orlando Magic (HUNCHO),Charlotte Hornets (CALAMITY),,,,12/08/2026 23:47:00,97,moneyline_1x2,,Charlotte Hornets (CALAMITY),2.05,False
2026-08-12T22:41:16.709823+00:00,13673685454,GG League - 4x5 Min de juego,False,Brooklyn Nets,KARMA,Toronto Raptors,CYPHER,Brooklyn Nets (KARMA),Toronto Raptors (CYPHER),,,,12/08/2026 23:55:00,97,moneyline_1x2,,Brooklyn Nets (KARMA),1.5,False
2026-08-12T22:41:16.709823+00:00,13673685454,GG League - 4x5 Min de juego,False,Brooklyn Nets,KARMA,Toronto Raptors,CYPHER,Brooklyn Nets (KARMA),Toronto Raptors (CYPHER),,,,12/08/2026 23:55:00,97,moneyline_1x2,,Toronto Raptors (CYPHER),2.3,False
2026-08-12T22:41:16.709823+00:00,13673685718,GG League - 4x5 Min de juego,False,New York Knicks,JACKAL,Boston Celtics,HUNCHO,New York Knicks (JACKAL),Boston Celtics (HUNCHO),,,,12/08/2026 23:15:00,97,moneyline_1x2,,New York Knicks (JACKAL),1.62,False
2026-08-12T22:41:16.709823+00:00,13673685718,GG League - 4x5 Min de juego,False,New York Knicks,JACKAL,Boston Celtics,HUNCHO,New York Knicks (JACKAL),Boston Celtics (HUNCHO),,,,12/08/2026 23:15:00,97,moneyline_1x2,,Boston Celtics (HUNCHO),2.05,False
2026-08-12T22:41:16.709823+00:00,13673685422,GG League - 4x5 Min de juego,False,Los Angeles Lakers,CURSE,Oklahoma City Thunder,CALAMITY,Los Angeles Lakers (CURSE),Oklahoma City Thunder (CALAMITY),,,,12/08/2026 22:43:00,97,moneyline_1x2,,Los Angeles Lakers (CURSE),1.55,False
2026-08-12T22:41:16.709823+00:00,13673685422,GG League - 4x5 Min de juego,False,Los Angeles Lakers,CURSE,Oklahoma City Thunder,CALAMITY,Los Angeles Lakers (CURSE),Oklahoma City Thunder (CALAMITY),,,,12/08/2026 22:43:00,97,moneyline_1x2,,Oklahoma City Thunder (CALAMITY),2.2,False
2026-08-12T22:42:50.655899+00:00,13673684350,GG League - 4x5 Min de juego,False,Memphis Grizzlies,PHARAOH,Cleveland Cavaliers,AZURE,Memphis Grizzlies (PHARAOH),Cleveland Cavaliers (AZURE),,,,12/08/2026 23:03:00,97,moneyline_1x2,,Memphis Grizzlies (PHARAOH),2.6,False
2026-08-12T22:42:50.655899+00:00,13673684350,GG League - 4x5 Min de juego,False,Memphis Grizzlies,PHARAOH,Cleveland Cavaliers,AZURE,Memphis Grizzlies (PHARAOH),Cleveland Cavaliers (AZURE),,,,12/08/2026 23:03:00,97,moneyline_1x2,,Cleveland Cavaliers (AZURE),1.4,False
2026-08-12T22:42:50.655899+00:00,13673684349,GG League - 4x5 Min de juego,False,Charlotte Hornets,STING,Denver Nuggets,ADMIRAL,Charlotte Hornets (STING),Denver Nuggets (ADMIRAL),,,,12/08/2026 22:59:00,97,moneyline_1x2,,Charlotte Hornets (STING),1.5,False
2026-08-12T22:42:50.655899+00:00,13673684349,GG League - 4x5 Min de juego,False,Charlotte Hornets,STING,Denver Nuggets,ADMIRAL,Charlotte Hornets (STING),Denver Nuggets (ADMIRAL),,,,12/08/2026 22:59:00,97,moneyline_1x2,,Denver Nuggets (ADMIRAL),2.35,False
2026-08-12T22:42:50.655899+00:00,13673685780,GG League - 4x5 Min de juego,False,Dallas Mavericks,SPARKZ,Orlando Magic,UNDERRATED,Dallas Mavericks (SPARKZ),Orlando Magic (UNDERRATED),,,,12/08/2026 23:51:00,97,moneyline_1x2,,Dallas Mavericks (SPARKZ),1.57,False
2026-08-12T22:42:50.655899+00:00,13673685780,GG League - 4x5 Min de juego,False,Dallas Mavericks,SPARKZ,Orlando Magic,UNDERRATED,Dallas Mavericks (SPARKZ),Orlando Magic (UNDERRATED),,,,12/08/2026 23:51:00,97,moneyline_1x2,,Orlando Magic (UNDERRATED),2.15,False
2026-08-12T22:42:50.655899+00:00,13673666929,GG League - 4x5 Min de juego,False,New York Knicks,RADIANT,Oklahoma City Thunder,STING,New York Knicks (RADIANT),Oklahoma City Thunder (STING),,,,13/08/2026 00:03:00,97,moneyline_1x2,,New York Knicks (RADIANT),2.35,False
2026-08-12T22:42:50.655899+00:00,13673666929,GG League - 4x5 Min de juego,False,New York Knicks,RADIANT,Oklahoma City Thunder,STING,New York Knicks (RADIANT),Oklahoma City Thunder (STING),,,,13/08/2026 00:03:00,97,moneyline_1x2,,Oklahoma City Thunder (STING),1.5,False
2026-08-12T22:42:50.655899+00:00,13673683915,GG League - 4x5 Min de juego,True,Cleveland Cavaliers,DAGGER,Milwaukee Bucks,GENERAL,Cleveland Cavaliers (DAGGER),Milwaukee Bucks (GENERAL),4º cuarto,47,44,12/08/2026 22:23:00,97,moneyline_1x2,,Cleveland Cavaliers (DAGGER),1.28,False
2026-08-12T22:42:50.655899+00:00,13673683915,GG League - 4x5 Min de juego,True,Cleveland Cavaliers,DAGGER,Milwaukee Bucks,GENERAL,Cleveland Cavaliers (DAGGER),Milwaukee Bucks (GENERAL),4º cuarto,47,44,12/08/2026 22:23:00,97,moneyline_1x2,,Milwaukee Bucks (GENERAL),3.15,False
2026-08-12T22:42:50.655899+00:00,13673685424,GG League - 4x5 Min de juego,False,Los Angeles Lakers,AIRFORCE,Oklahoma City Thunder,CYPHER,Los Angeles Lakers (AIRFORCE),Oklahoma City Thunder (CYPHER),,,,12/08/2026 22:51:00,97,moneyline_1x2,,Los Angeles Lakers (AIRFORCE),1.5,False
2026-08-12T22:42:50.655899+00:00,13673685424,GG League - 4x5 Min de juego,False,Los Angeles Lakers,AIRFORCE,Oklahoma City Thunder,CYPHER,Los Angeles Lakers (AIRFORCE),Oklahoma City Thunder (CYPHER),,,,12/08/2026 22:51:00,97,moneyline_1x2,,Oklahoma City Thunder (CYPHER),2.3,False
2026-08-12T22:42:50.655899+00:00,13673685778,GG League - 4x5 Min de juego,False,Los Angeles Lakers,SIGNAL,New York Knicks,PATIENCE,Los Angeles Lakers (SIGNAL),New York Knicks (PATIENCE),,,,12/08/2026 23:35:00,97,moneyline_1x2,,Los Angeles Lakers (SIGNAL),2.35,False
2026-08-12T22:42:50.655899+00:00,13673685778,GG League - 4x5 Min de juego,False,Los Angeles Lakers,SIGNAL,New York Knicks,PATIENCE,Los Angeles Lakers (SIGNAL),New York Knicks (PATIENCE),,,,12/08/2026 23:35:00,97,moneyline_1x2,,New York Knicks (PATIENCE),1.5,False
2026-08-12T22:42:50.655899+00:00,13673684118,GG League - 4x5 Min de juego,False,Chicago Bulls,OREZ,Miami Heat,UNDERRATED,Chicago Bulls (OREZ),Miami Heat (UNDERRATED),,,,12/08/2026 22:47:00,97,moneyline_1x2,,Chicago Bulls (OREZ),2.15,False
2026-08-12T22:42:50.655899+00:00,13673684118,GG League - 4x5 Min de juego,False,Chicago Bulls,OREZ,Miami Heat,UNDERRATED,Chicago Bulls (OREZ),Miami Heat (UNDERRATED),,,,12/08/2026 22:47:00,97,moneyline_1x2,,Miami Heat (UNDERRATED),1.57,False
2026-08-12T22:42:50.655899+00:00,13673664429,GG League - 4x5 Min de juego,False,New York Knicks,PATIENCE,Oklahoma City Thunder,AZURE,New York Knicks (PATIENCE),Oklahoma City Thunder (AZURE),,,,13/08/2026 00:07:00,97,moneyline_1x2,,New York Knicks (PATIENCE),1.3,False
2026-08-12T22:42:50.655899+00:00,13673664429,GG League - 4x5 Min de juego,False,New York Knicks,PATIENCE,Oklahoma City Thunder,AZURE,New York Knicks (PATIENCE),Oklahoma City Thunder (AZURE),,,,13/08/2026 00:07:00,97,moneyline_1x2,,Oklahoma City Thunder (AZURE),2.95,False
2026-08-12T22:42:50.655899+00:00,13673685777,GG League - 4x5 Min de juego,True,Los Angeles Lakers,SIGNAL,Oklahoma City Thunder,AZURE,Los Angeles Lakers (SIGNAL),Oklahoma City Thunder (AZURE),2º cuarto,24,37,12/08/2026 22:31:00,97,moneyline_1x2,,Los Angeles Lakers (SIGNAL),7.5,False
2026-08-12T22:42:50.655899+00:00,13673685777,GG League - 4x5 Min de juego,True,Los Angeles Lakers,SIGNAL,Oklahoma City Thunder,AZURE,Los Angeles Lakers (SIGNAL),Oklahoma City Thunder (AZURE),2º cuarto,24,37,12/08/2026 22:31:00,97,moneyline_1x2,,Oklahoma City Thunder (AZURE),1.03,False
2026-08-12T22:42:50.655899+00:00,13673684715,GG League - 4x5 Min de juego,False,Brooklyn Nets,MARINE,Toronto Raptors,SPARKZ,Brooklyn Nets (MARINE),Toronto Raptors (SPARKZ),,,,12/08/2026 23:19:00,97,moneyline_1x2,,Brooklyn Nets (MARINE),2.3,False
2026-08-12T22:42:50.655899+00:00,13673684715,GG League - 4x5 Min de juego,False,Brooklyn Nets,MARINE,Toronto Raptors,SPARKZ,Brooklyn Nets (MARINE),Toronto Raptors (SPARKZ),,,,12/08/2026 23:19:00,97,moneyline_1x2,,Toronto Raptors (SPARKZ),1.5,False
2026-08-12T22:42:50.655899+00:00,13673685429,GG League - 4x5 Min de juego,False,New York Knicks,RADIANT,Los Angeles Lakers,ADMIRAL,New York Knicks (RADIANT),Los Angeles Lakers (ADMIRAL),,,,12/08/2026 23:31:00,97,moneyline_1x2,,New York Knicks (RADIANT),1.43,False
2026-08-12T22:42:50.655899+00:00,13673685429,GG League - 4x5 Min de juego,False,New York Knicks,RADIANT,Los Angeles Lakers,ADMIRAL,New York Knicks (RADIANT),Los Angeles Lakers (ADMIRAL),,,,12/08/2026 23:31:00,97,moneyline_1x2,,Los Angeles Lakers (ADMIRAL),2.5,False
2026-08-12T22:42:50.655899+00:00,13673684119,GG League - 4x5 Min de juego,False,Dallas Mavericks,JUGGERNAUT,Charlotte Hornets,GENERAL,Dallas Mavericks (JUGGERNAUT),Charlotte Hornets (GENERAL),,,,12/08/2026 22:55:00,97,moneyline_1x2,,Dallas Mavericks (JUGGERNAUT),1.55,False
2026-08-12T22:42:50.655899+00:00,13673684119,GG League - 4x5 Min de juego,False,Dallas Mavericks,JUGGERNAUT,Charlotte Hornets,GENERAL,Dallas Mavericks (JUGGERNAUT),Charlotte Hornets (GENERAL),,,,12/08/2026 22:55:00,97,moneyline_1x2,,Charlotte Hornets (GENERAL),2.2,False
2026-08-12T22:42:50.655899+00:00,13673684716,GG League - 4x5 Min de juego,False,Miami Heat,MYTH,Brooklyn Nets,KARMA,Miami Heat (MYTH),Brooklyn Nets (KARMA),,,,12/08/2026 23:23:00,97,moneyline_1x2,,Miami Heat (MYTH),2.15,False
2026-08-12T22:42:50.655899+00:00,13673684716,GG League - 4x5 Min de juego,False,Miami Heat,MYTH,Brooklyn Nets,KARMA,Miami Heat (MYTH),Brooklyn Nets (KARMA),,,,12/08/2026 23:23:00,97,moneyline_1x2,,Brooklyn Nets (KARMA),1.57,False
2026-08-12T22:42:50.655899+00:00,13673685420,GG League - 4x5 Min de juego,True,Los Angeles Lakers,ADMIRAL,New York Knicks,RADIANT,Los Angeles Lakers (ADMIRAL),New York Knicks (RADIANT),3º Cuarto,38,25,12/08/2026 22:27:00,97,moneyline_1x2,,Los Angeles Lakers (ADMIRAL),1.02,False
2026-08-12T22:42:50.655899+00:00,13673685420,GG League - 4x5 Min de juego,True,Los Angeles Lakers,ADMIRAL,New York Knicks,RADIANT,Los Angeles Lakers (ADMIRAL),New York Knicks (RADIANT),3º Cuarto,38,25,12/08/2026 22:27:00,97,moneyline_1x2,,New York Knicks (RADIANT),8.5,False
2026-08-12T22:42:50.655899+00:00,13673685520,GG League - 4x5 Min de juego,False,Phoenix Suns,NIGHTHAWK,Milwaukee Bucks,GENERAL,Phoenix Suns (NIGHTHAWK),Milwaukee Bucks (GENERAL),,,,12/08/2026 23:59:00,97,moneyline_1x2,,Phoenix Suns (NIGHTHAWK),1.35,False
2026-08-12T22:42:50.655899+00:00,13673685520,GG League - 4x5 Min de juego,False,Phoenix Suns,NIGHTHAWK,Milwaukee Bucks,GENERAL,Phoenix Suns (NIGHTHAWK),Milwaukee Bucks (GENERAL),,,,12/08/2026 23:59:00,97,moneyline_1x2,,Milwaukee Bucks (GENERAL),2.8,False
2026-08-12T22:42:50.655899+00:00,13673685720,GG League - 4x5 Min de juego,False,Orlando Magic,HUNCHO,Charlotte Hornets,CALAMITY,Orlando Magic (HUNCHO),Charlotte Hornets (CALAMITY),,,,12/08/2026 23:47:00,97,moneyline_1x2,,Orlando Magic (HUNCHO),1.62,False
2026-08-12T22:42:50.655899+00:00,13673685720,GG League - 4x5 Min de juego,False,Orlando Magic,HUNCHO,Charlotte Hornets,CALAMITY,Orlando Magic (HUNCHO),Charlotte Hornets (CALAMITY),,,,12/08/2026 23:47:00,97,moneyline_1x2,,Charlotte Hornets (CALAMITY),2.05,False
2026-08-12T22:42:50.655899+00:00,13673685454,GG League - 4x5 Min de juego,False,Brooklyn Nets,KARMA,Toronto Raptors,CYPHER,Brooklyn Nets (KARMA),Toronto Raptors (CYPHER),,,,12/08/2026 23:55:00,97,moneyline_1x2,,Brooklyn Nets (KARMA),1.5,False
2026-08-12T22:42:50.655899+00:00,13673685454,GG League - 4x5 Min de juego,False,Brooklyn Nets,KARMA,Toronto Raptors,CYPHER,Brooklyn Nets (KARMA),Toronto Raptors (CYPHER),,,,12/08/2026 23:55:00,97,moneyline_1x2,,Toronto Raptors (CYPHER),2.3,False
2026-08-12T22:42:50.655899+00:00,13673685718,GG League - 4x5 Min de juego,False,New York Knicks,JACKAL,Boston Celtics,HUNCHO,New York Knicks (JACKAL),Boston Celtics (HUNCHO),,,,12/08/2026 23:15:00,97,moneyline_1x2,,New York Knicks (JACKAL),1.62,False
2026-08-12T22:42:50.655899+00:00,13673685718,GG League - 4x5 Min de juego,False,New York Knicks,JACKAL,Boston Celtics,HUNCHO,New York Knicks (JACKAL),Boston Celtics (HUNCHO),,,,12/08/2026 23:15:00,97,moneyline_1x2,,Boston Celtics (HUNCHO),2.05,False
2026-08-12T22:42:50.655899+00:00,13673685422,GG League - 4x5 Min de juego,False,Los Angeles Lakers,CURSE,Oklahoma City Thunder,CALAMITY,Los Angeles Lakers (CURSE),Oklahoma City Thunder (CALAMITY),,,,12/08/2026 22:43:00,97,moneyline_1x2,,Los Angeles Lakers (CURSE),1.55,False
2026-08-12T22:42:50.655899+00:00,13673685422,GG League - 4x5 Min de juego,False,Los Angeles Lakers,CURSE,Oklahoma City Thunder,CALAMITY,Los Angeles Lakers (CURSE),Oklahoma City Thunder (CALAMITY),,,,12/08/2026 22:43:00,97,moneyline_1x2,,Oklahoma City Thunder (CALAMITY),2.2,False
2026-08-12T22:44:53.707539+00:00,13673684350,GG League - 4x5 Min de juego,False,Memphis Grizzlies,PHARAOH,Cleveland Cavaliers,AZURE,Memphis Grizzlies (PHARAOH),Cleveland Cavaliers (AZURE),,,,12/08/2026 23:03:00,97,moneyline_1x2,,Memphis Grizzlies (PHARAOH),2.6,False
2026-08-12T22:44:53.707539+00:00,13673684350,GG League - 4x5 Min de juego,False,Memphis Grizzlies,PHARAOH,Cleveland Cavaliers,AZURE,Memphis Grizzlies (PHARAOH),Cleveland Cavaliers (AZURE),,,,12/08/2026 23:03:00,97,moneyline_1x2,,Cleveland Cavaliers (AZURE),1.4,False
2026-08-12T22:44:53.707539+00:00,13673684349,GG League - 4x5 Min de juego,False,Charlotte Hornets,STING,Denver Nuggets,ADMIRAL,Charlotte Hornets (STING),Denver Nuggets (ADMIRAL),,,,12/08/2026 22:59:00,97,moneyline_1x2,,Charlotte Hornets (STING),1.5,False
2026-08-12T22:44:53.707539+00:00,13673684349,GG League - 4x5 Min de juego,False,Charlotte Hornets,STING,Denver Nuggets,ADMIRAL,Charlotte Hornets (STING),Denver Nuggets (ADMIRAL),,,,12/08/2026 22:59:00,97,moneyline_1x2,,Denver Nuggets (ADMIRAL),2.35,False
2026-08-12T22:44:53.707539+00:00,13673685780,GG League - 4x5 Min de juego,False,Dallas Mavericks,SPARKZ,Orlando Magic,UNDERRATED,Dallas Mavericks (SPARKZ),Orlando Magic (UNDERRATED),,,,12/08/2026 23:51:00,97,moneyline_1x2,,Dallas Mavericks (SPARKZ),1.57,False
2026-08-12T22:44:53.707539+00:00,13673685780,GG League - 4x5 Min de juego,False,Dallas Mavericks,SPARKZ,Orlando Magic,UNDERRATED,Dallas Mavericks (SPARKZ),Orlando Magic (UNDERRATED),,,,12/08/2026 23:51:00,97,moneyline_1x2,,Orlando Magic (UNDERRATED),2.15,False
2026-08-12T22:44:53.707539+00:00,13673666929,GG League - 4x5 Min de juego,False,New York Knicks,RADIANT,Oklahoma City Thunder,STING,New York Knicks (RADIANT),Oklahoma City Thunder (STING),,,,13/08/2026 00:03:00,97,moneyline_1x2,,New York Knicks (RADIANT),2.35,False
2026-08-12T22:44:53.707539+00:00,13673666929,GG League - 4x5 Min de juego,False,New York Knicks,RADIANT,Oklahoma City Thunder,STING,New York Knicks (RADIANT),Oklahoma City Thunder (STING),,,,13/08/2026 00:03:00,97,moneyline_1x2,,Oklahoma City Thunder (STING),1.5,False
2026-08-12T22:44:53.707539+00:00,13673683915,GG League - 4x5 Min de juego,True,Cleveland Cavaliers,DAGGER,Milwaukee Bucks,GENERAL,Cleveland Cavaliers (DAGGER),Milwaukee Bucks (GENERAL),4º cuarto,51,51,12/08/2026 22:23:00,97,moneyline_1x2,,Cleveland Cavaliers (DAGGER),1.75,False
2026-08-12T22:44:53.707539+00:00,13673683915,GG League - 4x5 Min de juego,True,Cleveland Cavaliers,DAGGER,Milwaukee Bucks,GENERAL,Cleveland Cavaliers (DAGGER),Milwaukee Bucks (GENERAL),4º cuarto,51,51,12/08/2026 22:23:00,97,moneyline_1x2,,Milwaukee Bucks (GENERAL),1.9,False
2026-08-12T22:44:53.707539+00:00,13673685424,GG League - 4x5 Min de juego,False,Los Angeles Lakers,AIRFORCE,Oklahoma City Thunder,CYPHER,Los Angeles Lakers (AIRFORCE),Oklahoma City Thunder (CYPHER),,,,12/08/2026 22:51:00,97,moneyline_1x2,,Los Angeles Lakers (AIRFORCE),1.5,False
2026-08-12T22:44:53.707539+00:00,13673685424,GG League - 4x5 Min de juego,False,Los Angeles Lakers,AIRFORCE,Oklahoma City Thunder,CYPHER,Los Angeles Lakers (AIRFORCE),Oklahoma City Thunder (CYPHER),,,,12/08/2026 22:51:00,97,moneyline_1x2,,Oklahoma City Thunder (CYPHER),2.3,False
2026-08-12T22:44:53.707539+00:00,13673685778,GG League - 4x5 Min de juego,False,Los Angeles Lakers,SIGNAL,New York Knicks,PATIENCE,Los Angeles Lakers (SIGNAL),New York Knicks (PATIENCE),,,,12/08/2026 23:35:00,97,moneyline_1x2,,Los Angeles Lakers (SIGNAL),2.35,False
2026-08-12T22:44:53.707539+00:00,13673685778,GG League - 4x5 Min de juego,False,Los Angeles Lakers,SIGNAL,New York Knicks,PATIENCE,Los Angeles Lakers (SIGNAL),New York Knicks (PATIENCE),,,,12/08/2026 23:35:00,97,moneyline_1x2,,New York Knicks (PATIENCE),1.5,False
2026-08-12T22:44:53.707539+00:00,13673684118,GG League - 4x5 Min de juego,False,Chicago Bulls,OREZ,Miami Heat,UNDERRATED,Chicago Bulls (OREZ),Miami Heat (UNDERRATED),,,,12/08/2026 22:47:00,97,moneyline_1x2,,Chicago Bulls (OREZ),2.15,False
2026-08-12T22:44:53.707539+00:00,13673684118,GG League - 4x5 Min de juego,False,Chicago Bulls,OREZ,Miami Heat,UNDERRATED,Chicago Bulls (OREZ),Miami Heat (UNDERRATED),,,,12/08/2026 22:47:00,97,moneyline_1x2,,Miami Heat (UNDERRATED),1.57,False
2026-08-12T22:44:53.707539+00:00,13673664429,GG League - 4x5 Min de juego,False,New York Knicks,PATIENCE,Oklahoma City Thunder,AZURE,New York Knicks (PATIENCE),Oklahoma City Thunder (AZURE),,,,13/08/2026 00:07:00,97,moneyline_1x2,,New York Knicks (PATIENCE),1.3,False
2026-08-12T22:44:53.707539+00:00,13673664429,GG League - 4x5 Min de juego,False,New York Knicks,PATIENCE,Oklahoma City Thunder,AZURE,New York Knicks (PATIENCE),Oklahoma City Thunder (AZURE),,,,13/08/2026 00:07:00,97,moneyline_1x2,,Oklahoma City Thunder (AZURE),2.95,False
2026-08-12T22:44:53.707539+00:00,13673685777,GG League - 4x5 Min de juego,True,Los Angeles Lakers,SIGNAL,Oklahoma City Thunder,AZURE,Los Angeles Lakers (SIGNAL),Oklahoma City Thunder (AZURE),3º Cuarto,28,39,12/08/2026 22:31:00,97,moneyline_1x2,,Los Angeles Lakers (SIGNAL),6.75,False
2026-08-12T22:44:53.707539+00:00,13673685777,GG League - 4x5 Min de juego,True,Los Angeles Lakers,SIGNAL,Oklahoma City Thunder,AZURE,Los Angeles Lakers (SIGNAL),Oklahoma City Thunder (AZURE),3º Cuarto,28,39,12/08/2026 22:31:00,97,moneyline_1x2,,Oklahoma City Thunder (AZURE),1.05,False
2026-08-12T22:44:53.707539+00:00,13673684715,GG League - 4x5 Min de juego,False,Brooklyn Nets,MARINE,Toronto Raptors,SPARKZ,Brooklyn Nets (MARINE),Toronto Raptors (SPARKZ),,,,12/08/2026 23:19:00,97,moneyline_1x2,,Brooklyn Nets (MARINE),2.3,False
2026-08-12T22:44:53.707539+00:00,13673684715,GG League - 4x5 Min de juego,False,Brooklyn Nets,MARINE,Toronto Raptors,SPARKZ,Brooklyn Nets (MARINE),Toronto Raptors (SPARKZ),,,,12/08/2026 23:19:00,97,moneyline_1x2,,Toronto Raptors (SPARKZ),1.5,False
2026-08-12T22:44:53.707539+00:00,13673685429,GG League - 4x5 Min de juego,False,New York Knicks,RADIANT,Los Angeles Lakers,ADMIRAL,New York Knicks (RADIANT),Los Angeles Lakers (ADMIRAL),,,,12/08/2026 23:31:00,97,moneyline_1x2,,New York Knicks (RADIANT),1.43,False
2026-08-12T22:44:53.707539+00:00,13673685429,GG League - 4x5 Min de juego,False,New York Knicks,RADIANT,Los Angeles Lakers,ADMIRAL,New York Knicks (RADIANT),Los Angeles Lakers (ADMIRAL),,,,12/08/2026 23:31:00,97,moneyline_1x2,,Los Angeles Lakers (ADMIRAL),2.5,False
2026-08-12T22:44:53.707539+00:00,13673684119,GG League - 4x5 Min de juego,False,Dallas Mavericks,JUGGERNAUT,Charlotte Hornets,GENERAL,Dallas Mavericks (JUGGERNAUT),Charlotte Hornets (GENERAL),,,,12/08/2026 22:55:00,97,moneyline_1x2,,Dallas Mavericks (JUGGERNAUT),1.55,False
2026-08-12T22:44:53.707539+00:00,13673684119,GG League - 4x5 Min de juego,False,Dallas Mavericks,JUGGERNAUT,Charlotte Hornets,GENERAL,Dallas Mavericks (JUGGERNAUT),Charlotte Hornets (GENERAL),,,,12/08/2026 22:55:00,97,moneyline_1x2,,Charlotte Hornets (GENERAL),2.2,False
2026-08-12T22:44:53.707539+00:00,13673684716,GG League - 4x5 Min de juego,False,Miami Heat,MYTH,Brooklyn Nets,KARMA,Miami Heat (MYTH),Brooklyn Nets (KARMA),,,,12/08/2026 23:23:00,97,moneyline_1x2,,Miami Heat (MYTH),2.15,False
2026-08-12T22:44:53.707539+00:00,13673684716,GG League - 4x5 Min de juego,False,Miami Heat,MYTH,Brooklyn Nets,KARMA,Miami Heat (MYTH),Brooklyn Nets (KARMA),,,,12/08/2026 23:23:00,97,moneyline_1x2,,Brooklyn Nets (KARMA),1.57,False
2026-08-12T22:44:53.707539+00:00,13673685520,GG League - 4x5 Min de juego,False,Phoenix Suns,NIGHTHAWK,Milwaukee Bucks,GENERAL,Phoenix Suns (NIGHTHAWK),Milwaukee Bucks (GENERAL),,,,12/08/2026 23:59:00,97,moneyline_1x2,,Phoenix Suns (NIGHTHAWK),1.35,False
2026-08-12T22:44:53.707539+00:00,13673685520,GG League - 4x5 Min de juego,False,Phoenix Suns,NIGHTHAWK,Milwaukee Bucks,GENERAL,Phoenix Suns (NIGHTHAWK),Milwaukee Bucks (GENERAL),,,,12/08/2026 23:59:00,97,moneyline_1x2,,Milwaukee Bucks (GENERAL),2.8,False
2026-08-12T22:44:53.707539+00:00,13673685720,GG League - 4x5 Min de juego,False,Orlando Magic,HUNCHO,Charlotte Hornets,CALAMITY,Orlando Magic (HUNCHO),Charlotte Hornets (CALAMITY),,,,12/08/2026 23:47:00,97,moneyline_1x2,,Orlando Magic (HUNCHO),1.62,False
2026-08-12T22:44:53.707539+00:00,13673685720,GG League - 4x5 Min de juego,False,Orlando Magic,HUNCHO,Charlotte Hornets,CALAMITY,Orlando Magic (HUNCHO),Charlotte Hornets (CALAMITY),,,,12/08/2026 23:47:00,97,moneyline_1x2,,Charlotte Hornets (CALAMITY),2.05,False
2026-08-12T22:44:53.707539+00:00,13673685454,GG League - 4x5 Min de juego,False,Brooklyn Nets,KARMA,Toronto Raptors,CYPHER,Brooklyn Nets (KARMA),Toronto Raptors (CYPHER),,,,12/08/2026 23:55:00,97,moneyline_1x2,,Brooklyn Nets (KARMA),1.5,False
2026-08-12T22:44:53.707539+00:00,13673685454,GG League - 4x5 Min de juego,False,Brooklyn Nets,KARMA,Toronto Raptors,CYPHER,Brooklyn Nets (KARMA),Toronto Raptors (CYPHER),,,,12/08/2026 23:55:00,97,moneyline_1x2,,Toronto Raptors (CYPHER),2.3,False
2026-08-12T22:44:53.707539+00:00,13673685718,GG League - 4x5 Min de juego,False,New York Knicks,JACKAL,Boston Celtics,HUNCHO,New York Knicks (JACKAL),Boston Celtics (HUNCHO),,,,12/08/2026 23:15:00,97,moneyline_1x2,,New York Knicks (JACKAL),1.62,False
2026-08-12T22:44:53.707539+00:00,13673685718,GG League - 4x5 Min de juego,False,New York Knicks,JACKAL,Boston Celtics,HUNCHO,New York Knicks (JACKAL),Boston Celtics (HUNCHO),,,,12/08/2026 23:15:00,97,moneyline_1x2,,Boston Celtics (HUNCHO),2.05,False
2026-08-12T22:46:53.649344+00:00,13673684350,GG League - 4x5 Min de juego,False,Memphis Grizzlies,PHARAOH,Cleveland Cavaliers,AZURE,Memphis Grizzlies (PHARAOH),Cleveland Cavaliers (AZURE),,,,12/08/2026 23:03:00,97,moneyline_1x2,,Memphis Grizzlies (PHARAOH),2.6,False
2026-08-12T22:46:53.649344+00:00,13673684350,GG League - 4x5 Min de juego,False,Memphis Grizzlies,PHARAOH,Cleveland Cavaliers,AZURE,Memphis Grizzlies (PHARAOH),Cleveland Cavaliers (AZURE),,,,12/08/2026 23:03:00,97,moneyline_1x2,,Cleveland Cavaliers (AZURE),1.4,False
2026-08-12T22:46:53.649344+00:00,13673684349,GG League - 4x5 Min de juego,False,Charlotte Hornets,STING,Denver Nuggets,ADMIRAL,Charlotte Hornets (STING),Denver Nuggets (ADMIRAL),,,,12/08/2026 22:59:00,97,moneyline_1x2,,Charlotte Hornets (STING),1.5,False
2026-08-12T22:46:53.649344+00:00,13673684349,GG League - 4x5 Min de juego,False,Charlotte Hornets,STING,Denver Nuggets,ADMIRAL,Charlotte Hornets (STING),Denver Nuggets (ADMIRAL),,,,12/08/2026 22:59:00,97,moneyline_1x2,,Denver Nuggets (ADMIRAL),2.35,False
2026-08-12T22:46:53.649344+00:00,13673685780,GG League - 4x5 Min de juego,False,Dallas Mavericks,SPARKZ,Orlando Magic,UNDERRATED,Dallas Mavericks (SPARKZ),Orlando Magic (UNDERRATED),,,,12/08/2026 23:51:00,97,moneyline_1x2,,Dallas Mavericks (SPARKZ),1.57,False
2026-08-12T22:46:53.649344+00:00,13673685780,GG League - 4x5 Min de juego,False,Dallas Mavericks,SPARKZ,Orlando Magic,UNDERRATED,Dallas Mavericks (SPARKZ),Orlando Magic (UNDERRATED),,,,12/08/2026 23:51:00,97,moneyline_1x2,,Orlando Magic (UNDERRATED),2.15,False
2026-08-12T22:46:53.649344+00:00,13673666929,GG League - 4x5 Min de juego,False,New York Knicks,RADIANT,Oklahoma City Thunder,STING,New York Knicks (RADIANT),Oklahoma City Thunder (STING),,,,13/08/2026 00:03:00,97,moneyline_1x2,,New York Knicks (RADIANT),2.35,False
2026-08-12T22:46:53.649344+00:00,13673666929,GG League - 4x5 Min de juego,False,New York Knicks,RADIANT,Oklahoma City Thunder,STING,New York Knicks (RADIANT),Oklahoma City Thunder (STING),,,,13/08/2026 00:03:00,97,moneyline_1x2,,Oklahoma City Thunder (STING),1.5,False
2026-08-12T22:46:53.649344+00:00,13673685424,GG League - 4x5 Min de juego,False,Los Angeles Lakers,AIRFORCE,Oklahoma City Thunder,CYPHER,Los Angeles Lakers (AIRFORCE),Oklahoma City Thunder (CYPHER),,,,12/08/2026 22:51:00,97,moneyline_1x2,,Los Angeles Lakers (AIRFORCE),1.5,False
2026-08-12T22:46:53.649344+00:00,13673685424,GG League - 4x5 Min de juego,False,Los Angeles Lakers,AIRFORCE,Oklahoma City Thunder,CYPHER,Los Angeles Lakers (AIRFORCE),Oklahoma City Thunder (CYPHER),,,,12/08/2026 22:51:00,97,moneyline_1x2,,Oklahoma City Thunder (CYPHER),2.3,False
2026-08-12T22:46:53.649344+00:00,13673685778,GG League - 4x5 Min de juego,False,Los Angeles Lakers,SIGNAL,New York Knicks,PATIENCE,Los Angeles Lakers (SIGNAL),New York Knicks (PATIENCE),,,,12/08/2026 23:35:00,97,moneyline_1x2,,Los Angeles Lakers (SIGNAL),2.35,False
2026-08-12T22:46:53.649344+00:00,13673685778,GG League - 4x5 Min de juego,False,Los Angeles Lakers,SIGNAL,New York Knicks,PATIENCE,Los Angeles Lakers (SIGNAL),New York Knicks (PATIENCE),,,,12/08/2026 23:35:00,97,moneyline_1x2,,New York Knicks (PATIENCE),1.5,False
2026-08-12T22:46:53.649344+00:00,13673684118,GG League - 4x5 Min de juego,False,Chicago Bulls,OREZ,Miami Heat,UNDERRATED,Chicago Bulls (OREZ),Miami Heat (UNDERRATED),,,,12/08/2026 22:47:00,97,moneyline_1x2,,Chicago Bulls (OREZ),2.15,False
2026-08-12T22:46:53.649344+00:00,13673684118,GG League - 4x5 Min de juego,False,Chicago Bulls,OREZ,Miami Heat,UNDERRATED,Chicago Bulls (OREZ),Miami Heat (UNDERRATED),,,,12/08/2026 22:47:00,97,moneyline_1x2,,Miami Heat (UNDERRATED),1.57,False
2026-08-12T22:46:53.649344+00:00,13673664429,GG League - 4x5 Min de juego,False,New York Knicks,PATIENCE,Oklahoma City Thunder,AZURE,New York Knicks (PATIENCE),Oklahoma City Thunder (AZURE),,,,13/08/2026 00:07:00,97,moneyline_1x2,,New York Knicks (PATIENCE),1.3,False
2026-08-12T22:46:53.649344+00:00,13673664429,GG League - 4x5 Min de juego,False,New York Knicks,PATIENCE,Oklahoma City Thunder,AZURE,New York Knicks (PATIENCE),Oklahoma City Thunder (AZURE),,,,13/08/2026 00:07:00,97,moneyline_1x2,,Oklahoma City Thunder (AZURE),2.95,False
2026-08-12T22:46:53.649344+00:00,13673685777,GG League - 4x5 Min de juego,True,Los Angeles Lakers,SIGNAL,Oklahoma City Thunder,AZURE,Los Angeles Lakers (SIGNAL),Oklahoma City Thunder (AZURE),3º Cuarto,31,41,12/08/2026 22:31:00,97,moneyline_1x2,,Los Angeles Lakers (SIGNAL),6.75,False
2026-08-12T22:46:53.649344+00:00,13673685777,GG League - 4x5 Min de juego,True,Los Angeles Lakers,SIGNAL,Oklahoma City Thunder,AZURE,Los Angeles Lakers (SIGNAL),Oklahoma City Thunder (AZURE),3º Cuarto,31,41,12/08/2026 22:31:00,97,moneyline_1x2,,Oklahoma City Thunder (AZURE),1.05,False
2026-08-12T22:46:53.649344+00:00,13673684715,GG League - 4x5 Min de juego,False,Brooklyn Nets,MARINE,Toronto Raptors,SPARKZ,Brooklyn Nets (MARINE),Toronto Raptors (SPARKZ),,,,12/08/2026 23:19:00,97,moneyline_1x2,,Brooklyn Nets (MARINE),2.3,False
2026-08-12T22:46:53.649344+00:00,13673684715,GG League - 4x5 Min de juego,False,Brooklyn Nets,MARINE,Toronto Raptors,SPARKZ,Brooklyn Nets (MARINE),Toronto Raptors (SPARKZ),,,,12/08/2026 23:19:00,97,moneyline_1x2,,Toronto Raptors (SPARKZ),1.5,False
2026-08-12T22:46:53.649344+00:00,13673685429,GG League - 4x5 Min de juego,False,New York Knicks,RADIANT,Los Angeles Lakers,ADMIRAL,New York Knicks (RADIANT),Los Angeles Lakers (ADMIRAL),,,,12/08/2026 23:31:00,97,moneyline_1x2,,New York Knicks (RADIANT),1.43,False
2026-08-12T22:46:53.649344+00:00,13673685429,GG League - 4x5 Min de juego,False,New York Knicks,RADIANT,Los Angeles Lakers,ADMIRAL,New York Knicks (RADIANT),Los Angeles Lakers (ADMIRAL),,,,12/08/2026 23:31:00,97,moneyline_1x2,,Los Angeles Lakers (ADMIRAL),2.5,False
2026-08-12T22:46:53.649344+00:00,13673684119,GG League - 4x5 Min de juego,False,Dallas Mavericks,JUGGERNAUT,Charlotte Hornets,GENERAL,Dallas Mavericks (JUGGERNAUT),Charlotte Hornets (GENERAL),,,,12/08/2026 22:55:00,97,moneyline_1x2,,Dallas Mavericks (JUGGERNAUT),1.55,False
2026-08-12T22:46:53.649344+00:00,13673684119,GG League - 4x5 Min de juego,False,Dallas Mavericks,JUGGERNAUT,Charlotte Hornets,GENERAL,Dallas Mavericks (JUGGERNAUT),Charlotte Hornets (GENERAL),,,,12/08/2026 22:55:00,97,moneyline_1x2,,Charlotte Hornets (GENERAL),2.2,False
2026-08-12T22:46:53.649344+00:00,13673684716,GG League - 4x5 Min de juego,False,Miami Heat,MYTH,Brooklyn Nets,KARMA,Miami Heat (MYTH),Brooklyn Nets (KARMA),,,,12/08/2026 23:23:00,97,moneyline_1x2,,Miami Heat (MYTH),2.15,False
2026-08-12T22:46:53.649344+00:00,13673684716,GG League - 4x5 Min de juego,False,Miami Heat,MYTH,Brooklyn Nets,KARMA,Miami Heat (MYTH),Brooklyn Nets (KARMA),,,,12/08/2026 23:23:00,97,moneyline_1x2,,Brooklyn Nets (KARMA),1.57,False
2026-08-12T22:46:53.649344+00:00,13673685420,GG League - 4x5 Min de juego,True,Los Angeles Lakers,ADMIRAL,New York Knicks,RADIANT,Los Angeles Lakers (ADMIRAL),New York Knicks (RADIANT),4º cuarto,45,36,12/08/2026 22:27:00,97,moneyline_1x2,,Los Angeles Lakers (ADMIRAL),1.02,False
2026-08-12T22:46:53.649344+00:00,13673685420,GG League - 4x5 Min de juego,True,Los Angeles Lakers,ADMIRAL,New York Knicks,RADIANT,Los Angeles Lakers (ADMIRAL),New York Knicks (RADIANT),4º cuarto,45,36,12/08/2026 22:27:00,97,moneyline_1x2,,New York Knicks (RADIANT),8.5,False
2026-08-12T22:46:53.649344+00:00,13673685520,GG League - 4x5 Min de juego,False,Phoenix Suns,NIGHTHAWK,Milwaukee Bucks,GENERAL,Phoenix Suns (NIGHTHAWK),Milwaukee Bucks (GENERAL),,,,12/08/2026 23:59:00,97,moneyline_1x2,,Phoenix Suns (NIGHTHAWK),1.35,False
2026-08-12T22:46:53.649344+00:00,13673685520,GG League - 4x5 Min de juego,False,Phoenix Suns,NIGHTHAWK,Milwaukee Bucks,GENERAL,Phoenix Suns (NIGHTHAWK),Milwaukee Bucks (GENERAL),,,,12/08/2026 23:59:00,97,moneyline_1x2,,Milwaukee Bucks (GENERAL),2.8,False
2026-08-12T22:46:53.649344+00:00,13673685720,GG League - 4x5 Min de juego,False,Orlando Magic,HUNCHO,Charlotte Hornets,CALAMITY,Orlando Magic (HUNCHO),Charlotte Hornets (CALAMITY),,,,12/08/2026 23:47:00,97,moneyline_1x2,,Orlando Magic (HUNCHO),1.62,False
2026-08-12T22:46:53.649344+00:00,13673685720,GG League - 4x5 Min de juego,False,Orlando Magic,HUNCHO,Charlotte Hornets,CALAMITY,Orlando Magic (HUNCHO),Charlotte Hornets (CALAMITY),,,,12/08/2026 23:47:00,97,moneyline_1x2,,Charlotte Hornets (CALAMITY),2.05,False
2026-08-12T22:46:53.649344+00:00,13673685454,GG League - 4x5 Min de juego,False,Brooklyn Nets,KARMA,Toronto Raptors,CYPHER,Brooklyn Nets (KARMA),Toronto Raptors (CYPHER),,,,12/08/2026 23:55:00,97,moneyline_1x2,,Brooklyn Nets (KARMA),1.5,False
2026-08-12T22:46:53.649344+00:00,13673685454,GG League - 4x5 Min de juego,False,Brooklyn Nets,KARMA,Toronto Raptors,CYPHER,Brooklyn Nets (KARMA),Toronto Raptors (CYPHER),,,,12/08/2026 23:55:00,97,moneyline_1x2,,Toronto Raptors (CYPHER),2.3,False
2026-08-12T22:46:53.649344+00:00,13673685718,GG League - 4x5 Min de juego,False,New York Knicks,JACKAL,Boston Celtics,HUNCHO,New York Knicks (JACKAL),Boston Celtics (HUNCHO),,,,12/08/2026 23:15:00,97,moneyline_1x2,,New York Knicks (JACKAL),1.62,False
2026-08-12T22:46:53.649344+00:00,13673685718,GG League - 4x5 Min de juego,False,New York Knicks,JACKAL,Boston Celtics,HUNCHO,New York Knicks (JACKAL),Boston Celtics (HUNCHO),,,,12/08/2026 23:15:00,97,moneyline_1x2,,Boston Celtics (HUNCHO),2.05,False
2026-08-12T22:46:53.649344+00:00,13673685422,GG League - 4x5 Min de juego,True,Los Angeles Lakers,CURSE,Oklahoma City Thunder,CALAMITY,Los Angeles Lakers (CURSE),Oklahoma City Thunder (CALAMITY),1º cuarto,6,6,12/08/2026 22:43:00,97,moneyline_1x2,,Los Angeles Lakers (CURSE),1.55,False
2026-08-12T22:46:53.649344+00:00,13673685422,GG League - 4x5 Min de juego,True,Los Angeles Lakers,CURSE,Oklahoma City Thunder,CALAMITY,Los Angeles Lakers (CURSE),Oklahoma City Thunder (CALAMITY),1º cuarto,6,6,12/08/2026 22:43:00,97,moneyline_1x2,,Oklahoma City Thunder (CALAMITY),2.2,False
2026-08-12T22:48:52.139302+00:00,13673684350,GG League - 4x5 Min de juego,False,Memphis Grizzlies,PHARAOH,Cleveland Cavaliers,AZURE,Memphis Grizzlies (PHARAOH),Cleveland Cavaliers (AZURE),,,,12/08/2026 23:03:00,97,moneyline_1x2,,Memphis Grizzlies (PHARAOH),2.6,False
2026-08-12T22:48:52.139302+00:00,13673684350,GG League - 4x5 Min de juego,False,Memphis Grizzlies,PHARAOH,Cleveland Cavaliers,AZURE,Memphis Grizzlies (PHARAOH),Cleveland Cavaliers (AZURE),,,,12/08/2026 23:03:00,97,moneyline_1x2,,Cleveland Cavaliers (AZURE),1.4,False
2026-08-12T22:48:52.139302+00:00,13673684349,GG League - 4x5 Min de juego,False,Charlotte Hornets,STING,Denver Nuggets,ADMIRAL,Charlotte Hornets (STING),Denver Nuggets (ADMIRAL),,,,12/08/2026 22:59:00,97,moneyline_1x2,,Charlotte Hornets (STING),1.5,False
2026-08-12T22:48:52.139302+00:00,13673684349,GG League - 4x5 Min de juego,False,Charlotte Hornets,STING,Denver Nuggets,ADMIRAL,Charlotte Hornets (STING),Denver Nuggets (ADMIRAL),,,,12/08/2026 22:59:00,97,moneyline_1x2,,Denver Nuggets (ADMIRAL),2.35,False
2026-08-12T22:48:52.139302+00:00,13673685780,GG League - 4x5 Min de juego,False,Dallas Mavericks,SPARKZ,Orlando Magic,UNDERRATED,Dallas Mavericks (SPARKZ),Orlando Magic (UNDERRATED),,,,12/08/2026 23:51:00,97,moneyline_1x2,,Dallas Mavericks (SPARKZ),1.57,False
2026-08-12T22:48:52.139302+00:00,13673685780,GG League - 4x5 Min de juego,False,Dallas Mavericks,SPARKZ,Orlando Magic,UNDERRATED,Dallas Mavericks (SPARKZ),Orlando Magic (UNDERRATED),,,,12/08/2026 23:51:00,97,moneyline_1x2,,Orlando Magic (UNDERRATED),2.15,False
2026-08-12T22:48:52.139302+00:00,13673666929,GG League - 4x5 Min de juego,False,New York Knicks,RADIANT,Oklahoma City Thunder,STING,New York Knicks (RADIANT),Oklahoma City Thunder (STING),,,,13/08/2026 00:03:00,97,moneyline_1x2,,New York Knicks (RADIANT),2.35,False
2026-08-12T22:48:52.139302+00:00,13673666929,GG League - 4x5 Min de juego,False,New York Knicks,RADIANT,Oklahoma City Thunder,STING,New York Knicks (RADIANT),Oklahoma City Thunder (STING),,,,13/08/2026 00:03:00,97,moneyline_1x2,,Oklahoma City Thunder (STING),1.5,False
2026-08-12T22:48:52.139302+00:00,13673685424,GG League - 4x5 Min de juego,False,Los Angeles Lakers,AIRFORCE,Oklahoma City Thunder,CYPHER,Los Angeles Lakers (AIRFORCE),Oklahoma City Thunder (CYPHER),,,,12/08/2026 22:51:00,97,moneyline_1x2,,Los Angeles Lakers (AIRFORCE),1.5,False
2026-08-12T22:48:52.139302+00:00,13673685424,GG League - 4x5 Min de juego,False,Los Angeles Lakers,AIRFORCE,Oklahoma City Thunder,CYPHER,Los Angeles Lakers (AIRFORCE),Oklahoma City Thunder (CYPHER),,,,12/08/2026 22:51:00,97,moneyline_1x2,,Oklahoma City Thunder (CYPHER),2.3,False
2026-08-12T22:48:52.139302+00:00,13673685778,GG League - 4x5 Min de juego,False,Los Angeles Lakers,SIGNAL,New York Knicks,PATIENCE,Los Angeles Lakers (SIGNAL),New York Knicks (PATIENCE),,,,12/08/2026 23:35:00,97,moneyline_1x2,,Los Angeles Lakers (SIGNAL),2.35,False
2026-08-12T22:48:52.139302+00:00,13673685778,GG League - 4x5 Min de juego,False,Los Angeles Lakers,SIGNAL,New York Knicks,PATIENCE,Los Angeles Lakers (SIGNAL),New York Knicks (PATIENCE),,,,12/08/2026 23:35:00,97,moneyline_1x2,,New York Knicks (PATIENCE),1.5,False
2026-08-12T22:48:52.139302+00:00,13673664429,GG League - 4x5 Min de juego,False,New York Knicks,PATIENCE,Oklahoma City Thunder,AZURE,New York Knicks (PATIENCE),Oklahoma City Thunder (AZURE),,,,13/08/2026 00:07:00,97,moneyline_1x2,,New York Knicks (PATIENCE),1.3,False
2026-08-12T22:48:52.139302+00:00,13673664429,GG League - 4x5 Min de juego,False,New York Knicks,PATIENCE,Oklahoma City Thunder,AZURE,New York Knicks (PATIENCE),Oklahoma City Thunder (AZURE),,,,13/08/2026 00:07:00,97,moneyline_1x2,,Oklahoma City Thunder (AZURE),2.95,False
2026-08-12T22:48:52.139302+00:00,13673685777,GG League - 4x5 Min de juego,True,Los Angeles Lakers,SIGNAL,Oklahoma City Thunder,AZURE,Los Angeles Lakers (SIGNAL),Oklahoma City Thunder (AZURE),3º Cuarto,38,45,12/08/2026 22:31:00,97,moneyline_1x2,,Los Angeles Lakers (SIGNAL),5.0,False
2026-08-12T22:48:52.139302+00:00,13673685777,GG League - 4x5 Min de juego,True,Los Angeles Lakers,SIGNAL,Oklahoma City Thunder,AZURE,Los Angeles Lakers (SIGNAL),Oklahoma City Thunder (AZURE),3º Cuarto,38,45,12/08/2026 22:31:00,97,moneyline_1x2,,Oklahoma City Thunder (AZURE),1.11,False
2026-08-12T22:48:52.139302+00:00,13673684715,GG League - 4x5 Min de juego,False,Brooklyn Nets,MARINE,Toronto Raptors,SPARKZ,Brooklyn Nets (MARINE),Toronto Raptors (SPARKZ),,,,12/08/2026 23:19:00,97,moneyline_1x2,,Brooklyn Nets (MARINE),2.3,False
2026-08-12T22:48:52.139302+00:00,13673684715,GG League - 4x5 Min de juego,False,Brooklyn Nets,MARINE,Toronto Raptors,SPARKZ,Brooklyn Nets (MARINE),Toronto Raptors (SPARKZ),,,,12/08/2026 23:19:00,97,moneyline_1x2,,Toronto Raptors (SPARKZ),1.5,False
2026-08-12T22:48:52.139302+00:00,13673685429,GG League - 4x5 Min de juego,False,New York Knicks,RADIANT,Los Angeles Lakers,ADMIRAL,New York Knicks (RADIANT),Los Angeles Lakers (ADMIRAL),,,,12/08/2026 23:31:00,97,moneyline_1x2,,New York Knicks (RADIANT),1.43,False
2026-08-12T22:48:52.139302+00:00,13673685429,GG League - 4x5 Min de juego,False,New York Knicks,RADIANT,Los Angeles Lakers,ADMIRAL,New York Knicks (RADIANT),Los Angeles Lakers (ADMIRAL),,,,12/08/2026 23:31:00,97,moneyline_1x2,,Los Angeles Lakers (ADMIRAL),2.5,False
2026-08-12T22:48:52.139302+00:00,13673684119,GG League - 4x5 Min de juego,False,Dallas Mavericks,JUGGERNAUT,Charlotte Hornets,GENERAL,Dallas Mavericks (JUGGERNAUT),Charlotte Hornets (GENERAL),,,,12/08/2026 22:55:00,97,moneyline_1x2,,Dallas Mavericks (JUGGERNAUT),1.55,False
2026-08-12T22:48:52.139302+00:00,13673684119,GG League - 4x5 Min de juego,False,Dallas Mavericks,JUGGERNAUT,Charlotte Hornets,GENERAL,Dallas Mavericks (JUGGERNAUT),Charlotte Hornets (GENERAL),,,,12/08/2026 22:55:00,97,moneyline_1x2,,Charlotte Hornets (GENERAL),2.2,False
2026-08-12T22:48:52.139302+00:00,13673684716,GG League - 4x5 Min de juego,False,Miami Heat,MYTH,Brooklyn Nets,KARMA,Miami Heat (MYTH),Brooklyn Nets (KARMA),,,,12/08/2026 23:23:00,97,moneyline_1x2,,Miami Heat (MYTH),2.15,False
2026-08-12T22:48:52.139302+00:00,13673684716,GG League - 4x5 Min de juego,False,Miami Heat,MYTH,Brooklyn Nets,KARMA,Miami Heat (MYTH),Brooklyn Nets (KARMA),,,,12/08/2026 23:23:00,97,moneyline_1x2,,Brooklyn Nets (KARMA),1.57,False
2026-08-12T22:48:52.139302+00:00,13673685520,GG League - 4x5 Min de juego,False,Phoenix Suns,NIGHTHAWK,Milwaukee Bucks,GENERAL,Phoenix Suns (NIGHTHAWK),Milwaukee Bucks (GENERAL),,,,12/08/2026 23:59:00,97,moneyline_1x2,,Phoenix Suns (NIGHTHAWK),1.35,False
2026-08-12T22:48:52.139302+00:00,13673685520,GG League - 4x5 Min de juego,False,Phoenix Suns,NIGHTHAWK,Milwaukee Bucks,GENERAL,Phoenix Suns (NIGHTHAWK),Milwaukee Bucks (GENERAL),,,,12/08/2026 23:59:00,97,moneyline_1x2,,Milwaukee Bucks (GENERAL),2.8,False
2026-08-12T22:48:52.139302+00:00,13673685720,GG League - 4x5 Min de juego,False,Orlando Magic,HUNCHO,Charlotte Hornets,CALAMITY,Orlando Magic (HUNCHO),Charlotte Hornets (CALAMITY),,,,12/08/2026 23:47:00,97,moneyline_1x2,,Orlando Magic (HUNCHO),1.62,False
2026-08-12T22:48:52.139302+00:00,13673685720,GG League - 4x5 Min de juego,False,Orlando Magic,HUNCHO,Charlotte Hornets,CALAMITY,Orlando Magic (HUNCHO),Charlotte Hornets (CALAMITY),,,,12/08/2026 23:47:00,97,moneyline_1x2,,Charlotte Hornets (CALAMITY),2.05,False
2026-08-12T22:48:52.139302+00:00,13673685454,GG League - 4x5 Min de juego,False,Brooklyn Nets,KARMA,Toronto Raptors,CYPHER,Brooklyn Nets (KARMA),Toronto Raptors (CYPHER),,,,12/08/2026 23:55:00,97,moneyline_1x2,,Brooklyn Nets (KARMA),1.5,False
2026-08-12T22:48:52.139302+00:00,13673685454,GG League - 4x5 Min de juego,False,Brooklyn Nets,KARMA,Toronto Raptors,CYPHER,Brooklyn Nets (KARMA),Toronto Raptors (CYPHER),,,,12/08/2026 23:55:00,97,moneyline_1x2,,Toronto Raptors (CYPHER),2.3,False
2026-08-12T22:48:52.139302+00:00,13673685718,GG League - 4x5 Min de juego,False,New York Knicks,JACKAL,Boston Celtics,HUNCHO,New York Knicks (JACKAL),Boston Celtics (HUNCHO),,,,12/08/2026 23:15:00,97,moneyline_1x2,,New York Knicks (JACKAL),1.62,False
2026-08-12T22:48:52.139302+00:00,13673685718,GG League - 4x5 Min de juego,False,New York Knicks,JACKAL,Boston Celtics,HUNCHO,New York Knicks (JACKAL),Boston Celtics (HUNCHO),,,,12/08/2026 23:15:00,97,moneyline_1x2,,Boston Celtics (HUNCHO),2.05,False
2026-08-12T22:48:52.139302+00:00,13673685422,GG League - 4x5 Min de juego,True,Los Angeles Lakers,CURSE,Oklahoma City Thunder,CALAMITY,Los Angeles Lakers (CURSE),Oklahoma City Thunder (CALAMITY),1º cuarto,13,11,12/08/2026 22:43:00,97,moneyline_1x2,,Los Angeles Lakers (CURSE),1.37,False
2026-08-12T22:48:52.139302+00:00,13673685422,GG League - 4x5 Min de juego,True,Los Angeles Lakers,CURSE,Oklahoma City Thunder,CALAMITY,Los Angeles Lakers (CURSE),Oklahoma City Thunder (CALAMITY),1º cuarto,13,11,12/08/2026 22:43:00,97,moneyline_1x2,,Oklahoma City Thunder (CALAMITY),2.7,False
2026-08-12T22:51:09.818781+00:00,13673684350,GG League - 4x5 Min de juego,False,Memphis Grizzlies,PHARAOH,Cleveland Cavaliers,AZURE,Memphis Grizzlies (PHARAOH),Cleveland Cavaliers (AZURE),,,,12/08/2026 23:03:00,97,moneyline_1x2,,Memphis Grizzlies (PHARAOH),2.6,False
2026-08-12T22:51:09.818781+00:00,13673684350,GG League - 4x5 Min de juego,False,Memphis Grizzlies,PHARAOH,Cleveland Cavaliers,AZURE,Memphis Grizzlies (PHARAOH),Cleveland Cavaliers (AZURE),,,,12/08/2026 23:03:00,97,moneyline_1x2,,Cleveland Cavaliers (AZURE),1.4,False
2026-08-12T22:51:09.818781+00:00,13673684349,GG League - 4x5 Min de juego,False,Charlotte Hornets,STING,Denver Nuggets,ADMIRAL,Charlotte Hornets (STING),Denver Nuggets (ADMIRAL),,,,12/08/2026 22:59:00,97,moneyline_1x2,,Charlotte Hornets (STING),1.5,False
2026-08-12T22:51:09.818781+00:00,13673684349,GG League - 4x5 Min de juego,False,Charlotte Hornets,STING,Denver Nuggets,ADMIRAL,Charlotte Hornets (STING),Denver Nuggets (ADMIRAL),,,,12/08/2026 22:59:00,97,moneyline_1x2,,Denver Nuggets (ADMIRAL),2.35,False
2026-08-12T22:51:09.818781+00:00,13673685780,GG League - 4x5 Min de juego,False,Dallas Mavericks,SPARKZ,Orlando Magic,UNDERRATED,Dallas Mavericks (SPARKZ),Orlando Magic (UNDERRATED),,,,12/08/2026 23:51:00,97,moneyline_1x2,,Dallas Mavericks (SPARKZ),1.57,False
2026-08-12T22:51:09.818781+00:00,13673685780,GG League - 4x5 Min de juego,False,Dallas Mavericks,SPARKZ,Orlando Magic,UNDERRATED,Dallas Mavericks (SPARKZ),Orlando Magic (UNDERRATED),,,,12/08/2026 23:51:00,97,moneyline_1x2,,Orlando Magic (UNDERRATED),2.15,False
2026-08-12T22:51:09.818781+00:00,13673666929,GG League - 4x5 Min de juego,False,New York Knicks,RADIANT,Oklahoma City Thunder,STING,New York Knicks (RADIANT),Oklahoma City Thunder (STING),,,,13/08/2026 00:03:00,97,moneyline_1x2,,New York Knicks (RADIANT),2.35,False
2026-08-12T22:51:09.818781+00:00,13673666929,GG League - 4x5 Min de juego,False,New York Knicks,RADIANT,Oklahoma City Thunder,STING,New York Knicks (RADIANT),Oklahoma City Thunder (STING),,,,13/08/2026 00:03:00,97,moneyline_1x2,,Oklahoma City Thunder (STING),1.5,False
2026-08-12T22:51:09.818781+00:00,13673685778,GG League - 4x5 Min de juego,False,Los Angeles Lakers,SIGNAL,New York Knicks,PATIENCE,Los Angeles Lakers (SIGNAL),New York Knicks (PATIENCE),,,,12/08/2026 23:35:00,97,moneyline_1x2,,Los Angeles Lakers (SIGNAL),2.35,False
2026-08-12T22:51:09.818781+00:00,13673685778,GG League - 4x5 Min de juego,False,Los Angeles Lakers,SIGNAL,New York Knicks,PATIENCE,Los Angeles Lakers (SIGNAL),New York Knicks (PATIENCE),,,,12/08/2026 23:35:00,97,moneyline_1x2,,New York Knicks (PATIENCE),1.5,False
2026-08-12T22:51:09.818781+00:00,13673684118,GG League - 4x5 Min de juego,True,Chicago Bulls,OREZ,Miami Heat,UNDERRATED,Chicago Bulls (OREZ),Miami Heat (UNDERRATED),1º cuarto,10,11,12/08/2026 22:47:00,97,moneyline_1x2,,Chicago Bulls (OREZ),2.35,False
2026-08-12T22:51:09.818781+00:00,13673684118,GG League - 4x5 Min de juego,True,Chicago Bulls,OREZ,Miami Heat,UNDERRATED,Chicago Bulls (OREZ),Miami Heat (UNDERRATED),1º cuarto,10,11,12/08/2026 22:47:00,97,moneyline_1x2,,Miami Heat (UNDERRATED),1.5,False
2026-08-12T22:51:09.818781+00:00,13673664429,GG League - 4x5 Min de juego,False,New York Knicks,PATIENCE,Oklahoma City Thunder,AZURE,New York Knicks (PATIENCE),Oklahoma City Thunder (AZURE),,,,13/08/2026 00:07:00,97,moneyline_1x2,,New York Knicks (PATIENCE),1.3,False
2026-08-12T22:51:09.818781+00:00,13673664429,GG League - 4x5 Min de juego,False,New York Knicks,PATIENCE,Oklahoma City Thunder,AZURE,New York Knicks (PATIENCE),Oklahoma City Thunder (AZURE),,,,13/08/2026 00:07:00,97,moneyline_1x2,,Oklahoma City Thunder (AZURE),2.95,False
2026-08-12T22:51:09.818781+00:00,13673685777,GG League - 4x5 Min de juego,True,Los Angeles Lakers,SIGNAL,Oklahoma City Thunder,AZURE,Los Angeles Lakers (SIGNAL),Oklahoma City Thunder (AZURE),4º cuarto,40,50,12/08/2026 22:31:00,97,moneyline_1x2,,Los Angeles Lakers (SIGNAL),8.5,False
2026-08-12T22:51:09.818781+00:00,13673685777,GG League - 4x5 Min de juego,True,Los Angeles Lakers,SIGNAL,Oklahoma City Thunder,AZURE,Los Angeles Lakers (SIGNAL),Oklahoma City Thunder (AZURE),4º cuarto,40,50,12/08/2026 22:31:00,97,moneyline_1x2,,Oklahoma City Thunder (AZURE),1.02,False
2026-08-12T22:51:09.818781+00:00,13673684715,GG League - 4x5 Min de juego,False,Brooklyn Nets,MARINE,Toronto Raptors,SPARKZ,Brooklyn Nets (MARINE),Toronto Raptors (SPARKZ),,,,12/08/2026 23:19:00,97,moneyline_1x2,,Brooklyn Nets (MARINE),2.3,False
2026-08-12T22:51:09.818781+00:00,13673684715,GG League - 4x5 Min de juego,False,Brooklyn Nets,MARINE,Toronto Raptors,SPARKZ,Brooklyn Nets (MARINE),Toronto Raptors (SPARKZ),,,,12/08/2026 23:19:00,97,moneyline_1x2,,Toronto Raptors (SPARKZ),1.5,False
2026-08-12T22:51:09.818781+00:00,13673685429,GG League - 4x5 Min de juego,False,New York Knicks,RADIANT,Los Angeles Lakers,ADMIRAL,New York Knicks (RADIANT),Los Angeles Lakers (ADMIRAL),,,,12/08/2026 23:31:00,97,moneyline_1x2,,New York Knicks (RADIANT),1.43,False
2026-08-12T22:51:09.818781+00:00,13673685429,GG League - 4x5 Min de juego,False,New York Knicks,RADIANT,Los Angeles Lakers,ADMIRAL,New York Knicks (RADIANT),Los Angeles Lakers (ADMIRAL),,,,12/08/2026 23:31:00,97,moneyline_1x2,,Los Angeles Lakers (ADMIRAL),2.5,False
2026-08-12T22:51:09.818781+00:00,13673684119,GG League - 4x5 Min de juego,False,Dallas Mavericks,JUGGERNAUT,Charlotte Hornets,GENERAL,Dallas Mavericks (JUGGERNAUT),Charlotte Hornets (GENERAL),,,,12/08/2026 22:55:00,97,moneyline_1x2,,Dallas Mavericks (JUGGERNAUT),1.55,False
2026-08-12T22:51:09.818781+00:00,13673684119,GG League - 4x5 Min de juego,False,Dallas Mavericks,JUGGERNAUT,Charlotte Hornets,GENERAL,Dallas Mavericks (JUGGERNAUT),Charlotte Hornets (GENERAL),,,,12/08/2026 22:55:00,97,moneyline_1x2,,Charlotte Hornets (GENERAL),2.2,False
2026-08-12T22:51:09.818781+00:00,13673684716,GG League - 4x5 Min de juego,False,Miami Heat,MYTH,Brooklyn Nets,KARMA,Miami Heat (MYTH),Brooklyn Nets (KARMA),,,,12/08/2026 23:23:00,97,moneyline_1x2,,Miami Heat (MYTH),2.15,False
2026-08-12T22:51:09.818781+00:00,13673684716,GG League - 4x5 Min de juego,False,Miami Heat,MYTH,Brooklyn Nets,KARMA,Miami Heat (MYTH),Brooklyn Nets (KARMA),,,,12/08/2026 23:23:00,97,moneyline_1x2,,Brooklyn Nets (KARMA),1.57,False
2026-08-12T22:51:09.818781+00:00,13673685520,GG League - 4x5 Min de juego,False,Phoenix Suns,NIGHTHAWK,Milwaukee Bucks,GENERAL,Phoenix Suns (NIGHTHAWK),Milwaukee Bucks (GENERAL),,,,12/08/2026 23:59:00,97,moneyline_1x2,,Phoenix Suns (NIGHTHAWK),1.35,False
2026-08-12T22:51:09.818781+00:00,13673685520,GG League - 4x5 Min de juego,False,Phoenix Suns,NIGHTHAWK,Milwaukee Bucks,GENERAL,Phoenix Suns (NIGHTHAWK),Milwaukee Bucks (GENERAL),,,,12/08/2026 23:59:00,97,moneyline_1x2,,Milwaukee Bucks (GENERAL),2.8,False
2026-08-12T22:51:09.818781+00:00,13673685720,GG League - 4x5 Min de juego,False,Orlando Magic,HUNCHO,Charlotte Hornets,CALAMITY,Orlando Magic (HUNCHO),Charlotte Hornets (CALAMITY),,,,12/08/2026 23:47:00,97,moneyline_1x2,,Orlando Magic (HUNCHO),1.62,False
2026-08-12T22:51:09.818781+00:00,13673685720,GG League - 4x5 Min de juego,False,Orlando Magic,HUNCHO,Charlotte Hornets,CALAMITY,Orlando Magic (HUNCHO),Charlotte Hornets (CALAMITY),,,,12/08/2026 23:47:00,97,moneyline_1x2,,Charlotte Hornets (CALAMITY),2.05,False
2026-08-12T22:51:09.818781+00:00,13673685454,GG League - 4x5 Min de juego,False,Brooklyn Nets,KARMA,Toronto Raptors,CYPHER,Brooklyn Nets (KARMA),Toronto Raptors (CYPHER),,,,12/08/2026 23:55:00,97,moneyline_1x2,,Brooklyn Nets (KARMA),1.5,False
2026-08-12T22:51:09.818781+00:00,13673685454,GG League - 4x5 Min de juego,False,Brooklyn Nets,KARMA,Toronto Raptors,CYPHER,Brooklyn Nets (KARMA),Toronto Raptors (CYPHER),,,,12/08/2026 23:55:00,97,moneyline_1x2,,Toronto Raptors (CYPHER),2.3,False
2026-08-12T22:51:09.818781+00:00,13673685718,GG League - 4x5 Min de juego,False,New York Knicks,JACKAL,Boston Celtics,HUNCHO,New York Knicks (JACKAL),Boston Celtics (HUNCHO),,,,12/08/2026 23:15:00,97,moneyline_1x2,,New York Knicks (JACKAL),1.62,False
2026-08-12T22:51:09.818781+00:00,13673685718,GG League - 4x5 Min de juego,False,New York Knicks,JACKAL,Boston Celtics,HUNCHO,New York Knicks (JACKAL),Boston Celtics (HUNCHO),,,,12/08/2026 23:15:00,97,moneyline_1x2,,Boston Celtics (HUNCHO),2.05,False
2026-08-12T22:51:09.818781+00:00,13673685422,GG League - 4x5 Min de juego,True,Los Angeles Lakers,CURSE,Oklahoma City Thunder,CALAMITY,Los Angeles Lakers (CURSE),Oklahoma City Thunder (CALAMITY),2º cuarto,17,17,12/08/2026 22:43:00,97,moneyline_1x2,,Los Angeles Lakers (CURSE),1.55,False
2026-08-12T22:51:09.818781+00:00,13673685422,GG League - 4x5 Min de juego,True,Los Angeles Lakers,CURSE,Oklahoma City Thunder,CALAMITY,Los Angeles Lakers (CURSE),Oklahoma City Thunder (CALAMITY),2º cuarto,17,17,12/08/2026 22:43:00,97,moneyline_1x2,,Oklahoma City Thunder (CALAMITY),2.2,False
2026-08-12T22:52:51.836245+00:00,13673684350,GG League - 4x5 Min de juego,False,Memphis Grizzlies,PHARAOH,Cleveland Cavaliers,AZURE,Memphis Grizzlies (PHARAOH),Cleveland Cavaliers (AZURE),,,,12/08/2026 23:03:00,97,moneyline_1x2,,Memphis Grizzlies (PHARAOH),2.6,False
2026-08-12T22:52:51.836245+00:00,13673684350,GG League - 4x5 Min de juego,False,Memphis Grizzlies,PHARAOH,Cleveland Cavaliers,AZURE,Memphis Grizzlies (PHARAOH),Cleveland Cavaliers (AZURE),,,,12/08/2026 23:03:00,97,moneyline_1x2,,Cleveland Cavaliers (AZURE),1.4,False
2026-08-12T22:52:51.836245+00:00,13673684349,GG League - 4x5 Min de juego,False,Charlotte Hornets,STING,Denver Nuggets,ADMIRAL,Charlotte Hornets (STING),Denver Nuggets (ADMIRAL),,,,12/08/2026 22:59:00,97,moneyline_1x2,,Charlotte Hornets (STING),1.5,False
2026-08-12T22:52:51.836245+00:00,13673684349,GG League - 4x5 Min de juego,False,Charlotte Hornets,STING,Denver Nuggets,ADMIRAL,Charlotte Hornets (STING),Denver Nuggets (ADMIRAL),,,,12/08/2026 22:59:00,97,moneyline_1x2,,Denver Nuggets (ADMIRAL),2.35,False
2026-08-12T22:52:51.836245+00:00,13673685780,GG League - 4x5 Min de juego,False,Dallas Mavericks,SPARKZ,Orlando Magic,UNDERRATED,Dallas Mavericks (SPARKZ),Orlando Magic (UNDERRATED),,,,12/08/2026 23:51:00,97,moneyline_1x2,,Dallas Mavericks (SPARKZ),1.57,False
2026-08-12T22:52:51.836245+00:00,13673685780,GG League - 4x5 Min de juego,False,Dallas Mavericks,SPARKZ,Orlando Magic,UNDERRATED,Dallas Mavericks (SPARKZ),Orlando Magic (UNDERRATED),,,,12/08/2026 23:51:00,97,moneyline_1x2,,Orlando Magic (UNDERRATED),2.15,False
2026-08-12T22:52:51.836245+00:00,13673666929,GG League - 4x5 Min de juego,False,New York Knicks,RADIANT,Oklahoma City Thunder,STING,New York Knicks (RADIANT),Oklahoma City Thunder (STING),,,,13/08/2026 00:03:00,97,moneyline_1x2,,New York Knicks (RADIANT),2.35,False
2026-08-12T22:52:51.836245+00:00,13673666929,GG League - 4x5 Min de juego,False,New York Knicks,RADIANT,Oklahoma City Thunder,STING,New York Knicks (RADIANT),Oklahoma City Thunder (STING),,,,13/08/2026 00:03:00,97,moneyline_1x2,,Oklahoma City Thunder (STING),1.5,False
2026-08-12T22:52:51.836245+00:00,13673685424,GG League - 4x5 Min de juego,True,Los Angeles Lakers,AIRFORCE,Oklahoma City Thunder,CYPHER,Los Angeles Lakers (AIRFORCE),Oklahoma City Thunder (CYPHER),1º cuarto,5,3,12/08/2026 22:51:00,97,moneyline_1x2,,Los Angeles Lakers (AIRFORCE),1.4,False
2026-08-12T22:52:51.836245+00:00,13673685424,GG League - 4x5 Min de juego,True,Los Angeles Lakers,AIRFORCE,Oklahoma City Thunder,CYPHER,Los Angeles Lakers (AIRFORCE),Oklahoma City Thunder (CYPHER),1º cuarto,5,3,12/08/2026 22:51:00,97,moneyline_1x2,,Oklahoma City Thunder (CYPHER),2.6,False
2026-08-12T22:52:51.836245+00:00,13673685778,GG League - 4x5 Min de juego,False,Los Angeles Lakers,SIGNAL,New York Knicks,PATIENCE,Los Angeles Lakers (SIGNAL),New York Knicks (PATIENCE),,,,12/08/2026 23:35:00,97,moneyline_1x2,,Los Angeles Lakers (SIGNAL),2.35,False
2026-08-12T22:52:51.836245+00:00,13673685778,GG League - 4x5 Min de juego,False,Los Angeles Lakers,SIGNAL,New York Knicks,PATIENCE,Los Angeles Lakers (SIGNAL),New York Knicks (PATIENCE),,,,12/08/2026 23:35:00,97,moneyline_1x2,,New York Knicks (PATIENCE),1.5,False
2026-08-12T22:52:51.836245+00:00,13673684118,GG League - 4x5 Min de juego,True,Chicago Bulls,OREZ,Miami Heat,UNDERRATED,Chicago Bulls (OREZ),Miami Heat (UNDERRATED),1º cuarto,10,11,12/08/2026 22:47:00,97,moneyline_1x2,,Chicago Bulls (OREZ),2.3,False
2026-08-12T22:52:51.836245+00:00,13673684118,GG League - 4x5 Min de juego,True,Chicago Bulls,OREZ,Miami Heat,UNDERRATED,Chicago Bulls (OREZ),Miami Heat (UNDERRATED),1º cuarto,10,11,12/08/2026 22:47:00,97,moneyline_1x2,,Miami Heat (UNDERRATED),1.5,False
2026-08-12T22:52:51.836245+00:00,13673664429,GG League - 4x5 Min de juego,False,New York Knicks,PATIENCE,Oklahoma City Thunder,AZURE,New York Knicks (PATIENCE),Oklahoma City Thunder (AZURE),,,,13/08/2026 00:07:00,97,moneyline_1x2,,New York Knicks (PATIENCE),1.3,False
2026-08-12T22:52:51.836245+00:00,13673664429,GG League - 4x5 Min de juego,False,New York Knicks,PATIENCE,Oklahoma City Thunder,AZURE,New York Knicks (PATIENCE),Oklahoma City Thunder (AZURE),,,,13/08/2026 00:07:00,97,moneyline_1x2,,Oklahoma City Thunder (AZURE),2.95,False
2026-08-12T22:52:51.836245+00:00,13673685777,GG League - 4x5 Min de juego,True,Los Angeles Lakers,SIGNAL,Oklahoma City Thunder,AZURE,Los Angeles Lakers (SIGNAL),Oklahoma City Thunder (AZURE),4º cuarto,44,53,12/08/2026 22:31:00,97,moneyline_1x2,,Los Angeles Lakers (SIGNAL),8.0,False
2026-08-12T22:52:51.836245+00:00,13673685777,GG League - 4x5 Min de juego,True,Los Angeles Lakers,SIGNAL,Oklahoma City Thunder,AZURE,Los Angeles Lakers (SIGNAL),Oklahoma City Thunder (AZURE),4º cuarto,44,53,12/08/2026 22:31:00,97,moneyline_1x2,,Oklahoma City Thunder (AZURE),1.03,False
2026-08-12T22:52:51.836245+00:00,13673684715,GG League - 4x5 Min de juego,False,Brooklyn Nets,MARINE,Toronto Raptors,SPARKZ,Brooklyn Nets (MARINE),Toronto Raptors (SPARKZ),,,,12/08/2026 23:19:00,97,moneyline_1x2,,Brooklyn Nets (MARINE),2.3,False
2026-08-12T22:52:51.836245+00:00,13673684715,GG League - 4x5 Min de juego,False,Brooklyn Nets,MARINE,Toronto Raptors,SPARKZ,Brooklyn Nets (MARINE),Toronto Raptors (SPARKZ),,,,12/08/2026 23:19:00,97,moneyline_1x2,,Toronto Raptors (SPARKZ),1.5,False
2026-08-12T22:52:51.836245+00:00,13673685429,GG League - 4x5 Min de juego,False,New York Knicks,RADIANT,Los Angeles Lakers,ADMIRAL,New York Knicks (RADIANT),Los Angeles Lakers (ADMIRAL),,,,12/08/2026 23:31:00,97,moneyline_1x2,,New York Knicks (RADIANT),1.43,False
2026-08-12T22:52:51.836245+00:00,13673685429,GG League - 4x5 Min de juego,False,New York Knicks,RADIANT,Los Angeles Lakers,ADMIRAL,New York Knicks (RADIANT),Los Angeles Lakers (ADMIRAL),,,,12/08/2026 23:31:00,97,moneyline_1x2,,Los Angeles Lakers (ADMIRAL),2.5,False
2026-08-12T22:52:51.836245+00:00,13673684119,GG League - 4x5 Min de juego,False,Dallas Mavericks,JUGGERNAUT,Charlotte Hornets,GENERAL,Dallas Mavericks (JUGGERNAUT),Charlotte Hornets (GENERAL),,,,12/08/2026 22:55:00,97,moneyline_1x2,,Dallas Mavericks (JUGGERNAUT),1.55,False
2026-08-12T22:52:51.836245+00:00,13673684119,GG League - 4x5 Min de juego,False,Dallas Mavericks,JUGGERNAUT,Charlotte Hornets,GENERAL,Dallas Mavericks (JUGGERNAUT),Charlotte Hornets (GENERAL),,,,12/08/2026 22:55:00,97,moneyline_1x2,,Charlotte Hornets (GENERAL),2.2,False
2026-08-12T22:52:51.836245+00:00,13673684716,GG League - 4x5 Min de juego,False,Miami Heat,MYTH,Brooklyn Nets,KARMA,Miami Heat (MYTH),Brooklyn Nets (KARMA),,,,12/08/2026 23:23:00,97,moneyline_1x2,,Miami Heat (MYTH),2.15,False
2026-08-12T22:52:51.836245+00:00,13673684716,GG League - 4x5 Min de juego,False,Miami Heat,MYTH,Brooklyn Nets,KARMA,Miami Heat (MYTH),Brooklyn Nets (KARMA),,,,12/08/2026 23:23:00,97,moneyline_1x2,,Brooklyn Nets (KARMA),1.57,False
2026-08-12T22:52:51.836245+00:00,13673685520,GG League - 4x5 Min de juego,False,Phoenix Suns,NIGHTHAWK,Milwaukee Bucks,GENERAL,Phoenix Suns (NIGHTHAWK),Milwaukee Bucks (GENERAL),,,,12/08/2026 23:59:00,97,moneyline_1x2,,Phoenix Suns (NIGHTHAWK),1.35,False
2026-08-12T22:52:51.836245+00:00,13673685520,GG League - 4x5 Min de juego,False,Phoenix Suns,NIGHTHAWK,Milwaukee Bucks,GENERAL,Phoenix Suns (NIGHTHAWK),Milwaukee Bucks (GENERAL),,,,12/08/2026 23:59:00,97,moneyline_1x2,,Milwaukee Bucks (GENERAL),2.8,False
2026-08-12T22:52:51.836245+00:00,13673685720,GG League - 4x5 Min de juego,False,Orlando Magic,HUNCHO,Charlotte Hornets,CALAMITY,Orlando Magic (HUNCHO),Charlotte Hornets (CALAMITY),,,,12/08/2026 23:47:00,97,moneyline_1x2,,Orlando Magic (HUNCHO),1.62,False
2026-08-12T22:52:51.836245+00:00,13673685720,GG League - 4x5 Min de juego,False,Orlando Magic,HUNCHO,Charlotte Hornets,CALAMITY,Orlando Magic (HUNCHO),Charlotte Hornets (CALAMITY),,,,12/08/2026 23:47:00,97,moneyline_1x2,,Charlotte Hornets (CALAMITY),2.05,False
2026-08-12T22:52:51.836245+00:00,13673685454,GG League - 4x5 Min de juego,False,Brooklyn Nets,KARMA,Toronto Raptors,CYPHER,Brooklyn Nets (KARMA),Toronto Raptors (CYPHER),,,,12/08/2026 23:55:00,97,moneyline_1x2,,Brooklyn Nets (KARMA),1.5,False
2026-08-12T22:52:51.836245+00:00,13673685454,GG League - 4x5 Min de juego,False,Brooklyn Nets,KARMA,Toronto Raptors,CYPHER,Brooklyn Nets (KARMA),Toronto Raptors (CYPHER),,,,12/08/2026 23:55:00,97,moneyline_1x2,,Toronto Raptors (CYPHER),2.3,False
2026-08-12T22:52:51.836245+00:00,13673685718,GG League - 4x5 Min de juego,False,New York Knicks,JACKAL,Boston Celtics,HUNCHO,New York Knicks (JACKAL),Boston Celtics (HUNCHO),,,,12/08/2026 23:15:00,97,moneyline_1x2,,New York Knicks (JACKAL),1.62,False
2026-08-12T22:52:51.836245+00:00,13673685718,GG League - 4x5 Min de juego,False,New York Knicks,JACKAL,Boston Celtics,HUNCHO,New York Knicks (JACKAL),Boston Celtics (HUNCHO),,,,12/08/2026 23:15:00,97,moneyline_1x2,,Boston Celtics (HUNCHO),2.05,False
2026-08-12T22:52:51.836245+00:00,13673685422,GG League - 4x5 Min de juego,True,Los Angeles Lakers,CURSE,Oklahoma City Thunder,CALAMITY,Los Angeles Lakers (CURSE),Oklahoma City Thunder (CALAMITY),2º cuarto,19,21,12/08/2026 22:43:00,97,moneyline_1x2,,Los Angeles Lakers (CURSE),1.82,False
2026-08-12T22:52:51.836245+00:00,13673685422,GG League - 4x5 Min de juego,True,Los Angeles Lakers,CURSE,Oklahoma City Thunder,CALAMITY,Los Angeles Lakers (CURSE),Oklahoma City Thunder (CALAMITY),2º cuarto,19,21,12/08/2026 22:43:00,97,moneyline_1x2,,Oklahoma City Thunder (CALAMITY),1.82,False
2026-08-12T22:54:42.017059+00:00,13673684350,GG League - 4x5 Min de juego,False,Memphis Grizzlies,PHARAOH,Cleveland Cavaliers,AZURE,Memphis Grizzlies (PHARAOH),Cleveland Cavaliers (AZURE),,,,12/08/2026 23:03:00,97,moneyline_1x2,,Memphis Grizzlies (PHARAOH),2.6,False
2026-08-12T22:54:42.017059+00:00,13673684350,GG League - 4x5 Min de juego,False,Memphis Grizzlies,PHARAOH,Cleveland Cavaliers,AZURE,Memphis Grizzlies (PHARAOH),Cleveland Cavaliers (AZURE),,,,12/08/2026 23:03:00,97,moneyline_1x2,,Cleveland Cavaliers (AZURE),1.4,False
2026-08-12T22:54:42.017059+00:00,13673684349,GG League - 4x5 Min de juego,False,Charlotte Hornets,STING,Denver Nuggets,ADMIRAL,Charlotte Hornets (STING),Denver Nuggets (ADMIRAL),,,,12/08/2026 22:59:00,97,moneyline_1x2,,Charlotte Hornets (STING),1.5,False
2026-08-12T22:54:42.017059+00:00,13673684349,GG League - 4x5 Min de juego,False,Charlotte Hornets,STING,Denver Nuggets,ADMIRAL,Charlotte Hornets (STING),Denver Nuggets (ADMIRAL),,,,12/08/2026 22:59:00,97,moneyline_1x2,,Denver Nuggets (ADMIRAL),2.35,False
2026-08-12T22:54:42.017059+00:00,13673685780,GG League - 4x5 Min de juego,False,Dallas Mavericks,SPARKZ,Orlando Magic,UNDERRATED,Dallas Mavericks (SPARKZ),Orlando Magic (UNDERRATED),,,,12/08/2026 23:51:00,97,moneyline_1x2,,Dallas Mavericks (SPARKZ),1.57,False
2026-08-12T22:54:42.017059+00:00,13673685780,GG League - 4x5 Min de juego,False,Dallas Mavericks,SPARKZ,Orlando Magic,UNDERRATED,Dallas Mavericks (SPARKZ),Orlando Magic (UNDERRATED),,,,12/08/2026 23:51:00,97,moneyline_1x2,,Orlando Magic (UNDERRATED),2.15,False
2026-08-12T22:54:42.017059+00:00,13673666929,GG League - 4x5 Min de juego,False,New York Knicks,RADIANT,Oklahoma City Thunder,STING,New York Knicks (RADIANT),Oklahoma City Thunder (STING),,,,13/08/2026 00:03:00,97,moneyline_1x2,,New York Knicks (RADIANT),2.35,False
2026-08-12T22:54:42.017059+00:00,13673666929,GG League - 4x5 Min de juego,False,New York Knicks,RADIANT,Oklahoma City Thunder,STING,New York Knicks (RADIANT),Oklahoma City Thunder (STING),,,,13/08/2026 00:03:00,97,moneyline_1x2,,Oklahoma City Thunder (STING),1.5,False
2026-08-12T22:54:42.017059+00:00,13673685424,GG League - 4x5 Min de juego,True,Los Angeles Lakers,AIRFORCE,Oklahoma City Thunder,CYPHER,Los Angeles Lakers (AIRFORCE),Oklahoma City Thunder (CYPHER),1º cuarto,6,6,12/08/2026 22:51:00,97,moneyline_1x2,,Los Angeles Lakers (AIRFORCE),1.5,False
2026-08-12T22:54:42.017059+00:00,13673685424,GG League - 4x5 Min de juego,True,Los Angeles Lakers,AIRFORCE,Oklahoma City Thunder,CYPHER,Los Angeles Lakers (AIRFORCE),Oklahoma City Thunder (CYPHER),1º cuarto,6,6,12/08/2026 22:51:00,97,moneyline_1x2,,Oklahoma City Thunder (CYPHER),2.3,False
2026-08-12T22:54:42.017059+00:00,13673685778,GG League - 4x5 Min de juego,False,Los Angeles Lakers,SIGNAL,New York Knicks,PATIENCE,Los Angeles Lakers (SIGNAL),New York Knicks (PATIENCE),,,,12/08/2026 23:35:00,97,moneyline_1x2,,Los Angeles Lakers (SIGNAL),2.35,False
2026-08-12T22:54:42.017059+00:00,13673685778,GG League - 4x5 Min de juego,False,Los Angeles Lakers,SIGNAL,New York Knicks,PATIENCE,Los Angeles Lakers (SIGNAL),New York Knicks (PATIENCE),,,,12/08/2026 23:35:00,97,moneyline_1x2,,New York Knicks (PATIENCE),1.5,False
2026-08-12T22:54:42.017059+00:00,13673684118,GG League - 4x5 Min de juego,True,Chicago Bulls,OREZ,Miami Heat,UNDERRATED,Chicago Bulls (OREZ),Miami Heat (UNDERRATED),2º cuarto,15,13,12/08/2026 22:47:00,97,moneyline_1x2,,Chicago Bulls (OREZ),1.82,False
2026-08-12T22:54:42.017059+00:00,13673684118,GG League - 4x5 Min de juego,True,Chicago Bulls,OREZ,Miami Heat,UNDERRATED,Chicago Bulls (OREZ),Miami Heat (UNDERRATED),2º cuarto,15,13,12/08/2026 22:47:00,97,moneyline_1x2,,Miami Heat (UNDERRATED),1.82,False
2026-08-12T22:54:42.017059+00:00,13673664429,GG League - 4x5 Min de juego,False,New York Knicks,PATIENCE,Oklahoma City Thunder,AZURE,New York Knicks (PATIENCE),Oklahoma City Thunder (AZURE),,,,13/08/2026 00:07:00,97,moneyline_1x2,,New York Knicks (PATIENCE),1.3,False
2026-08-12T22:54:42.017059+00:00,13673664429,GG League - 4x5 Min de juego,False,New York Knicks,PATIENCE,Oklahoma City Thunder,AZURE,New York Knicks (PATIENCE),Oklahoma City Thunder (AZURE),,,,13/08/2026 00:07:00,97,moneyline_1x2,,Oklahoma City Thunder (AZURE),2.95,False
2026-08-12T22:54:42.017059+00:00,13673684715,GG League - 4x5 Min de juego,False,Brooklyn Nets,MARINE,Toronto Raptors,SPARKZ,Brooklyn Nets (MARINE),Toronto Raptors (SPARKZ),,,,12/08/2026 23:19:00,97,moneyline_1x2,,Brooklyn Nets (MARINE),2.3,False
2026-08-12T22:54:42.017059+00:00,13673684715,GG League - 4x5 Min de juego,False,Brooklyn Nets,MARINE,Toronto Raptors,SPARKZ,Brooklyn Nets (MARINE),Toronto Raptors (SPARKZ),,,,12/08/2026 23:19:00,97,moneyline_1x2,,Toronto Raptors (SPARKZ),1.5,False
2026-08-12T22:54:42.017059+00:00,13673685429,GG League - 4x5 Min de juego,False,New York Knicks,RADIANT,Los Angeles Lakers,ADMIRAL,New York Knicks (RADIANT),Los Angeles Lakers (ADMIRAL),,,,12/08/2026 23:31:00,97,moneyline_1x2,,New York Knicks (RADIANT),1.43,False
2026-08-12T22:54:42.017059+00:00,13673685429,GG League - 4x5 Min de juego,False,New York Knicks,RADIANT,Los Angeles Lakers,ADMIRAL,New York Knicks (RADIANT),Los Angeles Lakers (ADMIRAL),,,,12/08/2026 23:31:00,97,moneyline_1x2,,Los Angeles Lakers (ADMIRAL),2.5,False
2026-08-12T22:54:42.017059+00:00,13673684119,GG League - 4x5 Min de juego,False,Dallas Mavericks,JUGGERNAUT,Charlotte Hornets,GENERAL,Dallas Mavericks (JUGGERNAUT),Charlotte Hornets (GENERAL),,,,12/08/2026 22:55:00,97,moneyline_1x2,,Dallas Mavericks (JUGGERNAUT),1.55,False
2026-08-12T22:54:42.017059+00:00,13673684119,GG League - 4x5 Min de juego,False,Dallas Mavericks,JUGGERNAUT,Charlotte Hornets,GENERAL,Dallas Mavericks (JUGGERNAUT),Charlotte Hornets (GENERAL),,,,12/08/2026 22:55:00,97,moneyline_1x2,,Charlotte Hornets (GENERAL),2.2,False
2026-08-12T22:54:42.017059+00:00,13673684716,GG League - 4x5 Min de juego,False,Miami Heat,MYTH,Brooklyn Nets,KARMA,Miami Heat (MYTH),Brooklyn Nets (KARMA),,,,12/08/2026 23:23:00,97,moneyline_1x2,,Miami Heat (MYTH),2.15,False
2026-08-12T22:54:42.017059+00:00,13673684716,GG League - 4x5 Min de juego,False,Miami Heat,MYTH,Brooklyn Nets,KARMA,Miami Heat (MYTH),Brooklyn Nets (KARMA),,,,12/08/2026 23:23:00,97,moneyline_1x2,,Brooklyn Nets (KARMA),1.57,False
2026-08-12T22:54:42.017059+00:00,13673685520,GG League - 4x5 Min de juego,False,Phoenix Suns,NIGHTHAWK,Milwaukee Bucks,GENERAL,Phoenix Suns (NIGHTHAWK),Milwaukee Bucks (GENERAL),,,,12/08/2026 23:59:00,97,moneyline_1x2,,Phoenix Suns (NIGHTHAWK),1.35,False
2026-08-12T22:54:42.017059+00:00,13673685520,GG League - 4x5 Min de juego,False,Phoenix Suns,NIGHTHAWK,Milwaukee Bucks,GENERAL,Phoenix Suns (NIGHTHAWK),Milwaukee Bucks (GENERAL),,,,12/08/2026 23:59:00,97,moneyline_1x2,,Milwaukee Bucks (GENERAL),2.8,False
2026-08-12T22:54:42.017059+00:00,13673685720,GG League - 4x5 Min de juego,False,Orlando Magic,HUNCHO,Charlotte Hornets,CALAMITY,Orlando Magic (HUNCHO),Charlotte Hornets (CALAMITY),,,,12/08/2026 23:47:00,97,moneyline_1x2,,Orlando Magic (HUNCHO),1.62,False
2026-08-12T22:54:42.017059+00:00,13673685720,GG League - 4x5 Min de juego,False,Orlando Magic,HUNCHO,Charlotte Hornets,CALAMITY,Orlando Magic (HUNCHO),Charlotte Hornets (CALAMITY),,,,12/08/2026 23:47:00,97,moneyline_1x2,,Charlotte Hornets (CALAMITY),2.05,False
2026-08-12T22:54:42.017059+00:00,13673685454,GG League - 4x5 Min de juego,False,Brooklyn Nets,KARMA,Toronto Raptors,CYPHER,Brooklyn Nets (KARMA),Toronto Raptors (CYPHER),,,,12/08/2026 23:55:00,97,moneyline_1x2,,Brooklyn Nets (KARMA),1.5,False
2026-08-12T22:54:42.017059+00:00,13673685454,GG League - 4x5 Min de juego,False,Brooklyn Nets,KARMA,Toronto Raptors,CYPHER,Brooklyn Nets (KARMA),Toronto Raptors (CYPHER),,,,12/08/2026 23:55:00,97,moneyline_1x2,,Toronto Raptors (CYPHER),2.3,False
2026-08-12T22:54:42.017059+00:00,13673685718,GG League - 4x5 Min de juego,False,New York Knicks,JACKAL,Boston Celtics,HUNCHO,New York Knicks (JACKAL),Boston Celtics (HUNCHO),,,,12/08/2026 23:15:00,97,moneyline_1x2,,New York Knicks (JACKAL),1.62,False
2026-08-12T22:54:42.017059+00:00,13673685718,GG League - 4x5 Min de juego,False,New York Knicks,JACKAL,Boston Celtics,HUNCHO,New York Knicks (JACKAL),Boston Celtics (HUNCHO),,,,12/08/2026 23:15:00,97,moneyline_1x2,,Boston Celtics (HUNCHO),2.05,False
2026-08-12T22:54:42.017059+00:00,13673685422,GG League - 4x5 Min de juego,True,Los Angeles Lakers,CURSE,Oklahoma City Thunder,CALAMITY,Los Angeles Lakers (CURSE),Oklahoma City Thunder (CALAMITY),2º cuarto,24,23,12/08/2026 22:43:00,97,moneyline_1x2,,Los Angeles Lakers (CURSE),1.45,False
2026-08-12T22:54:42.017059+00:00,13673685422,GG League - 4x5 Min de juego,True,Los Angeles Lakers,CURSE,Oklahoma City Thunder,CALAMITY,Los Angeles Lakers (CURSE),Oklahoma City Thunder (CALAMITY),2º cuarto,24,23,12/08/2026 22:43:00,97,moneyline_1x2,,Oklahoma City Thunder (CALAMITY),2.4,False
2026-08-12T22:56:52.470950+00:00,13673684350,GG League - 4x5 Min de juego,False,Memphis Grizzlies,PHARAOH,Cleveland Cavaliers,AZURE,Memphis Grizzlies (PHARAOH),Cleveland Cavaliers (AZURE),,,,12/08/2026 23:03:00,97,moneyline_1x2,,Memphis Grizzlies (PHARAOH),2.6,False
2026-08-12T22:56:52.470950+00:00,13673684350,GG League - 4x5 Min de juego,False,Memphis Grizzlies,PHARAOH,Cleveland Cavaliers,AZURE,Memphis Grizzlies (PHARAOH),Cleveland Cavaliers (AZURE),,,,12/08/2026 23:03:00,97,moneyline_1x2,,Cleveland Cavaliers (AZURE),1.4,False
2026-08-12T22:56:52.470950+00:00,13673684349,GG League - 4x5 Min de juego,False,Charlotte Hornets,STING,Denver Nuggets,ADMIRAL,Charlotte Hornets (STING),Denver Nuggets (ADMIRAL),,,,12/08/2026 22:59:00,97,moneyline_1x2,,Charlotte Hornets (STING),1.5,False
2026-08-12T22:56:52.470950+00:00,13673684349,GG League - 4x5 Min de juego,False,Charlotte Hornets,STING,Denver Nuggets,ADMIRAL,Charlotte Hornets (STING),Denver Nuggets (ADMIRAL),,,,12/08/2026 22:59:00,97,moneyline_1x2,,Denver Nuggets (ADMIRAL),2.35,False
2026-08-12T22:56:52.470950+00:00,13673685780,GG League - 4x5 Min de juego,False,Dallas Mavericks,SPARKZ,Orlando Magic,UNDERRATED,Dallas Mavericks (SPARKZ),Orlando Magic (UNDERRATED),,,,12/08/2026 23:51:00,97,moneyline_1x2,,Dallas Mavericks (SPARKZ),1.57,False
2026-08-12T22:56:52.470950+00:00,13673685780,GG League - 4x5 Min de juego,False,Dallas Mavericks,SPARKZ,Orlando Magic,UNDERRATED,Dallas Mavericks (SPARKZ),Orlando Magic (UNDERRATED),,,,12/08/2026 23:51:00,97,moneyline_1x2,,Orlando Magic (UNDERRATED),2.15,False
2026-08-12T22:56:52.470950+00:00,13673666929,GG League - 4x5 Min de juego,False,New York Knicks,RADIANT,Oklahoma City Thunder,STING,New York Knicks (RADIANT),Oklahoma City Thunder (STING),,,,13/08/2026 00:03:00,97,moneyline_1x2,,New York Knicks (RADIANT),2.35,False
2026-08-12T22:56:52.470950+00:00,13673666929,GG League - 4x5 Min de juego,False,New York Knicks,RADIANT,Oklahoma City Thunder,STING,New York Knicks (RADIANT),Oklahoma City Thunder (STING),,,,13/08/2026 00:03:00,97,moneyline_1x2,,Oklahoma City Thunder (STING),1.5,False
2026-08-12T22:56:52.470950+00:00,13673685424,GG League - 4x5 Min de juego,True,Los Angeles Lakers,AIRFORCE,Oklahoma City Thunder,CYPHER,Los Angeles Lakers (AIRFORCE),Oklahoma City Thunder (CYPHER),1º cuarto,14,10,12/08/2026 22:51:00,97,moneyline_1x2,,Los Angeles Lakers (AIRFORCE),1.3,False
2026-08-12T22:56:52.470950+00:00,13673685424,GG League - 4x5 Min de juego,True,Los Angeles Lakers,AIRFORCE,Oklahoma City Thunder,CYPHER,Los Angeles Lakers (AIRFORCE),Oklahoma City Thunder (CYPHER),1º cuarto,14,10,12/08/2026 22:51:00,97,moneyline_1x2,,Oklahoma City Thunder (CYPHER),3.0,False
2026-08-12T22:56:52.470950+00:00,13673685778,GG League - 4x5 Min de juego,False,Los Angeles Lakers,SIGNAL,New York Knicks,PATIENCE,Los Angeles Lakers (SIGNAL),New York Knicks (PATIENCE),,,,12/08/2026 23:35:00,97,moneyline_1x2,,Los Angeles Lakers (SIGNAL),2.35,False
2026-08-12T22:56:52.470950+00:00,13673685778,GG League - 4x5 Min de juego,False,Los Angeles Lakers,SIGNAL,New York Knicks,PATIENCE,Los Angeles Lakers (SIGNAL),New York Knicks (PATIENCE),,,,12/08/2026 23:35:00,97,moneyline_1x2,,New York Knicks (PATIENCE),1.5,False
2026-08-12T22:56:52.470950+00:00,13673684118,GG League - 4x5 Min de juego,True,Chicago Bulls,OREZ,Miami Heat,UNDERRATED,Chicago Bulls (OREZ),Miami Heat (UNDERRATED),2º cuarto,18,20,12/08/2026 22:47:00,97,moneyline_1x2,,Chicago Bulls (OREZ),2.5,False
2026-08-12T22:56:52.470950+00:00,13673684118,GG League - 4x5 Min de juego,True,Chicago Bulls,OREZ,Miami Heat,UNDERRATED,Chicago Bulls (OREZ),Miami Heat (UNDERRATED),2º cuarto,18,20,12/08/2026 22:47:00,97,moneyline_1x2,,Miami Heat (UNDERRATED),1.43,False
2026-08-12T22:56:52.470950+00:00,13673664429,GG League - 4x5 Min de juego,False,New York Knicks,PATIENCE,Oklahoma City Thunder,AZURE,New York Knicks (PATIENCE),Oklahoma City Thunder (AZURE),,,,13/08/2026 00:07:00,97,moneyline_1x2,,New York Knicks (PATIENCE),1.3,False
2026-08-12T22:56:52.470950+00:00,13673664429,GG League - 4x5 Min de juego,False,New York Knicks,PATIENCE,Oklahoma City Thunder,AZURE,New York Knicks (PATIENCE),Oklahoma City Thunder (AZURE),,,,13/08/2026 00:07:00,97,moneyline_1x2,,Oklahoma City Thunder (AZURE),2.95,False
2026-08-12T22:56:52.470950+00:00,13673684715,GG League - 4x5 Min de juego,False,Brooklyn Nets,MARINE,Toronto Raptors,SPARKZ,Brooklyn Nets (MARINE),Toronto Raptors (SPARKZ),,,,12/08/2026 23:19:00,97,moneyline_1x2,,Brooklyn Nets (MARINE),2.3,False
2026-08-12T22:56:52.470950+00:00,13673684715,GG League - 4x5 Min de juego,False,Brooklyn Nets,MARINE,Toronto Raptors,SPARKZ,Brooklyn Nets (MARINE),Toronto Raptors (SPARKZ),,,,12/08/2026 23:19:00,97,moneyline_1x2,,Toronto Raptors (SPARKZ),1.5,False
2026-08-12T22:56:52.470950+00:00,13673685429,GG League - 4x5 Min de juego,False,New York Knicks,RADIANT,Los Angeles Lakers,ADMIRAL,New York Knicks (RADIANT),Los Angeles Lakers (ADMIRAL),,,,12/08/2026 23:31:00,97,moneyline_1x2,,New York Knicks (RADIANT),1.43,False
2026-08-12T22:56:52.470950+00:00,13673685429,GG League - 4x5 Min de juego,False,New York Knicks,RADIANT,Los Angeles Lakers,ADMIRAL,New York Knicks (RADIANT),Los Angeles Lakers (ADMIRAL),,,,12/08/2026 23:31:00,97,moneyline_1x2,,Los Angeles Lakers (ADMIRAL),2.5,False
2026-08-12T22:56:52.470950+00:00,13673684119,GG League - 4x5 Min de juego,True,Dallas Mavericks,JUGGERNAUT,Charlotte Hornets,GENERAL,Dallas Mavericks (JUGGERNAUT),Charlotte Hornets (GENERAL),1º cuarto,5,4,12/08/2026 22:55:00,97,moneyline_1x2,,Dallas Mavericks (JUGGERNAUT),1.45,False
2026-08-12T22:56:52.470950+00:00,13673684119,GG League - 4x5 Min de juego,True,Dallas Mavericks,JUGGERNAUT,Charlotte Hornets,GENERAL,Dallas Mavericks (JUGGERNAUT),Charlotte Hornets (GENERAL),1º cuarto,5,4,12/08/2026 22:55:00,97,moneyline_1x2,,Charlotte Hornets (GENERAL),2.4,False
2026-08-12T22:56:52.470950+00:00,13673684716,GG League - 4x5 Min de juego,False,Miami Heat,MYTH,Brooklyn Nets,KARMA,Miami Heat (MYTH),Brooklyn Nets (KARMA),,,,12/08/2026 23:23:00,97,moneyline_1x2,,Miami Heat (MYTH),2.15,False
2026-08-12T22:56:52.470950+00:00,13673684716,GG League - 4x5 Min de juego,False,Miami Heat,MYTH,Brooklyn Nets,KARMA,Miami Heat (MYTH),Brooklyn Nets (KARMA),,,,12/08/2026 23:23:00,97,moneyline_1x2,,Brooklyn Nets (KARMA),1.57,False
2026-08-12T22:56:52.470950+00:00,13673685520,GG League - 4x5 Min de juego,False,Phoenix Suns,NIGHTHAWK,Milwaukee Bucks,GENERAL,Phoenix Suns (NIGHTHAWK),Milwaukee Bucks (GENERAL),,,,12/08/2026 23:59:00,97,moneyline_1x2,,Phoenix Suns (NIGHTHAWK),1.35,False
2026-08-12T22:56:52.470950+00:00,13673685520,GG League - 4x5 Min de juego,False,Phoenix Suns,NIGHTHAWK,Milwaukee Bucks,GENERAL,Phoenix Suns (NIGHTHAWK),Milwaukee Bucks (GENERAL),,,,12/08/2026 23:59:00,97,moneyline_1x2,,Milwaukee Bucks (GENERAL),2.8,False
2026-08-12T22:56:52.470950+00:00,13673685720,GG League - 4x5 Min de juego,False,Orlando Magic,HUNCHO,Charlotte Hornets,CALAMITY,Orlando Magic (HUNCHO),Charlotte Hornets (CALAMITY),,,,12/08/2026 23:47:00,97,moneyline_1x2,,Orlando Magic (HUNCHO),1.62,False
2026-08-12T22:56:52.470950+00:00,13673685720,GG League - 4x5 Min de juego,False,Orlando Magic,HUNCHO,Charlotte Hornets,CALAMITY,Orlando Magic (HUNCHO),Charlotte Hornets (CALAMITY),,,,12/08/2026 23:47:00,97,moneyline_1x2,,Charlotte Hornets (CALAMITY),2.05,False
2026-08-12T22:56:52.470950+00:00,13673685454,GG League - 4x5 Min de juego,False,Brooklyn Nets,KARMA,Toronto Raptors,CYPHER,Brooklyn Nets (KARMA),Toronto Raptors (CYPHER),,,,12/08/2026 23:55:00,97,moneyline_1x2,,Brooklyn Nets (KARMA),1.5,False
2026-08-12T22:56:52.470950+00:00,13673685454,GG League - 4x5 Min de juego,False,Brooklyn Nets,KARMA,Toronto Raptors,CYPHER,Brooklyn Nets (KARMA),Toronto Raptors (CYPHER),,,,12/08/2026 23:55:00,97,moneyline_1x2,,Toronto Raptors (CYPHER),2.3,False
2026-08-12T22:56:52.470950+00:00,13673685718,GG League - 4x5 Min de juego,False,New York Knicks,JACKAL,Boston Celtics,HUNCHO,New York Knicks (JACKAL),Boston Celtics (HUNCHO),,,,12/08/2026 23:15:00,97,moneyline_1x2,,New York Knicks (JACKAL),1.62,False
2026-08-12T22:56:52.470950+00:00,13673685718,GG League - 4x5 Min de juego,False,New York Knicks,JACKAL,Boston Celtics,HUNCHO,New York Knicks (JACKAL),Boston Celtics (HUNCHO),,,,12/08/2026 23:15:00,97,moneyline_1x2,,Boston Celtics (HUNCHO),2.05,False
2026-08-12T22:56:52.470950+00:00,13673685422,GG League - 4x5 Min de juego,True,Los Angeles Lakers,CURSE,Oklahoma City Thunder,CALAMITY,Los Angeles Lakers (CURSE),Oklahoma City Thunder (CALAMITY),3º Cuarto,29,25,12/08/2026 22:43:00,97,moneyline_1x2,,Los Angeles Lakers (CURSE),1.22,False
2026-08-12T22:56:52.470950+00:00,13673685422,GG League - 4x5 Min de juego,True,Los Angeles Lakers,CURSE,Oklahoma City Thunder,CALAMITY,Los Angeles Lakers (CURSE),Oklahoma City Thunder (CALAMITY),3º Cuarto,29,25,12/08/2026 22:43:00,97,moneyline_1x2,,Oklahoma City Thunder (CALAMITY),3.5,False
2026-08-12T22:58:51.370603+00:00,13673684350,GG League - 4x5 Min de juego,False,Memphis Grizzlies,PHARAOH,Cleveland Cavaliers,AZURE,Memphis Grizzlies (PHARAOH),Cleveland Cavaliers (AZURE),,,,12/08/2026 23:03:00,97,moneyline_1x2,,Memphis Grizzlies (PHARAOH),2.6,False
2026-08-12T22:58:51.370603+00:00,13673684350,GG League - 4x5 Min de juego,False,Memphis Grizzlies,PHARAOH,Cleveland Cavaliers,AZURE,Memphis Grizzlies (PHARAOH),Cleveland Cavaliers (AZURE),,,,12/08/2026 23:03:00,97,moneyline_1x2,,Cleveland Cavaliers (AZURE),1.4,False
2026-08-12T22:58:51.370603+00:00,13673684349,GG League - 4x5 Min de juego,False,Charlotte Hornets,STING,Denver Nuggets,ADMIRAL,Charlotte Hornets (STING),Denver Nuggets (ADMIRAL),,,,12/08/2026 22:59:00,97,moneyline_1x2,,Charlotte Hornets (STING),1.5,False
2026-08-12T22:58:51.370603+00:00,13673684349,GG League - 4x5 Min de juego,False,Charlotte Hornets,STING,Denver Nuggets,ADMIRAL,Charlotte Hornets (STING),Denver Nuggets (ADMIRAL),,,,12/08/2026 22:59:00,97,moneyline_1x2,,Denver Nuggets (ADMIRAL),2.35,False
2026-08-12T22:58:51.370603+00:00,13673685780,GG League - 4x5 Min de juego,False,Dallas Mavericks,SPARKZ,Orlando Magic,UNDERRATED,Dallas Mavericks (SPARKZ),Orlando Magic (UNDERRATED),,,,12/08/2026 23:51:00,97,moneyline_1x2,,Dallas Mavericks (SPARKZ),1.57,False
2026-08-12T22:58:51.370603+00:00,13673685780,GG League - 4x5 Min de juego,False,Dallas Mavericks,SPARKZ,Orlando Magic,UNDERRATED,Dallas Mavericks (SPARKZ),Orlando Magic (UNDERRATED),,,,12/08/2026 23:51:00,97,moneyline_1x2,,Orlando Magic (UNDERRATED),2.15,False
2026-08-12T22:58:51.370603+00:00,13673666929,GG League - 4x5 Min de juego,False,New York Knicks,RADIANT,Oklahoma City Thunder,STING,New York Knicks (RADIANT),Oklahoma City Thunder (STING),,,,13/08/2026 00:03:00,97,moneyline_1x2,,New York Knicks (RADIANT),2.35,False
2026-08-12T22:58:51.370603+00:00,13673666929,GG League - 4x5 Min de juego,False,New York Knicks,RADIANT,Oklahoma City Thunder,STING,New York Knicks (RADIANT),Oklahoma City Thunder (STING),,,,13/08/2026 00:03:00,97,moneyline_1x2,,Oklahoma City Thunder (STING),1.5,False
2026-08-12T22:58:51.370603+00:00,13673685424,GG League - 4x5 Min de juego,True,Los Angeles Lakers,AIRFORCE,Oklahoma City Thunder,CYPHER,Los Angeles Lakers (AIRFORCE),Oklahoma City Thunder (CYPHER),2º cuarto,18,13,12/08/2026 22:51:00,97,moneyline_1x2,,Los Angeles Lakers (AIRFORCE),1.28,False
2026-08-12T22:58:51.370603+00:00,13673685424,GG League - 4x5 Min de juego,True,Los Angeles Lakers,AIRFORCE,Oklahoma City Thunder,CYPHER,Los Angeles Lakers (AIRFORCE),Oklahoma City Thunder (CYPHER),2º cuarto,18,13,12/08/2026 22:51:00,97,moneyline_1x2,,Oklahoma City Thunder (CYPHER),3.15,False
2026-08-12T22:58:51.370603+00:00,13673685778,GG League - 4x5 Min de juego,False,Los Angeles Lakers,SIGNAL,New York Knicks,PATIENCE,Los Angeles Lakers (SIGNAL),New York Knicks (PATIENCE),,,,12/08/2026 23:35:00,97,moneyline_1x2,,Los Angeles Lakers (SIGNAL),2.35,False
2026-08-12T22:58:51.370603+00:00,13673685778,GG League - 4x5 Min de juego,False,Los Angeles Lakers,SIGNAL,New York Knicks,PATIENCE,Los Angeles Lakers (SIGNAL),New York Knicks (PATIENCE),,,,12/08/2026 23:35:00,97,moneyline_1x2,,New York Knicks (PATIENCE),1.5,False
2026-08-12T22:58:51.370603+00:00,13673684118,GG League - 4x5 Min de juego,True,Chicago Bulls,OREZ,Miami Heat,UNDERRATED,Chicago Bulls (OREZ),Miami Heat (UNDERRATED),2º cuarto,23,26,12/08/2026 22:47:00,97,moneyline_1x2,,Chicago Bulls (OREZ),2.95,False
2026-08-12T22:58:51.370603+00:00,13673684118,GG League - 4x5 Min de juego,True,Chicago Bulls,OREZ,Miami Heat,UNDERRATED,Chicago Bulls (OREZ),Miami Heat (UNDERRATED),2º cuarto,23,26,12/08/2026 22:47:00,97,moneyline_1x2,,Miami Heat (UNDERRATED),1.3,False
2026-08-12T22:58:51.370603+00:00,13673664429,GG League - 4x5 Min de juego,False,New York Knicks,PATIENCE,Oklahoma City Thunder,AZURE,New York Knicks (PATIENCE),Oklahoma City Thunder (AZURE),,,,13/08/2026 00:07:00,97,moneyline_1x2,,New York Knicks (PATIENCE),1.3,False
2026-08-12T22:58:51.370603+00:00,13673664429,GG League - 4x5 Min de juego,False,New York Knicks,PATIENCE,Oklahoma City Thunder,AZURE,New York Knicks (PATIENCE),Oklahoma City Thunder (AZURE),,,,13/08/2026 00:07:00,97,moneyline_1x2,,Oklahoma City Thunder (AZURE),2.95,False
2026-08-12T22:58:51.370603+00:00,13673684715,GG League - 4x5 Min de juego,False,Brooklyn Nets,MARINE,Toronto Raptors,SPARKZ,Brooklyn Nets (MARINE),Toronto Raptors (SPARKZ),,,,12/08/2026 23:19:00,97,moneyline_1x2,,Brooklyn Nets (MARINE),2.3,False
2026-08-12T22:58:51.370603+00:00,13673684715,GG League - 4x5 Min de juego,False,Brooklyn Nets,MARINE,Toronto Raptors,SPARKZ,Brooklyn Nets (MARINE),Toronto Raptors (SPARKZ),,,,12/08/2026 23:19:00,97,moneyline_1x2,,Toronto Raptors (SPARKZ),1.5,False
2026-08-12T22:58:51.370603+00:00,13673685429,GG League - 4x5 Min de juego,False,New York Knicks,RADIANT,Los Angeles Lakers,ADMIRAL,New York Knicks (RADIANT),Los Angeles Lakers (ADMIRAL),,,,12/08/2026 23:31:00,97,moneyline_1x2,,New York Knicks (RADIANT),1.43,False
2026-08-12T22:58:51.370603+00:00,13673685429,GG League - 4x5 Min de juego,False,New York Knicks,RADIANT,Los Angeles Lakers,ADMIRAL,New York Knicks (RADIANT),Los Angeles Lakers (ADMIRAL),,,,12/08/2026 23:31:00,97,moneyline_1x2,,Los Angeles Lakers (ADMIRAL),2.5,False
2026-08-12T22:58:51.370603+00:00,13673684119,GG League - 4x5 Min de juego,True,Dallas Mavericks,JUGGERNAUT,Charlotte Hornets,GENERAL,Dallas Mavericks (JUGGERNAUT),Charlotte Hornets (GENERAL),1º cuarto,15,13,12/08/2026 22:55:00,97,moneyline_1x2,,Dallas Mavericks (JUGGERNAUT),1.5,False
2026-08-12T22:58:51.370603+00:00,13673684119,GG League - 4x5 Min de juego,True,Dallas Mavericks,JUGGERNAUT,Charlotte Hornets,GENERAL,Dallas Mavericks (JUGGERNAUT),Charlotte Hornets (GENERAL),1º cuarto,15,13,12/08/2026 22:55:00,97,moneyline_1x2,,Charlotte Hornets (GENERAL),2.35,False
2026-08-12T22:58:51.370603+00:00,13673684716,GG League - 4x5 Min de juego,False,Miami Heat,MYTH,Brooklyn Nets,KARMA,Miami Heat (MYTH),Brooklyn Nets (KARMA),,,,12/08/2026 23:23:00,97,moneyline_1x2,,Miami Heat (MYTH),2.15,False
2026-08-12T22:58:51.370603+00:00,13673684716,GG League - 4x5 Min de juego,False,Miami Heat,MYTH,Brooklyn Nets,KARMA,Miami Heat (MYTH),Brooklyn Nets (KARMA),,,,12/08/2026 23:23:00,97,moneyline_1x2,,Brooklyn Nets (KARMA),1.57,False
2026-08-12T22:58:51.370603+00:00,13673685520,GG League - 4x5 Min de juego,False,Phoenix Suns,NIGHTHAWK,Milwaukee Bucks,GENERAL,Phoenix Suns (NIGHTHAWK),Milwaukee Bucks (GENERAL),,,,12/08/2026 23:59:00,97,moneyline_1x2,,Phoenix Suns (NIGHTHAWK),1.35,False
2026-08-12T22:58:51.370603+00:00,13673685520,GG League - 4x5 Min de juego,False,Phoenix Suns,NIGHTHAWK,Milwaukee Bucks,GENERAL,Phoenix Suns (NIGHTHAWK),Milwaukee Bucks (GENERAL),,,,12/08/2026 23:59:00,97,moneyline_1x2,,Milwaukee Bucks (GENERAL),2.8,False
2026-08-12T22:58:51.370603+00:00,13673685720,GG League - 4x5 Min de juego,False,Orlando Magic,HUNCHO,Charlotte Hornets,CALAMITY,Orlando Magic (HUNCHO),Charlotte Hornets (CALAMITY),,,,12/08/2026 23:47:00,97,moneyline_1x2,,Orlando Magic (HUNCHO),1.62,False
2026-08-12T22:58:51.370603+00:00,13673685720,GG League - 4x5 Min de juego,False,Orlando Magic,HUNCHO,Charlotte Hornets,CALAMITY,Orlando Magic (HUNCHO),Charlotte Hornets (CALAMITY),,,,12/08/2026 23:47:00,97,moneyline_1x2,,Charlotte Hornets (CALAMITY),2.05,False
2026-08-12T22:58:51.370603+00:00,13673685454,GG League - 4x5 Min de juego,False,Brooklyn Nets,KARMA,Toronto Raptors,CYPHER,Brooklyn Nets (KARMA),Toronto Raptors (CYPHER),,,,12/08/2026 23:55:00,97,moneyline_1x2,,Brooklyn Nets (KARMA),1.5,False
2026-08-12T22:58:51.370603+00:00,13673685454,GG League - 4x5 Min de juego,False,Brooklyn Nets,KARMA,Toronto Raptors,CYPHER,Brooklyn Nets (KARMA),Toronto Raptors (CYPHER),,,,12/08/2026 23:55:00,97,moneyline_1x2,,Toronto Raptors (CYPHER),2.3,False
2026-08-12T22:58:51.370603+00:00,13673685718,GG League - 4x5 Min de juego,False,New York Knicks,JACKAL,Boston Celtics,HUNCHO,New York Knicks (JACKAL),Boston Celtics (HUNCHO),,,,12/08/2026 23:15:00,97,moneyline_1x2,,New York Knicks (JACKAL),1.62,False
2026-08-12T22:58:51.370603+00:00,13673685718,GG League - 4x5 Min de juego,False,New York Knicks,JACKAL,Boston Celtics,HUNCHO,New York Knicks (JACKAL),Boston Celtics (HUNCHO),,,,12/08/2026 23:15:00,97,moneyline_1x2,,Boston Celtics (HUNCHO),2.05,False
2026-08-12T22:58:51.370603+00:00,13673685422,GG League - 4x5 Min de juego,True,Los Angeles Lakers,CURSE,Oklahoma City Thunder,CALAMITY,Los Angeles Lakers (CURSE),Oklahoma City Thunder (CALAMITY),3º Cuarto,31,27,12/08/2026 22:43:00,97,moneyline_1x2,,Los Angeles Lakers (CURSE),1.22,False
2026-08-12T22:58:51.370603+00:00,13673685422,GG League - 4x5 Min de juego,True,Los Angeles Lakers,CURSE,Oklahoma City Thunder,CALAMITY,Los Angeles Lakers (CURSE),Oklahoma City Thunder (CALAMITY),3º Cuarto,31,27,12/08/2026 22:43:00,97,moneyline_1x2,,Oklahoma City Thunder (CALAMITY),3.5,False
2026-08-12T23:01:29.164284+00:00,13673684350,GG League - 4x5 Min de juego,False,Memphis Grizzlies,PHARAOH,Cleveland Cavaliers,AZURE,Memphis Grizzlies (PHARAOH),Cleveland Cavaliers (AZURE),,,,12/08/2026 23:03:00,97,moneyline_1x2,,Memphis Grizzlies (PHARAOH),2.6,False
2026-08-12T23:01:29.164284+00:00,13673684350,GG League - 4x5 Min de juego,False,Memphis Grizzlies,PHARAOH,Cleveland Cavaliers,AZURE,Memphis Grizzlies (PHARAOH),Cleveland Cavaliers (AZURE),,,,12/08/2026 23:03:00,97,moneyline_1x2,,Cleveland Cavaliers (AZURE),1.4,False
2026-08-12T23:01:29.164284+00:00,13673684349,GG League - 4x5 Min de juego,True,Charlotte Hornets,STING,Denver Nuggets,ADMIRAL,Charlotte Hornets (STING),Denver Nuggets (ADMIRAL),1º cuarto,7,4,12/08/2026 22:59:00,97,moneyline_1x2,,Charlotte Hornets (STING),1.3,False
2026-08-12T23:01:29.164284+00:00,13673684349,GG League - 4x5 Min de juego,True,Charlotte Hornets,STING,Denver Nuggets,ADMIRAL,Charlotte Hornets (STING),Denver Nuggets (ADMIRAL),1º cuarto,7,4,12/08/2026 22:59:00,97,moneyline_1x2,,Denver Nuggets (ADMIRAL),3.0,False
2026-08-12T23:01:29.164284+00:00,13673685780,GG League - 4x5 Min de juego,False,Dallas Mavericks,SPARKZ,Orlando Magic,UNDERRATED,Dallas Mavericks (SPARKZ),Orlando Magic (UNDERRATED),,,,12/08/2026 23:51:00,97,moneyline_1x2,,Dallas Mavericks (SPARKZ),1.57,False
2026-08-12T23:01:29.164284+00:00,13673685780,GG League - 4x5 Min de juego,False,Dallas Mavericks,SPARKZ,Orlando Magic,UNDERRATED,Dallas Mavericks (SPARKZ),Orlando Magic (UNDERRATED),,,,12/08/2026 23:51:00,97,moneyline_1x2,,Orlando Magic (UNDERRATED),2.15,False
2026-08-12T23:01:29.164284+00:00,13673666929,GG League - 4x5 Min de juego,False,New York Knicks,RADIANT,Oklahoma City Thunder,STING,New York Knicks (RADIANT),Oklahoma City Thunder (STING),,,,13/08/2026 00:03:00,97,moneyline_1x2,,New York Knicks (RADIANT),2.35,False
2026-08-12T23:01:29.164284+00:00,13673666929,GG League - 4x5 Min de juego,False,New York Knicks,RADIANT,Oklahoma City Thunder,STING,New York Knicks (RADIANT),Oklahoma City Thunder (STING),,,,13/08/2026 00:03:00,97,moneyline_1x2,,Oklahoma City Thunder (STING),1.5,False
2026-08-12T23:01:29.164284+00:00,13673685424,GG League - 4x5 Min de juego,True,Los Angeles Lakers,AIRFORCE,Oklahoma City Thunder,CYPHER,Los Angeles Lakers (AIRFORCE),Oklahoma City Thunder (CYPHER),2º cuarto,27,19,12/08/2026 22:51:00,97,moneyline_1x2,,Los Angeles Lakers (AIRFORCE),1.12,False
2026-08-12T23:01:29.164284+00:00,13673685424,GG League - 4x5 Min de juego,True,Los Angeles Lakers,AIRFORCE,Oklahoma City Thunder,CYPHER,Los Angeles Lakers (AIRFORCE),Oklahoma City Thunder (CYPHER),2º cuarto,27,19,12/08/2026 22:51:00,97,moneyline_1x2,,Oklahoma City Thunder (CYPHER),4.75,False
2026-08-12T23:01:29.164284+00:00,13673685778,GG League - 4x5 Min de juego,False,Los Angeles Lakers,SIGNAL,New York Knicks,PATIENCE,Los Angeles Lakers (SIGNAL),New York Knicks (PATIENCE),,,,12/08/2026 23:35:00,97,moneyline_1x2,,Los Angeles Lakers (SIGNAL),2.35,False
2026-08-12T23:01:29.164284+00:00,13673685778,GG League - 4x5 Min de juego,False,Los Angeles Lakers,SIGNAL,New York Knicks,PATIENCE,Los Angeles Lakers (SIGNAL),New York Knicks (PATIENCE),,,,12/08/2026 23:35:00,97,moneyline_1x2,,New York Knicks (PATIENCE),1.5,False
2026-08-12T23:01:29.164284+00:00,13673664429,GG League - 4x5 Min de juego,False,New York Knicks,PATIENCE,Oklahoma City Thunder,AZURE,New York Knicks (PATIENCE),Oklahoma City Thunder (AZURE),,,,13/08/2026 00:07:00,97,moneyline_1x2,,New York Knicks (PATIENCE),1.3,False
2026-08-12T23:01:29.164284+00:00,13673664429,GG League - 4x5 Min de juego,False,New York Knicks,PATIENCE,Oklahoma City Thunder,AZURE,New York Knicks (PATIENCE),Oklahoma City Thunder (AZURE),,,,13/08/2026 00:07:00,97,moneyline_1x2,,Oklahoma City Thunder (AZURE),2.95,False
2026-08-12T23:01:29.164284+00:00,13673684715,GG League - 4x5 Min de juego,False,Brooklyn Nets,MARINE,Toronto Raptors,SPARKZ,Brooklyn Nets (MARINE),Toronto Raptors (SPARKZ),,,,12/08/2026 23:19:00,97,moneyline_1x2,,Brooklyn Nets (MARINE),2.3,False
2026-08-12T23:01:29.164284+00:00,13673684715,GG League - 4x5 Min de juego,False,Brooklyn Nets,MARINE,Toronto Raptors,SPARKZ,Brooklyn Nets (MARINE),Toronto Raptors (SPARKZ),,,,12/08/2026 23:19:00,97,moneyline_1x2,,Toronto Raptors (SPARKZ),1.5,False
2026-08-12T23:01:29.164284+00:00,13673685429,GG League - 4x5 Min de juego,False,New York Knicks,RADIANT,Los Angeles Lakers,ADMIRAL,New York Knicks (RADIANT),Los Angeles Lakers (ADMIRAL),,,,12/08/2026 23:31:00,97,moneyline_1x2,,New York Knicks (RADIANT),1.43,False
2026-08-12T23:01:29.164284+00:00,13673685429,GG League - 4x5 Min de juego,False,New York Knicks,RADIANT,Los Angeles Lakers,ADMIRAL,New York Knicks (RADIANT),Los Angeles Lakers (ADMIRAL),,,,12/08/2026 23:31:00,97,moneyline_1x2,,Los Angeles Lakers (ADMIRAL),2.5,False
2026-08-12T23:01:29.164284+00:00,13673684119,GG League - 4x5 Min de juego,True,Dallas Mavericks,JUGGERNAUT,Charlotte Hornets,GENERAL,Dallas Mavericks (JUGGERNAUT),Charlotte Hornets (GENERAL),1º cuarto,17,19,12/08/2026 22:55:00,97,moneyline_1x2,,Dallas Mavericks (JUGGERNAUT),1.9,False
2026-08-12T23:01:29.164284+00:00,13673684119,GG League - 4x5 Min de juego,True,Dallas Mavericks,JUGGERNAUT,Charlotte Hornets,GENERAL,Dallas Mavericks (JUGGERNAUT),Charlotte Hornets (GENERAL),1º cuarto,17,19,12/08/2026 22:55:00,97,moneyline_1x2,,Charlotte Hornets (GENERAL),1.75,False
2026-08-12T23:01:29.164284+00:00,13673684716,GG League - 4x5 Min de juego,False,Miami Heat,MYTH,Brooklyn Nets,KARMA,Miami Heat (MYTH),Brooklyn Nets (KARMA),,,,12/08/2026 23:23:00,97,moneyline_1x2,,Miami Heat (MYTH),2.15,False
2026-08-12T23:01:29.164284+00:00,13673684716,GG League - 4x5 Min de juego,False,Miami Heat,MYTH,Brooklyn Nets,KARMA,Miami Heat (MYTH),Brooklyn Nets (KARMA),,,,12/08/2026 23:23:00,97,moneyline_1x2,,Brooklyn Nets (KARMA),1.57,False
2026-08-12T23:01:29.164284+00:00,13673685520,GG League - 4x5 Min de juego,False,Phoenix Suns,NIGHTHAWK,Milwaukee Bucks,GENERAL,Phoenix Suns (NIGHTHAWK),Milwaukee Bucks (GENERAL),,,,12/08/2026 23:59:00,97,moneyline_1x2,,Phoenix Suns (NIGHTHAWK),1.35,False
2026-08-12T23:01:29.164284+00:00,13673685520,GG League - 4x5 Min de juego,False,Phoenix Suns,NIGHTHAWK,Milwaukee Bucks,GENERAL,Phoenix Suns (NIGHTHAWK),Milwaukee Bucks (GENERAL),,,,12/08/2026 23:59:00,97,moneyline_1x2,,Milwaukee Bucks (GENERAL),2.8,False
2026-08-12T23:01:29.164284+00:00,13673685720,GG League - 4x5 Min de juego,False,Orlando Magic,HUNCHO,Charlotte Hornets,CALAMITY,Orlando Magic (HUNCHO),Charlotte Hornets (CALAMITY),,,,12/08/2026 23:47:00,97,moneyline_1x2,,Orlando Magic (HUNCHO),1.62,False
2026-08-12T23:01:29.164284+00:00,13673685720,GG League - 4x5 Min de juego,False,Orlando Magic,HUNCHO,Charlotte Hornets,CALAMITY,Orlando Magic (HUNCHO),Charlotte Hornets (CALAMITY),,,,12/08/2026 23:47:00,97,moneyline_1x2,,Charlotte Hornets (CALAMITY),2.05,False
2026-08-12T23:01:29.164284+00:00,13673685454,GG League - 4x5 Min de juego,False,Brooklyn Nets,KARMA,Toronto Raptors,CYPHER,Brooklyn Nets (KARMA),Toronto Raptors (CYPHER),,,,12/08/2026 23:55:00,97,moneyline_1x2,,Brooklyn Nets (KARMA),1.5,False
2026-08-12T23:01:29.164284+00:00,13673685454,GG League - 4x5 Min de juego,False,Brooklyn Nets,KARMA,Toronto Raptors,CYPHER,Brooklyn Nets (KARMA),Toronto Raptors (CYPHER),,,,12/08/2026 23:55:00,97,moneyline_1x2,,Toronto Raptors (CYPHER),2.3,False
2026-08-12T23:01:29.164284+00:00,13673685718,GG League - 4x5 Min de juego,False,New York Knicks,JACKAL,Boston Celtics,HUNCHO,New York Knicks (JACKAL),Boston Celtics (HUNCHO),,,,12/08/2026 23:15:00,97,moneyline_1x2,,New York Knicks (JACKAL),1.62,False
2026-08-12T23:01:29.164284+00:00,13673685718,GG League - 4x5 Min de juego,False,New York Knicks,JACKAL,Boston Celtics,HUNCHO,New York Knicks (JACKAL),Boston Celtics (HUNCHO),,,,12/08/2026 23:15:00,97,moneyline_1x2,,Boston Celtics (HUNCHO),2.05,False
2026-08-12T23:01:29.164284+00:00,13673685422,GG League - 4x5 Min de juego,True,Los Angeles Lakers,CURSE,Oklahoma City Thunder,CALAMITY,Los Angeles Lakers (CURSE),Oklahoma City Thunder (CALAMITY),3º Cuarto,39,37,12/08/2026 22:43:00,97,moneyline_1x2,,Los Angeles Lakers (CURSE),1.35,False
2026-08-12T23:01:29.164284+00:00,13673685422,GG League - 4x5 Min de juego,True,Los Angeles Lakers,CURSE,Oklahoma City Thunder,CALAMITY,Los Angeles Lakers (CURSE),Oklahoma City Thunder (CALAMITY),3º Cuarto,39,37,12/08/2026 22:43:00,97,moneyline_1x2,,Oklahoma City Thunder (CALAMITY),2.8,False
2026-08-12T23:02:52.456684+00:00,13673684350,GG League - 4x5 Min de juego,False,Memphis Grizzlies,PHARAOH,Cleveland Cavaliers,AZURE,Memphis Grizzlies (PHARAOH),Cleveland Cavaliers (AZURE),,,,12/08/2026 23:03:00,97,moneyline_1x2,,Memphis Grizzlies (PHARAOH),2.6,False
2026-08-12T23:02:52.456684+00:00,13673684350,GG League - 4x5 Min de juego,False,Memphis Grizzlies,PHARAOH,Cleveland Cavaliers,AZURE,Memphis Grizzlies (PHARAOH),Cleveland Cavaliers (AZURE),,,,12/08/2026 23:03:00,97,moneyline_1x2,,Cleveland Cavaliers (AZURE),1.4,False
2026-08-12T23:02:52.456684+00:00,13673684349,GG League - 4x5 Min de juego,True,Charlotte Hornets,STING,Denver Nuggets,ADMIRAL,Charlotte Hornets (STING),Denver Nuggets (ADMIRAL),1º cuarto,9,6,12/08/2026 22:59:00,97,moneyline_1x2,,Charlotte Hornets (STING),1.3,False
2026-08-12T23:02:52.456684+00:00,13673684349,GG League - 4x5 Min de juego,True,Charlotte Hornets,STING,Denver Nuggets,ADMIRAL,Charlotte Hornets (STING),Denver Nuggets (ADMIRAL),1º cuarto,9,6,12/08/2026 22:59:00,97,moneyline_1x2,,Denver Nuggets (ADMIRAL),2.95,False
2026-08-12T23:02:52.456684+00:00,13673685780,GG League - 4x5 Min de juego,False,Dallas Mavericks,SPARKZ,Orlando Magic,UNDERRATED,Dallas Mavericks (SPARKZ),Orlando Magic (UNDERRATED),,,,12/08/2026 23:51:00,97,moneyline_1x2,,Dallas Mavericks (SPARKZ),1.57,False
2026-08-12T23:02:52.456684+00:00,13673685780,GG League - 4x5 Min de juego,False,Dallas Mavericks,SPARKZ,Orlando Magic,UNDERRATED,Dallas Mavericks (SPARKZ),Orlando Magic (UNDERRATED),,,,12/08/2026 23:51:00,97,moneyline_1x2,,Orlando Magic (UNDERRATED),2.15,False
2026-08-12T23:02:52.456684+00:00,13673666929,GG League - 4x5 Min de juego,False,New York Knicks,RADIANT,Oklahoma City Thunder,STING,New York Knicks (RADIANT),Oklahoma City Thunder (STING),,,,13/08/2026 00:03:00,97,moneyline_1x2,,New York Knicks (RADIANT),2.35,False
2026-08-12T23:02:52.456684+00:00,13673666929,GG League - 4x5 Min de juego,False,New York Knicks,RADIANT,Oklahoma City Thunder,STING,New York Knicks (RADIANT),Oklahoma City Thunder (STING),,,,13/08/2026 00:03:00,97,moneyline_1x2,,Oklahoma City Thunder (STING),1.5,False
2026-08-12T23:02:52.456684+00:00,13673685778,GG League - 4x5 Min de juego,False,Los Angeles Lakers,SIGNAL,New York Knicks,PATIENCE,Los Angeles Lakers (SIGNAL),New York Knicks (PATIENCE),,,,12/08/2026 23:35:00,97,moneyline_1x2,,Los Angeles Lakers (SIGNAL),2.35,False
2026-08-12T23:02:52.456684+00:00,13673685778,GG League - 4x5 Min de juego,False,Los Angeles Lakers,SIGNAL,New York Knicks,PATIENCE,Los Angeles Lakers (SIGNAL),New York Knicks (PATIENCE),,,,12/08/2026 23:35:00,97,moneyline_1x2,,New York Knicks (PATIENCE),1.5,False
2026-08-12T23:02:52.456684+00:00,13673684118,GG League - 4x5 Min de juego,True,Chicago Bulls,OREZ,Miami Heat,UNDERRATED,Chicago Bulls (OREZ),Miami Heat (UNDERRATED),3º Cuarto,29,39,12/08/2026 22:47:00,97,moneyline_1x2,,Chicago Bulls (OREZ),7.5,False
2026-08-12T23:02:52.456684+00:00,13673684118,GG League - 4x5 Min de juego,True,Chicago Bulls,OREZ,Miami Heat,UNDERRATED,Chicago Bulls (OREZ),Miami Heat (UNDERRATED),3º Cuarto,29,39,12/08/2026 22:47:00,97,moneyline_1x2,,Miami Heat (UNDERRATED),1.03,False
2026-08-12T23:02:52.456684+00:00,13673664429,GG League - 4x5 Min de juego,False,New York Knicks,PATIENCE,Oklahoma City Thunder,AZURE,New York Knicks (PATIENCE),Oklahoma City Thunder (AZURE),,,,13/08/2026 00:07:00,97,moneyline_1x2,,New York Knicks (PATIENCE),1.3,False
2026-08-12T23:02:52.456684+00:00,13673664429,GG League - 4x5 Min de juego,False,New York Knicks,PATIENCE,Oklahoma City Thunder,AZURE,New York Knicks (PATIENCE),Oklahoma City Thunder (AZURE),,,,13/08/2026 00:07:00,97,moneyline_1x2,,Oklahoma City Thunder (AZURE),2.95,False
2026-08-12T23:02:52.456684+00:00,13673684715,GG League - 4x5 Min de juego,False,Brooklyn Nets,MARINE,Toronto Raptors,SPARKZ,Brooklyn Nets (MARINE),Toronto Raptors (SPARKZ),,,,12/08/2026 23:19:00,97,moneyline_1x2,,Brooklyn Nets (MARINE),2.3,False
2026-08-12T23:02:52.456684+00:00,13673684715,GG League - 4x5 Min de juego,False,Brooklyn Nets,MARINE,Toronto Raptors,SPARKZ,Brooklyn Nets (MARINE),Toronto Raptors (SPARKZ),,,,12/08/2026 23:19:00,97,moneyline_1x2,,Toronto Raptors (SPARKZ),1.5,False
2026-08-12T23:02:52.456684+00:00,13673685429,GG League - 4x5 Min de juego,False,New York Knicks,RADIANT,Los Angeles Lakers,ADMIRAL,New York Knicks (RADIANT),Los Angeles Lakers (ADMIRAL),,,,12/08/2026 23:31:00,97,moneyline_1x2,,New York Knicks (RADIANT),1.43,False
2026-08-12T23:02:52.456684+00:00,13673685429,GG League - 4x5 Min de juego,False,New York Knicks,RADIANT,Los Angeles Lakers,ADMIRAL,New York Knicks (RADIANT),Los Angeles Lakers (ADMIRAL),,,,12/08/2026 23:31:00,97,moneyline_1x2,,Los Angeles Lakers (ADMIRAL),2.5,False
2026-08-12T23:02:52.456684+00:00,13673684119,GG League - 4x5 Min de juego,True,Dallas Mavericks,JUGGERNAUT,Charlotte Hornets,GENERAL,Dallas Mavericks (JUGGERNAUT),Charlotte Hornets (GENERAL),2º cuarto,21,21,12/08/2026 22:55:00,97,moneyline_1x2,,Dallas Mavericks (JUGGERNAUT),1.67,False
2026-08-12T23:02:52.456684+00:00,13673684119,GG League - 4x5 Min de juego,True,Dallas Mavericks,JUGGERNAUT,Charlotte Hornets,GENERAL,Dallas Mavericks (JUGGERNAUT),Charlotte Hornets (GENERAL),2º cuarto,21,21,12/08/2026 22:55:00,97,moneyline_1x2,,Charlotte Hornets (GENERAL),2.0,False
2026-08-12T23:02:52.456684+00:00,13673684716,GG League - 4x5 Min de juego,False,Miami Heat,MYTH,Brooklyn Nets,KARMA,Miami Heat (MYTH),Brooklyn Nets (KARMA),,,,12/08/2026 23:23:00,97,moneyline_1x2,,Miami Heat (MYTH),2.15,False
2026-08-12T23:02:52.456684+00:00,13673684716,GG League - 4x5 Min de juego,False,Miami Heat,MYTH,Brooklyn Nets,KARMA,Miami Heat (MYTH),Brooklyn Nets (KARMA),,,,12/08/2026 23:23:00,97,moneyline_1x2,,Brooklyn Nets (KARMA),1.57,False
2026-08-12T23:02:52.456684+00:00,13673685520,GG League - 4x5 Min de juego,False,Phoenix Suns,NIGHTHAWK,Milwaukee Bucks,GENERAL,Phoenix Suns (NIGHTHAWK),Milwaukee Bucks (GENERAL),,,,12/08/2026 23:59:00,97,moneyline_1x2,,Phoenix Suns (NIGHTHAWK),1.35,False
2026-08-12T23:02:52.456684+00:00,13673685520,GG League - 4x5 Min de juego,False,Phoenix Suns,NIGHTHAWK,Milwaukee Bucks,GENERAL,Phoenix Suns (NIGHTHAWK),Milwaukee Bucks (GENERAL),,,,12/08/2026 23:59:00,97,moneyline_1x2,,Milwaukee Bucks (GENERAL),2.8,False
2026-08-12T23:02:52.456684+00:00,13673685720,GG League - 4x5 Min de juego,False,Orlando Magic,HUNCHO,Charlotte Hornets,CALAMITY,Orlando Magic (HUNCHO),Charlotte Hornets (CALAMITY),,,,12/08/2026 23:47:00,97,moneyline_1x2,,Orlando Magic (HUNCHO),1.62,False
2026-08-12T23:02:52.456684+00:00,13673685720,GG League - 4x5 Min de juego,False,Orlando Magic,HUNCHO,Charlotte Hornets,CALAMITY,Orlando Magic (HUNCHO),Charlotte Hornets (CALAMITY),,,,12/08/2026 23:47:00,97,moneyline_1x2,,Charlotte Hornets (CALAMITY),2.05,False
2026-08-12T23:02:52.456684+00:00,13673685454,GG League - 4x5 Min de juego,False,Brooklyn Nets,KARMA,Toronto Raptors,CYPHER,Brooklyn Nets (KARMA),Toronto Raptors (CYPHER),,,,12/08/2026 23:55:00,97,moneyline_1x2,,Brooklyn Nets (KARMA),1.5,False
2026-08-12T23:02:52.456684+00:00,13673685454,GG League - 4x5 Min de juego,False,Brooklyn Nets,KARMA,Toronto Raptors,CYPHER,Brooklyn Nets (KARMA),Toronto Raptors (CYPHER),,,,12/08/2026 23:55:00,97,moneyline_1x2,,Toronto Raptors (CYPHER),2.3,False
2026-08-12T23:02:52.456684+00:00,13673685718,GG League - 4x5 Min de juego,False,New York Knicks,JACKAL,Boston Celtics,HUNCHO,New York Knicks (JACKAL),Boston Celtics (HUNCHO),,,,12/08/2026 23:15:00,97,moneyline_1x2,,New York Knicks (JACKAL),1.62,False
2026-08-12T23:02:52.456684+00:00,13673685718,GG League - 4x5 Min de juego,False,New York Knicks,JACKAL,Boston Celtics,HUNCHO,New York Knicks (JACKAL),Boston Celtics (HUNCHO),,,,12/08/2026 23:15:00,97,moneyline_1x2,,Boston Celtics (HUNCHO),2.05,False
2026-08-12T23:02:52.456684+00:00,13673685422,GG League - 4x5 Min de juego,True,Los Angeles Lakers,CURSE,Oklahoma City Thunder,CALAMITY,Los Angeles Lakers (CURSE),Oklahoma City Thunder (CALAMITY),3º Cuarto,41,43,12/08/2026 22:43:00,97,moneyline_1x2,,Los Angeles Lakers (CURSE),2.05,False
2026-08-12T23:02:52.456684+00:00,13673685422,GG League - 4x5 Min de juego,True,Los Angeles Lakers,CURSE,Oklahoma City Thunder,CALAMITY,Los Angeles Lakers (CURSE),Oklahoma City Thunder (CALAMITY),3º Cuarto,41,43,12/08/2026 22:43:00,97,moneyline_1x2,,Oklahoma City Thunder (CALAMITY),1.62,False
2026-08-12T23:04:55.117705+00:00,13673684350,GG League - 4x5 Min de juego,True,Memphis Grizzlies,PHARAOH,Cleveland Cavaliers,AZURE,Memphis Grizzlies (PHARAOH),Cleveland Cavaliers (AZURE),1º cuarto,5,3,12/08/2026 23:03:00,97,moneyline_1x2,,Memphis Grizzlies (PHARAOH),2.2,False
2026-08-12T23:04:55.117705+00:00,13673684350,GG League - 4x5 Min de juego,True,Memphis Grizzlies,PHARAOH,Cleveland Cavaliers,AZURE,Memphis Grizzlies (PHARAOH),Cleveland Cavaliers (AZURE),1º cuarto,5,3,12/08/2026 23:03:00,97,moneyline_1x2,,Cleveland Cavaliers (AZURE),1.55,False
2026-08-12T23:04:55.117705+00:00,13673684349,GG League - 4x5 Min de juego,True,Charlotte Hornets,STING,Denver Nuggets,ADMIRAL,Charlotte Hornets (STING),Denver Nuggets (ADMIRAL),1º cuarto,14,14,12/08/2026 22:59:00,97,moneyline_1x2,,Charlotte Hornets (STING),1.55,False
2026-08-12T23:04:55.117705+00:00,13673684349,GG League - 4x5 Min de juego,True,Charlotte Hornets,STING,Denver Nuggets,ADMIRAL,Charlotte Hornets (STING),Denver Nuggets (ADMIRAL),1º cuarto,14,14,12/08/2026 22:59:00,97,moneyline_1x2,,Denver Nuggets (ADMIRAL),2.2,False
2026-08-12T23:04:55.117705+00:00,13673685780,GG League - 4x5 Min de juego,False,Dallas Mavericks,SPARKZ,Orlando Magic,UNDERRATED,Dallas Mavericks (SPARKZ),Orlando Magic (UNDERRATED),,,,12/08/2026 23:51:00,97,moneyline_1x2,,Dallas Mavericks (SPARKZ),1.57,False
2026-08-12T23:04:55.117705+00:00,13673685780,GG League - 4x5 Min de juego,False,Dallas Mavericks,SPARKZ,Orlando Magic,UNDERRATED,Dallas Mavericks (SPARKZ),Orlando Magic (UNDERRATED),,,,12/08/2026 23:51:00,97,moneyline_1x2,,Orlando Magic (UNDERRATED),2.15,False
2026-08-12T23:04:55.117705+00:00,13673666929,GG League - 4x5 Min de juego,False,New York Knicks,RADIANT,Oklahoma City Thunder,STING,New York Knicks (RADIANT),Oklahoma City Thunder (STING),,,,13/08/2026 00:03:00,97,moneyline_1x2,,New York Knicks (RADIANT),2.35,False
2026-08-12T23:04:55.117705+00:00,13673666929,GG League - 4x5 Min de juego,False,New York Knicks,RADIANT,Oklahoma City Thunder,STING,New York Knicks (RADIANT),Oklahoma City Thunder (STING),,,,13/08/2026 00:03:00,97,moneyline_1x2,,Oklahoma City Thunder (STING),1.5,False
2026-08-12T23:04:55.117705+00:00,13673685778,GG League - 4x5 Min de juego,False,Los Angeles Lakers,SIGNAL,New York Knicks,PATIENCE,Los Angeles Lakers (SIGNAL),New York Knicks (PATIENCE),,,,12/08/2026 23:35:00,97,moneyline_1x2,,Los Angeles Lakers (SIGNAL),2.35,False
2026-08-12T23:04:55.117705+00:00,13673685778,GG League - 4x5 Min de juego,False,Los Angeles Lakers,SIGNAL,New York Knicks,PATIENCE,Los Angeles Lakers (SIGNAL),New York Knicks (PATIENCE),,,,12/08/2026 23:35:00,97,moneyline_1x2,,New York Knicks (PATIENCE),1.5,False
2026-08-12T23:04:55.117705+00:00,13673684118,GG League - 4x5 Min de juego,True,Chicago Bulls,OREZ,Miami Heat,UNDERRATED,Chicago Bulls (OREZ),Miami Heat (UNDERRATED),3º Cuarto,33,45,12/08/2026 22:47:00,97,moneyline_1x2,,Chicago Bulls (OREZ),9.0,False
2026-08-12T23:04:55.117705+00:00,13673684118,GG League - 4x5 Min de juego,True,Chicago Bulls,OREZ,Miami Heat,UNDERRATED,Chicago Bulls (OREZ),Miami Heat (UNDERRATED),3º Cuarto,33,45,12/08/2026 22:47:00,97,moneyline_1x2,,Miami Heat (UNDERRATED),1.01,False
2026-08-12T23:04:55.117705+00:00,13673664429,GG League - 4x5 Min de juego,False,New York Knicks,PATIENCE,Oklahoma City Thunder,AZURE,New York Knicks (PATIENCE),Oklahoma City Thunder (AZURE),,,,13/08/2026 00:07:00,97,moneyline_1x2,,New York Knicks (PATIENCE),1.3,False
2026-08-12T23:04:55.117705+00:00,13673664429,GG League - 4x5 Min de juego,False,New York Knicks,PATIENCE,Oklahoma City Thunder,AZURE,New York Knicks (PATIENCE),Oklahoma City Thunder (AZURE),,,,13/08/2026 00:07:00,97,moneyline_1x2,,Oklahoma City Thunder (AZURE),2.95,False
2026-08-12T23:04:55.117705+00:00,13673684715,GG League - 4x5 Min de juego,False,Brooklyn Nets,MARINE,Toronto Raptors,SPARKZ,Brooklyn Nets (MARINE),Toronto Raptors (SPARKZ),,,,12/08/2026 23:19:00,97,moneyline_1x2,,Brooklyn Nets (MARINE),2.3,False
2026-08-12T23:04:55.117705+00:00,13673684715,GG League - 4x5 Min de juego,False,Brooklyn Nets,MARINE,Toronto Raptors,SPARKZ,Brooklyn Nets (MARINE),Toronto Raptors (SPARKZ),,,,12/08/2026 23:19:00,97,moneyline_1x2,,Toronto Raptors (SPARKZ),1.5,False
2026-08-12T23:04:55.117705+00:00,13673685429,GG League - 4x5 Min de juego,False,New York Knicks,RADIANT,Los Angeles Lakers,ADMIRAL,New York Knicks (RADIANT),Los Angeles Lakers (ADMIRAL),,,,12/08/2026 23:31:00,97,moneyline_1x2,,New York Knicks (RADIANT),1.43,False
2026-08-12T23:04:55.117705+00:00,13673685429,GG League - 4x5 Min de juego,False,New York Knicks,RADIANT,Los Angeles Lakers,ADMIRAL,New York Knicks (RADIANT),Los Angeles Lakers (ADMIRAL),,,,12/08/2026 23:31:00,97,moneyline_1x2,,Los Angeles Lakers (ADMIRAL),2.5,False
2026-08-12T23:04:55.117705+00:00,13673684119,GG League - 4x5 Min de juego,True,Dallas Mavericks,JUGGERNAUT,Charlotte Hornets,GENERAL,Dallas Mavericks (JUGGERNAUT),Charlotte Hornets (GENERAL),2º cuarto,23,27,12/08/2026 22:55:00,97,moneyline_1x2,,Dallas Mavericks (JUGGERNAUT),2.3,False
2026-08-12T23:04:55.117705+00:00,13673684119,GG League - 4x5 Min de juego,True,Dallas Mavericks,JUGGERNAUT,Charlotte Hornets,GENERAL,Dallas Mavericks (JUGGERNAUT),Charlotte Hornets (GENERAL),2º cuarto,23,27,12/08/2026 22:55:00,97,moneyline_1x2,,Charlotte Hornets (GENERAL),1.5,False
2026-08-12T23:04:55.117705+00:00,13673684716,GG League - 4x5 Min de juego,False,Miami Heat,MYTH,Brooklyn Nets,KARMA,Miami Heat (MYTH),Brooklyn Nets (KARMA),,,,12/08/2026 23:23:00,97,moneyline_1x2,,Miami Heat (MYTH),2.15,False
2026-08-12T23:04:55.117705+00:00,13673684716,GG League - 4x5 Min de juego,False,Miami Heat,MYTH,Brooklyn Nets,KARMA,Miami Heat (MYTH),Brooklyn Nets (KARMA),,,,12/08/2026 23:23:00,97,moneyline_1x2,,Brooklyn Nets (KARMA),1.57,False
2026-08-12T23:04:55.117705+00:00,13673685520,GG League - 4x5 Min de juego,False,Phoenix Suns,NIGHTHAWK,Milwaukee Bucks,GENERAL,Phoenix Suns (NIGHTHAWK),Milwaukee Bucks (GENERAL),,,,12/08/2026 23:59:00,97,moneyline_1x2,,Phoenix Suns (NIGHTHAWK),1.35,False
2026-08-12T23:04:55.117705+00:00,13673685520,GG League - 4x5 Min de juego,False,Phoenix Suns,NIGHTHAWK,Milwaukee Bucks,GENERAL,Phoenix Suns (NIGHTHAWK),Milwaukee Bucks (GENERAL),,,,12/08/2026 23:59:00,97,moneyline_1x2,,Milwaukee Bucks (GENERAL),2.8,False
2026-08-12T23:04:55.117705+00:00,13673685720,GG League - 4x5 Min de juego,False,Orlando Magic,HUNCHO,Charlotte Hornets,CALAMITY,Orlando Magic (HUNCHO),Charlotte Hornets (CALAMITY),,,,12/08/2026 23:47:00,97,moneyline_1x2,,Orlando Magic (HUNCHO),1.62,False
2026-08-12T23:04:55.117705+00:00,13673685720,GG League - 4x5 Min de juego,False,Orlando Magic,HUNCHO,Charlotte Hornets,CALAMITY,Orlando Magic (HUNCHO),Charlotte Hornets (CALAMITY),,,,12/08/2026 23:47:00,97,moneyline_1x2,,Charlotte Hornets (CALAMITY),2.05,False
2026-08-12T23:04:55.117705+00:00,13673685454,GG League - 4x5 Min de juego,False,Brooklyn Nets,KARMA,Toronto Raptors,CYPHER,Brooklyn Nets (KARMA),Toronto Raptors (CYPHER),,,,12/08/2026 23:55:00,97,moneyline_1x2,,Brooklyn Nets (KARMA),1.5,False
2026-08-12T23:04:55.117705+00:00,13673685454,GG League - 4x5 Min de juego,False,Brooklyn Nets,KARMA,Toronto Raptors,CYPHER,Brooklyn Nets (KARMA),Toronto Raptors (CYPHER),,,,12/08/2026 23:55:00,97,moneyline_1x2,,Toronto Raptors (CYPHER),2.3,False
2026-08-12T23:04:55.117705+00:00,13673685718,GG League - 4x5 Min de juego,False,New York Knicks,JACKAL,Boston Celtics,HUNCHO,New York Knicks (JACKAL),Boston Celtics (HUNCHO),,,,12/08/2026 23:15:00,97,moneyline_1x2,,New York Knicks (JACKAL),1.62,False
2026-08-12T23:04:55.117705+00:00,13673685718,GG League - 4x5 Min de juego,False,New York Knicks,JACKAL,Boston Celtics,HUNCHO,New York Knicks (JACKAL),Boston Celtics (HUNCHO),,,,12/08/2026 23:15:00,97,moneyline_1x2,,Boston Celtics (HUNCHO),2.05,False
2026-08-12T23:04:55.117705+00:00,13673685422,GG League - 4x5 Min de juego,True,Los Angeles Lakers,CURSE,Oklahoma City Thunder,CALAMITY,Los Angeles Lakers (CURSE),Oklahoma City Thunder (CALAMITY),4º cuarto,48,43,12/08/2026 22:43:00,97,moneyline_1x2,,Los Angeles Lakers (CURSE),1.09,False
2026-08-12T23:04:55.117705+00:00,13673685422,GG League - 4x5 Min de juego,True,Los Angeles Lakers,CURSE,Oklahoma City Thunder,CALAMITY,Los Angeles Lakers (CURSE),Oklahoma City Thunder (CALAMITY),4º cuarto,48,43,12/08/2026 22:43:00,97,moneyline_1x2,,Oklahoma City Thunder (CALAMITY),5.5,False
2026-08-12T23:06:50.494142+00:00,13673684350,GG League - 4x5 Min de juego,True,Memphis Grizzlies,PHARAOH,Cleveland Cavaliers,AZURE,Memphis Grizzlies (PHARAOH),Cleveland Cavaliers (AZURE),1º cuarto,10,5,12/08/2026 23:03:00,97,moneyline_1x2,,Memphis Grizzlies (PHARAOH),1.72,False
2026-08-12T23:06:50.494142+00:00,13673684350,GG League - 4x5 Min de juego,True,Memphis Grizzlies,PHARAOH,Cleveland Cavaliers,AZURE,Memphis Grizzlies (PHARAOH),Cleveland Cavaliers (AZURE),1º cuarto,10,5,12/08/2026 23:03:00,97,moneyline_1x2,,Cleveland Cavaliers (AZURE),1.91,False
2026-08-12T23:06:50.494142+00:00,13673684349,GG League - 4x5 Min de juego,True,Charlotte Hornets,STING,Denver Nuggets,ADMIRAL,Charlotte Hornets (STING),Denver Nuggets (ADMIRAL),2º cuarto,14,20,12/08/2026 22:59:00,97,moneyline_1x2,,Charlotte Hornets (STING),2.5,False
2026-08-12T23:06:50.494142+00:00,13673684349,GG League - 4x5 Min de juego,True,Charlotte Hornets,STING,Denver Nuggets,ADMIRAL,Charlotte Hornets (STING),Denver Nuggets (ADMIRAL),2º cuarto,14,20,12/08/2026 22:59:00,97,moneyline_1x2,,Denver Nuggets (ADMIRAL),1.43,False
2026-08-12T23:06:50.494142+00:00,13673685780,GG League - 4x5 Min de juego,False,Dallas Mavericks,SPARKZ,Orlando Magic,UNDERRATED,Dallas Mavericks (SPARKZ),Orlando Magic (UNDERRATED),,,,12/08/2026 23:51:00,97,moneyline_1x2,,Dallas Mavericks (SPARKZ),1.57,False
2026-08-12T23:06:50.494142+00:00,13673685780,GG League - 4x5 Min de juego,False,Dallas Mavericks,SPARKZ,Orlando Magic,UNDERRATED,Dallas Mavericks (SPARKZ),Orlando Magic (UNDERRATED),,,,12/08/2026 23:51:00,97,moneyline_1x2,,Orlando Magic (UNDERRATED),2.15,False
2026-08-12T23:06:50.494142+00:00,13673666929,GG League - 4x5 Min de juego,False,New York Knicks,RADIANT,Oklahoma City Thunder,STING,New York Knicks (RADIANT),Oklahoma City Thunder (STING),,,,13/08/2026 00:03:00,97,moneyline_1x2,,New York Knicks (RADIANT),2.35,False
2026-08-12T23:06:50.494142+00:00,13673666929,GG League - 4x5 Min de juego,False,New York Knicks,RADIANT,Oklahoma City Thunder,STING,New York Knicks (RADIANT),Oklahoma City Thunder (STING),,,,13/08/2026 00:03:00,97,moneyline_1x2,,Oklahoma City Thunder (STING),1.5,False
2026-08-12T23:06:50.494142+00:00,13673685424,GG League - 4x5 Min de juego,True,Los Angeles Lakers,AIRFORCE,Oklahoma City Thunder,CYPHER,Los Angeles Lakers (AIRFORCE),Oklahoma City Thunder (CYPHER),3º Cuarto,33,31,12/08/2026 22:51:00,97,moneyline_1x2,,Los Angeles Lakers (AIRFORCE),1.43,False
2026-08-12T23:06:50.494142+00:00,13673685424,GG League - 4x5 Min de juego,True,Los Angeles Lakers,AIRFORCE,Oklahoma City Thunder,CYPHER,Los Angeles Lakers (AIRFORCE),Oklahoma City Thunder (CYPHER),3º Cuarto,33,31,12/08/2026 22:51:00,97,moneyline_1x2,,Oklahoma City Thunder (CYPHER),2.5,False
2026-08-12T23:06:50.494142+00:00,13673685778,GG League - 4x5 Min de juego,False,Los Angeles Lakers,SIGNAL,New York Knicks,PATIENCE,Los Angeles Lakers (SIGNAL),New York Knicks (PATIENCE),,,,12/08/2026 23:35:00,97,moneyline_1x2,,Los Angeles Lakers (SIGNAL),2.35,False
2026-08-12T23:06:50.494142+00:00,13673685778,GG League - 4x5 Min de juego,False,Los Angeles Lakers,SIGNAL,New York Knicks,PATIENCE,Los Angeles Lakers (SIGNAL),New York Knicks (PATIENCE),,,,12/08/2026 23:35:00,97,moneyline_1x2,,New York Knicks (PATIENCE),1.5,False
2026-08-12T23:06:50.494142+00:00,13673664429,GG League - 4x5 Min de juego,False,New York Knicks,PATIENCE,Oklahoma City Thunder,AZURE,New York Knicks (PATIENCE),Oklahoma City Thunder (AZURE),,,,13/08/2026 00:07:00,97,moneyline_1x2,,New York Knicks (PATIENCE),1.3,False
2026-08-12T23:06:50.494142+00:00,13673664429,GG League - 4x5 Min de juego,False,New York Knicks,PATIENCE,Oklahoma City Thunder,AZURE,New York Knicks (PATIENCE),Oklahoma City Thunder (AZURE),,,,13/08/2026 00:07:00,97,moneyline_1x2,,Oklahoma City Thunder (AZURE),2.95,False
2026-08-12T23:06:50.494142+00:00,13673684715,GG League - 4x5 Min de juego,False,Brooklyn Nets,MARINE,Toronto Raptors,SPARKZ,Brooklyn Nets (MARINE),Toronto Raptors (SPARKZ),,,,12/08/2026 23:19:00,97,moneyline_1x2,,Brooklyn Nets (MARINE),2.3,False
2026-08-12T23:06:50.494142+00:00,13673684715,GG League - 4x5 Min de juego,False,Brooklyn Nets,MARINE,Toronto Raptors,SPARKZ,Brooklyn Nets (MARINE),Toronto Raptors (SPARKZ),,,,12/08/2026 23:19:00,97,moneyline_1x2,,Toronto Raptors (SPARKZ),1.5,False
2026-08-12T23:06:50.494142+00:00,13673685429,GG League - 4x5 Min de juego,False,New York Knicks,RADIANT,Los Angeles Lakers,ADMIRAL,New York Knicks (RADIANT),Los Angeles Lakers (ADMIRAL),,,,12/08/2026 23:31:00,97,moneyline_1x2,,New York Knicks (RADIANT),1.43,False
2026-08-12T23:06:50.494142+00:00,13673685429,GG League - 4x5 Min de juego,False,New York Knicks,RADIANT,Los Angeles Lakers,ADMIRAL,New York Knicks (RADIANT),Los Angeles Lakers (ADMIRAL),,,,12/08/2026 23:31:00,97,moneyline_1x2,,Los Angeles Lakers (ADMIRAL),2.5,False
2026-08-12T23:06:50.494142+00:00,13673684119,GG League - 4x5 Min de juego,True,Dallas Mavericks,JUGGERNAUT,Charlotte Hornets,GENERAL,Dallas Mavericks (JUGGERNAUT),Charlotte Hornets (GENERAL),2º cuarto,29,33,12/08/2026 22:55:00,97,moneyline_1x2,,Dallas Mavericks (JUGGERNAUT),2.35,False
2026-08-12T23:06:50.494142+00:00,13673684119,GG League - 4x5 Min de juego,True,Dallas Mavericks,JUGGERNAUT,Charlotte Hornets,GENERAL,Dallas Mavericks (JUGGERNAUT),Charlotte Hornets (GENERAL),2º cuarto,29,33,12/08/2026 22:55:00,97,moneyline_1x2,,Charlotte Hornets (GENERAL),1.5,False
2026-08-12T23:06:50.494142+00:00,13673684716,GG League - 4x5 Min de juego,False,Miami Heat,MYTH,Brooklyn Nets,KARMA,Miami Heat (MYTH),Brooklyn Nets (KARMA),,,,12/08/2026 23:23:00,97,moneyline_1x2,,Miami Heat (MYTH),2.15,False
2026-08-12T23:06:50.494142+00:00,13673684716,GG League - 4x5 Min de juego,False,Miami Heat,MYTH,Brooklyn Nets,KARMA,Miami Heat (MYTH),Brooklyn Nets (KARMA),,,,12/08/2026 23:23:00,97,moneyline_1x2,,Brooklyn Nets (KARMA),1.57,False
2026-08-12T23:06:50.494142+00:00,13673685520,GG League - 4x5 Min de juego,False,Phoenix Suns,NIGHTHAWK,Milwaukee Bucks,GENERAL,Phoenix Suns (NIGHTHAWK),Milwaukee Bucks (GENERAL),,,,12/08/2026 23:59:00,97,moneyline_1x2,,Phoenix Suns (NIGHTHAWK),1.35,False
2026-08-12T23:06:50.494142+00:00,13673685520,GG League - 4x5 Min de juego,False,Phoenix Suns,NIGHTHAWK,Milwaukee Bucks,GENERAL,Phoenix Suns (NIGHTHAWK),Milwaukee Bucks (GENERAL),,,,12/08/2026 23:59:00,97,moneyline_1x2,,Milwaukee Bucks (GENERAL),2.8,False
2026-08-12T23:06:50.494142+00:00,13673685720,GG League - 4x5 Min de juego,False,Orlando Magic,HUNCHO,Charlotte Hornets,CALAMITY,Orlando Magic (HUNCHO),Charlotte Hornets (CALAMITY),,,,12/08/2026 23:47:00,97,moneyline_1x2,,Orlando Magic (HUNCHO),1.62,False
2026-08-12T23:06:50.494142+00:00,13673685720,GG League - 4x5 Min de juego,False,Orlando Magic,HUNCHO,Charlotte Hornets,CALAMITY,Orlando Magic (HUNCHO),Charlotte Hornets (CALAMITY),,,,12/08/2026 23:47:00,97,moneyline_1x2,,Charlotte Hornets (CALAMITY),2.05,False
2026-08-12T23:06:50.494142+00:00,13673685454,GG League - 4x5 Min de juego,False,Brooklyn Nets,KARMA,Toronto Raptors,CYPHER,Brooklyn Nets (KARMA),Toronto Raptors (CYPHER),,,,12/08/2026 23:55:00,97,moneyline_1x2,,Brooklyn Nets (KARMA),1.5,False
2026-08-12T23:06:50.494142+00:00,13673685454,GG League - 4x5 Min de juego,False,Brooklyn Nets,KARMA,Toronto Raptors,CYPHER,Brooklyn Nets (KARMA),Toronto Raptors (CYPHER),,,,12/08/2026 23:55:00,97,moneyline_1x2,,Toronto Raptors (CYPHER),2.3,False
2026-08-12T23:06:50.494142+00:00,13673685718,GG League - 4x5 Min de juego,False,New York Knicks,JACKAL,Boston Celtics,HUNCHO,New York Knicks (JACKAL),Boston Celtics (HUNCHO),,,,12/08/2026 23:15:00,97,moneyline_1x2,,New York Knicks (JACKAL),1.62,False
2026-08-12T23:06:50.494142+00:00,13673685718,GG League - 4x5 Min de juego,False,New York Knicks,JACKAL,Boston Celtics,HUNCHO,New York Knicks (JACKAL),Boston Celtics (HUNCHO),,,,12/08/2026 23:15:00,97,moneyline_1x2,,Boston Celtics (HUNCHO),2.05,False
2026-08-12T23:06:50.494142+00:00,13673685422,GG League - 4x5 Min de juego,True,Los Angeles Lakers,CURSE,Oklahoma City Thunder,CALAMITY,Los Angeles Lakers (CURSE),Oklahoma City Thunder (CALAMITY),4º cuarto,50,53,12/08/2026 22:43:00,97,moneyline_1x2,,Los Angeles Lakers (CURSE),3.15,False
2026-08-12T23:06:50.494142+00:00,13673685422,GG League - 4x5 Min de juego,True,Los Angeles Lakers,CURSE,Oklahoma City Thunder,CALAMITY,Los Angeles Lakers (CURSE),Oklahoma City Thunder (CALAMITY),4º cuarto,50,53,12/08/2026 22:43:00,97,moneyline_1x2,,Oklahoma City Thunder (CALAMITY),1.28,False
2026-08-12T23:08:48.859377+00:00,13673684350,GG League - 4x5 Min de juego,True,Memphis Grizzlies,PHARAOH,Cleveland Cavaliers,AZURE,Memphis Grizzlies (PHARAOH),Cleveland Cavaliers (AZURE),1º cuarto,14,9,12/08/2026 23:03:00,97,moneyline_1x2,,Memphis Grizzlies (PHARAOH),1.67,False
2026-08-12T23:08:48.859377+00:00,13673684350,GG League - 4x5 Min de juego,True,Memphis Grizzlies,PHARAOH,Cleveland Cavaliers,AZURE,Memphis Grizzlies (PHARAOH),Cleveland Cavaliers (AZURE),1º cuarto,14,9,12/08/2026 23:03:00,97,moneyline_1x2,,Cleveland Cavaliers (AZURE),2.0,False
2026-08-12T23:08:48.859377+00:00,13673684349,GG League - 4x5 Min de juego,True,Charlotte Hornets,STING,Denver Nuggets,ADMIRAL,Charlotte Hornets (STING),Denver Nuggets (ADMIRAL),2º cuarto,16,24,12/08/2026 22:59:00,97,moneyline_1x2,,Charlotte Hornets (STING),3.45,False
2026-08-12T23:08:48.859377+00:00,13673684349,GG League - 4x5 Min de juego,True,Charlotte Hornets,STING,Denver Nuggets,ADMIRAL,Charlotte Hornets (STING),Denver Nuggets (ADMIRAL),2º cuarto,16,24,12/08/2026 22:59:00,97,moneyline_1x2,,Denver Nuggets (ADMIRAL),1.22,False
2026-08-12T23:08:48.859377+00:00,13673685780,GG League - 4x5 Min de juego,False,Dallas Mavericks,SPARKZ,Orlando Magic,UNDERRATED,Dallas Mavericks (SPARKZ),Orlando Magic (UNDERRATED),,,,12/08/2026 23:51:00,97,moneyline_1x2,,Dallas Mavericks (SPARKZ),1.57,False
2026-08-12T23:08:48.859377+00:00,13673685780,GG League - 4x5 Min de juego,False,Dallas Mavericks,SPARKZ,Orlando Magic,UNDERRATED,Dallas Mavericks (SPARKZ),Orlando Magic (UNDERRATED),,,,12/08/2026 23:51:00,97,moneyline_1x2,,Orlando Magic (UNDERRATED),2.15,False
2026-08-12T23:08:48.859377+00:00,13673666929,GG League - 4x5 Min de juego,False,New York Knicks,RADIANT,Oklahoma City Thunder,STING,New York Knicks (RADIANT),Oklahoma City Thunder (STING),,,,13/08/2026 00:03:00,97,moneyline_1x2,,New York Knicks (RADIANT),2.35,False
2026-08-12T23:08:48.859377+00:00,13673666929,GG League - 4x5 Min de juego,False,New York Knicks,RADIANT,Oklahoma City Thunder,STING,New York Knicks (RADIANT),Oklahoma City Thunder (STING),,,,13/08/2026 00:03:00,97,moneyline_1x2,,Oklahoma City Thunder (STING),1.5,False
2026-08-12T23:08:48.859377+00:00,13673685424,GG League - 4x5 Min de juego,True,Los Angeles Lakers,AIRFORCE,Oklahoma City Thunder,CYPHER,Los Angeles Lakers (AIRFORCE),Oklahoma City Thunder (CYPHER),3º Cuarto,38,36,12/08/2026 22:51:00,97,moneyline_1x2,,Los Angeles Lakers (AIRFORCE),1.43,False
2026-08-12T23:08:48.859377+00:00,13673685424,GG League - 4x5 Min de juego,True,Los Angeles Lakers,AIRFORCE,Oklahoma City Thunder,CYPHER,Los Angeles Lakers (AIRFORCE),Oklahoma City Thunder (CYPHER),3º Cuarto,38,36,12/08/2026 22:51:00,97,moneyline_1x2,,Oklahoma City Thunder (CYPHER),2.5,False
2026-08-12T23:08:48.859377+00:00,13673685778,GG League - 4x5 Min de juego,False,Los Angeles Lakers,SIGNAL,New York Knicks,PATIENCE,Los Angeles Lakers (SIGNAL),New York Knicks (PATIENCE),,,,12/08/2026 23:35:00,97,moneyline_1x2,,Los Angeles Lakers (SIGNAL),2.35,False
2026-08-12T23:08:48.859377+00:00,13673685778,GG League - 4x5 Min de juego,False,Los Angeles Lakers,SIGNAL,New York Knicks,PATIENCE,Los Angeles Lakers (SIGNAL),New York Knicks (PATIENCE),,,,12/08/2026 23:35:00,97,moneyline_1x2,,New York Knicks (PATIENCE),1.5,False
2026-08-12T23:08:48.859377+00:00,13673664429,GG League - 4x5 Min de juego,False,New York Knicks,PATIENCE,Oklahoma City Thunder,AZURE,New York Knicks (PATIENCE),Oklahoma City Thunder (AZURE),,,,13/08/2026 00:07:00,97,moneyline_1x2,,New York Knicks (PATIENCE),1.3,False
2026-08-12T23:08:48.859377+00:00,13673664429,GG League - 4x5 Min de juego,False,New York Knicks,PATIENCE,Oklahoma City Thunder,AZURE,New York Knicks (PATIENCE),Oklahoma City Thunder (AZURE),,,,13/08/2026 00:07:00,97,moneyline_1x2,,Oklahoma City Thunder (AZURE),2.95,False
2026-08-12T23:08:48.859377+00:00,13673684715,GG League - 4x5 Min de juego,False,Brooklyn Nets,MARINE,Toronto Raptors,SPARKZ,Brooklyn Nets (MARINE),Toronto Raptors (SPARKZ),,,,12/08/2026 23:19:00,97,moneyline_1x2,,Brooklyn Nets (MARINE),2.3,False
2026-08-12T23:08:48.859377+00:00,13673684715,GG League - 4x5 Min de juego,False,Brooklyn Nets,MARINE,Toronto Raptors,SPARKZ,Brooklyn Nets (MARINE),Toronto Raptors (SPARKZ),,,,12/08/2026 23:19:00,97,moneyline_1x2,,Toronto Raptors (SPARKZ),1.5,False
2026-08-12T23:08:48.859377+00:00,13673685429,GG League - 4x5 Min de juego,False,New York Knicks,RADIANT,Los Angeles Lakers,ADMIRAL,New York Knicks (RADIANT),Los Angeles Lakers (ADMIRAL),,,,12/08/2026 23:31:00,97,moneyline_1x2,,New York Knicks (RADIANT),1.43,False
2026-08-12T23:08:48.859377+00:00,13673685429,GG League - 4x5 Min de juego,False,New York Knicks,RADIANT,Los Angeles Lakers,ADMIRAL,New York Knicks (RADIANT),Los Angeles Lakers (ADMIRAL),,,,12/08/2026 23:31:00,97,moneyline_1x2,,Los Angeles Lakers (ADMIRAL),2.5,False
2026-08-12T23:08:48.859377+00:00,13673684119,GG League - 4x5 Min de juego,True,Dallas Mavericks,JUGGERNAUT,Charlotte Hornets,GENERAL,Dallas Mavericks (JUGGERNAUT),Charlotte Hornets (GENERAL),3º Cuarto,33,40,12/08/2026 22:55:00,97,moneyline_1x2,,Dallas Mavericks (JUGGERNAUT),3.45,False
2026-08-12T23:08:48.859377+00:00,13673684119,GG League - 4x5 Min de juego,True,Dallas Mavericks,JUGGERNAUT,Charlotte Hornets,GENERAL,Dallas Mavericks (JUGGERNAUT),Charlotte Hornets (GENERAL),3º Cuarto,33,40,12/08/2026 22:55:00,97,moneyline_1x2,,Charlotte Hornets (GENERAL),1.22,False
2026-08-12T23:08:48.859377+00:00,13673684716,GG League - 4x5 Min de juego,False,Miami Heat,MYTH,Brooklyn Nets,KARMA,Miami Heat (MYTH),Brooklyn Nets (KARMA),,,,12/08/2026 23:23:00,97,moneyline_1x2,,Miami Heat (MYTH),2.15,False
2026-08-12T23:08:48.859377+00:00,13673684716,GG League - 4x5 Min de juego,False,Miami Heat,MYTH,Brooklyn Nets,KARMA,Miami Heat (MYTH),Brooklyn Nets (KARMA),,,,12/08/2026 23:23:00,97,moneyline_1x2,,Brooklyn Nets (KARMA),1.57,False
2026-08-12T23:08:48.859377+00:00,13673685520,GG League - 4x5 Min de juego,False,Phoenix Suns,NIGHTHAWK,Milwaukee Bucks,GENERAL,Phoenix Suns (NIGHTHAWK),Milwaukee Bucks (GENERAL),,,,12/08/2026 23:59:00,97,moneyline_1x2,,Phoenix Suns (NIGHTHAWK),1.35,False
2026-08-12T23:08:48.859377+00:00,13673685520,GG League - 4x5 Min de juego,False,Phoenix Suns,NIGHTHAWK,Milwaukee Bucks,GENERAL,Phoenix Suns (NIGHTHAWK),Milwaukee Bucks (GENERAL),,,,12/08/2026 23:59:00,97,moneyline_1x2,,Milwaukee Bucks (GENERAL),2.8,False
2026-08-12T23:08:48.859377+00:00,13673685720,GG League - 4x5 Min de juego,False,Orlando Magic,HUNCHO,Charlotte Hornets,CALAMITY,Orlando Magic (HUNCHO),Charlotte Hornets (CALAMITY),,,,12/08/2026 23:47:00,97,moneyline_1x2,,Orlando Magic (HUNCHO),1.62,False
2026-08-12T23:08:48.859377+00:00,13673685720,GG League - 4x5 Min de juego,False,Orlando Magic,HUNCHO,Charlotte Hornets,CALAMITY,Orlando Magic (HUNCHO),Charlotte Hornets (CALAMITY),,,,12/08/2026 23:47:00,97,moneyline_1x2,,Charlotte Hornets (CALAMITY),2.05,False
2026-08-12T23:08:48.859377+00:00,13673685454,GG League - 4x5 Min de juego,False,Brooklyn Nets,KARMA,Toronto Raptors,CYPHER,Brooklyn Nets (KARMA),Toronto Raptors (CYPHER),,,,12/08/2026 23:55:00,97,moneyline_1x2,,Brooklyn Nets (KARMA),1.5,False
2026-08-12T23:08:48.859377+00:00,13673685454,GG League - 4x5 Min de juego,False,Brooklyn Nets,KARMA,Toronto Raptors,CYPHER,Brooklyn Nets (KARMA),Toronto Raptors (CYPHER),,,,12/08/2026 23:55:00,97,moneyline_1x2,,Toronto Raptors (CYPHER),2.3,False
2026-08-12T23:08:48.859377+00:00,13673685718,GG League - 4x5 Min de juego,False,New York Knicks,JACKAL,Boston Celtics,HUNCHO,New York Knicks (JACKAL),Boston Celtics (HUNCHO),,,,12/08/2026 23:15:00,97,moneyline_1x2,,New York Knicks (JACKAL),1.62,False
2026-08-12T23:08:48.859377+00:00,13673685718,GG League - 4x5 Min de juego,False,New York Knicks,JACKAL,Boston Celtics,HUNCHO,New York Knicks (JACKAL),Boston Celtics (HUNCHO),,,,12/08/2026 23:15:00,97,moneyline_1x2,,Boston Celtics (HUNCHO),2.05,False
2026-08-12T23:11:09.064223+00:00,13673684350,GG League - 4x5 Min de juego,True,Memphis Grizzlies,PHARAOH,Cleveland Cavaliers,AZURE,Memphis Grizzlies (PHARAOH),Cleveland Cavaliers (AZURE),2º cuarto,16,13,12/08/2026 23:03:00,97,moneyline_1x2,,Memphis Grizzlies (PHARAOH),1.85,False
2026-08-12T23:11:09.064223+00:00,13673684350,GG League - 4x5 Min de juego,True,Memphis Grizzlies,PHARAOH,Cleveland Cavaliers,AZURE,Memphis Grizzlies (PHARAOH),Cleveland Cavaliers (AZURE),2º cuarto,16,13,12/08/2026 23:03:00,97,moneyline_1x2,,Cleveland Cavaliers (AZURE),1.8,False
2026-08-12T23:11:09.064223+00:00,13673684349,GG League - 4x5 Min de juego,True,Charlotte Hornets,STING,Denver Nuggets,ADMIRAL,Charlotte Hornets (STING),Denver Nuggets (ADMIRAL),2º cuarto,20,30,12/08/2026 22:59:00,97,moneyline_1x2,,Charlotte Hornets (STING),5.0,False
2026-08-12T23:11:09.064223+00:00,13673684349,GG League - 4x5 Min de juego,True,Charlotte Hornets,STING,Denver Nuggets,ADMIRAL,Charlotte Hornets (STING),Denver Nuggets (ADMIRAL),2º cuarto,20,30,12/08/2026 22:59:00,97,moneyline_1x2,,Denver Nuggets (ADMIRAL),1.11,False
2026-08-12T23:11:09.064223+00:00,13673685780,GG League - 4x5 Min de juego,False,Dallas Mavericks,SPARKZ,Orlando Magic,UNDERRATED,Dallas Mavericks (SPARKZ),Orlando Magic (UNDERRATED),,,,12/08/2026 23:51:00,97,moneyline_1x2,,Dallas Mavericks (SPARKZ),1.57,False
2026-08-12T23:11:09.064223+00:00,13673685780,GG League - 4x5 Min de juego,False,Dallas Mavericks,SPARKZ,Orlando Magic,UNDERRATED,Dallas Mavericks (SPARKZ),Orlando Magic (UNDERRATED),,,,12/08/2026 23:51:00,97,moneyline_1x2,,Orlando Magic (UNDERRATED),2.15,False
2026-08-12T23:11:09.064223+00:00,13673664495,GG League - 4x5 Min de juego,False,Dallas Mavericks,JACKAL,Denver Nuggets,CURSE,Dallas Mavericks (JACKAL),Denver Nuggets (CURSE),,,,13/08/2026 00:19:00,97,moneyline_1x2,,Dallas Mavericks (JACKAL),1.62,False
2026-08-12T23:11:09.064223+00:00,13673664495,GG League - 4x5 Min de juego,False,Dallas Mavericks,JACKAL,Denver Nuggets,CURSE,Dallas Mavericks (JACKAL),Denver Nuggets (CURSE),,,,13/08/2026 00:19:00,97,moneyline_1x2,,Denver Nuggets (CURSE),2.05,False
2026-08-12T23:11:09.064223+00:00,13673666929,GG League - 4x5 Min de juego,False,New York Knicks,RADIANT,Oklahoma City Thunder,STING,New York Knicks (RADIANT),Oklahoma City Thunder (STING),,,,13/08/2026 00:03:00,97,moneyline_1x2,,New York Knicks (RADIANT),2.35,False
2026-08-12T23:11:09.064223+00:00,13673666929,GG League - 4x5 Min de juego,False,New York Knicks,RADIANT,Oklahoma City Thunder,STING,New York Knicks (RADIANT),Oklahoma City Thunder (STING),,,,13/08/2026 00:03:00,97,moneyline_1x2,,Oklahoma City Thunder (STING),1.5,False
2026-08-12T23:11:09.064223+00:00,13673685424,GG League - 4x5 Min de juego,True,Los Angeles Lakers,AIRFORCE,Oklahoma City Thunder,CYPHER,Los Angeles Lakers (AIRFORCE),Oklahoma City Thunder (CYPHER),3º Cuarto,40,45,12/08/2026 22:51:00,97,moneyline_1x2,,Los Angeles Lakers (AIRFORCE),3.7,False
2026-08-12T23:11:09.064223+00:00,13673685424,GG League - 4x5 Min de juego,True,Los Angeles Lakers,AIRFORCE,Oklahoma City Thunder,CYPHER,Los Angeles Lakers (AIRFORCE),Oklahoma City Thunder (CYPHER),3º Cuarto,40,45,12/08/2026 22:51:00,97,moneyline_1x2,,Oklahoma City Thunder (CYPHER),1.21,False
2026-08-12T23:11:09.064223+00:00,13673685778,GG League - 4x5 Min de juego,False,Los Angeles Lakers,SIGNAL,New York Knicks,PATIENCE,Los Angeles Lakers (SIGNAL),New York Knicks (PATIENCE),,,,12/08/2026 23:35:00,97,moneyline_1x2,,Los Angeles Lakers (SIGNAL),2.35,False
2026-08-12T23:11:09.064223+00:00,13673685778,GG League - 4x5 Min de juego,False,Los Angeles Lakers,SIGNAL,New York Knicks,PATIENCE,Los Angeles Lakers (SIGNAL),New York Knicks (PATIENCE),,,,12/08/2026 23:35:00,97,moneyline_1x2,,New York Knicks (PATIENCE),1.5,False
2026-08-12T23:11:09.064223+00:00,13673664429,GG League - 4x5 Min de juego,False,New York Knicks,PATIENCE,Oklahoma City Thunder,AZURE,New York Knicks (PATIENCE),Oklahoma City Thunder (AZURE),,,,13/08/2026 00:07:00,97,moneyline_1x2,,New York Knicks (PATIENCE),1.3,False
2026-08-12T23:11:09.064223+00:00,13673664429,GG League - 4x5 Min de juego,False,New York Knicks,PATIENCE,Oklahoma City Thunder,AZURE,New York Knicks (PATIENCE),Oklahoma City Thunder (AZURE),,,,13/08/2026 00:07:00,97,moneyline_1x2,,Oklahoma City Thunder (AZURE),2.95,False
2026-08-12T23:11:09.064223+00:00,13673684715,GG League - 4x5 Min de juego,False,Brooklyn Nets,MARINE,Toronto Raptors,SPARKZ,Brooklyn Nets (MARINE),Toronto Raptors (SPARKZ),,,,12/08/2026 23:19:00,97,moneyline_1x2,,Brooklyn Nets (MARINE),2.3,False
2026-08-12T23:11:09.064223+00:00,13673684715,GG League - 4x5 Min de juego,False,Brooklyn Nets,MARINE,Toronto Raptors,SPARKZ,Brooklyn Nets (MARINE),Toronto Raptors (SPARKZ),,,,12/08/2026 23:19:00,97,moneyline_1x2,,Toronto Raptors (SPARKZ),1.5,False
2026-08-12T23:11:09.064223+00:00,13673685429,GG League - 4x5 Min de juego,False,New York Knicks,RADIANT,Los Angeles Lakers,ADMIRAL,New York Knicks (RADIANT),Los Angeles Lakers (ADMIRAL),,,,12/08/2026 23:31:00,97,moneyline_1x2,,New York Knicks (RADIANT),1.43,False
2026-08-12T23:11:09.064223+00:00,13673685429,GG League - 4x5 Min de juego,False,New York Knicks,RADIANT,Los Angeles Lakers,ADMIRAL,New York Knicks (RADIANT),Los Angeles Lakers (ADMIRAL),,,,12/08/2026 23:31:00,97,moneyline_1x2,,Los Angeles Lakers (ADMIRAL),2.5,False
2026-08-12T23:11:09.064223+00:00,13673684119,GG League - 4x5 Min de juego,True,Dallas Mavericks,JUGGERNAUT,Charlotte Hornets,GENERAL,Dallas Mavericks (JUGGERNAUT),Charlotte Hornets (GENERAL),3º Cuarto,38,44,12/08/2026 22:55:00,97,moneyline_1x2,,Dallas Mavericks (JUGGERNAUT),3.45,False
2026-08-12T23:11:09.064223+00:00,13673684119,GG League - 4x5 Min de juego,True,Dallas Mavericks,JUGGERNAUT,Charlotte Hornets,GENERAL,Dallas Mavericks (JUGGERNAUT),Charlotte Hornets (GENERAL),3º Cuarto,38,44,12/08/2026 22:55:00,97,moneyline_1x2,,Charlotte Hornets (GENERAL),1.22,False
2026-08-12T23:11:09.064223+00:00,13673684716,GG League - 4x5 Min de juego,False,Miami Heat,MYTH,Brooklyn Nets,KARMA,Miami Heat (MYTH),Brooklyn Nets (KARMA),,,,12/08/2026 23:23:00,97,moneyline_1x2,,Miami Heat (MYTH),2.15,False
2026-08-12T23:11:09.064223+00:00,13673684716,GG League - 4x5 Min de juego,False,Miami Heat,MYTH,Brooklyn Nets,KARMA,Miami Heat (MYTH),Brooklyn Nets (KARMA),,,,12/08/2026 23:23:00,97,moneyline_1x2,,Brooklyn Nets (KARMA),1.57,False
2026-08-12T23:11:09.064223+00:00,13673685520,GG League - 4x5 Min de juego,False,Phoenix Suns,NIGHTHAWK,Milwaukee Bucks,GENERAL,Phoenix Suns (NIGHTHAWK),Milwaukee Bucks (GENERAL),,,,12/08/2026 23:59:00,97,moneyline_1x2,,Phoenix Suns (NIGHTHAWK),1.35,False
2026-08-12T23:11:09.064223+00:00,13673685520,GG League - 4x5 Min de juego,False,Phoenix Suns,NIGHTHAWK,Milwaukee Bucks,GENERAL,Phoenix Suns (NIGHTHAWK),Milwaukee Bucks (GENERAL),,,,12/08/2026 23:59:00,97,moneyline_1x2,,Milwaukee Bucks (GENERAL),2.8,False
2026-08-12T23:11:09.064223+00:00,13673685720,GG League - 4x5 Min de juego,False,Orlando Magic,HUNCHO,Charlotte Hornets,CALAMITY,Orlando Magic (HUNCHO),Charlotte Hornets (CALAMITY),,,,12/08/2026 23:47:00,97,moneyline_1x2,,Orlando Magic (HUNCHO),1.62,False
2026-08-12T23:11:09.064223+00:00,13673685720,GG League - 4x5 Min de juego,False,Orlando Magic,HUNCHO,Charlotte Hornets,CALAMITY,Orlando Magic (HUNCHO),Charlotte Hornets (CALAMITY),,,,12/08/2026 23:47:00,97,moneyline_1x2,,Charlotte Hornets (CALAMITY),2.05,False
2026-08-12T23:11:09.064223+00:00,13673685454,GG League - 4x5 Min de juego,False,Brooklyn Nets,KARMA,Toronto Raptors,CYPHER,Brooklyn Nets (KARMA),Toronto Raptors (CYPHER),,,,12/08/2026 23:55:00,97,moneyline_1x2,,Brooklyn Nets (KARMA),1.5,False
2026-08-12T23:11:09.064223+00:00,13673685454,GG League - 4x5 Min de juego,False,Brooklyn Nets,KARMA,Toronto Raptors,CYPHER,Brooklyn Nets (KARMA),Toronto Raptors (CYPHER),,,,12/08/2026 23:55:00,97,moneyline_1x2,,Toronto Raptors (CYPHER),2.3,False
2026-08-12T23:11:09.064223+00:00,13673685718,GG League - 4x5 Min de juego,False,New York Knicks,JACKAL,Boston Celtics,HUNCHO,New York Knicks (JACKAL),Boston Celtics (HUNCHO),,,,12/08/2026 23:15:00,97,moneyline_1x2,,New York Knicks (JACKAL),1.62,False
2026-08-12T23:11:09.064223+00:00,13673685718,GG League - 4x5 Min de juego,False,New York Knicks,JACKAL,Boston Celtics,HUNCHO,New York Knicks (JACKAL),Boston Celtics (HUNCHO),,,,12/08/2026 23:15:00,97,moneyline_1x2,,Boston Celtics (HUNCHO),2.05,False
2026-08-12T23:12:51.046986+00:00,13673684350,GG League - 4x5 Min de juego,True,Memphis Grizzlies,PHARAOH,Cleveland Cavaliers,AZURE,Memphis Grizzlies (PHARAOH),Cleveland Cavaliers (AZURE),2º cuarto,21,20,12/08/2026 23:03:00,97,moneyline_1x2,,Memphis Grizzlies (PHARAOH),2.2,False
2026-08-12T23:12:51.046986+00:00,13673684350,GG League - 4x5 Min de juego,True,Memphis Grizzlies,PHARAOH,Cleveland Cavaliers,AZURE,Memphis Grizzlies (PHARAOH),Cleveland Cavaliers (AZURE),2º cuarto,21,20,12/08/2026 23:03:00,97,moneyline_1x2,,Cleveland Cavaliers (AZURE),1.55,False
2026-08-12T23:12:51.046986+00:00,13673684349,GG League - 4x5 Min de juego,True,Charlotte Hornets,STING,Denver Nuggets,ADMIRAL,Charlotte Hornets (STING),Denver Nuggets (ADMIRAL),3º Cuarto,22,34,12/08/2026 22:59:00,97,moneyline_1x2,,Charlotte Hornets (STING),7.25,False
2026-08-12T23:12:51.046986+00:00,13673684349,GG League - 4x5 Min de juego,True,Charlotte Hornets,STING,Denver Nuggets,ADMIRAL,Charlotte Hornets (STING),Denver Nuggets (ADMIRAL),3º Cuarto,22,34,12/08/2026 22:59:00,97,moneyline_1x2,,Denver Nuggets (ADMIRAL),1.04,False
2026-08-12T23:12:51.046986+00:00,13673685780,GG League - 4x5 Min de juego,False,Dallas Mavericks,SPARKZ,Orlando Magic,UNDERRATED,Dallas Mavericks (SPARKZ),Orlando Magic (UNDERRATED),,,,12/08/2026 23:51:00,97,moneyline_1x2,,Dallas Mavericks (SPARKZ),1.57,False
2026-08-12T23:12:51.046986+00:00,13673685780,GG League - 4x5 Min de juego,False,Dallas Mavericks,SPARKZ,Orlando Magic,UNDERRATED,Dallas Mavericks (SPARKZ),Orlando Magic (UNDERRATED),,,,12/08/2026 23:51:00,97,moneyline_1x2,,Orlando Magic (UNDERRATED),2.15,False
2026-08-12T23:12:51.046986+00:00,13673664495,GG League - 4x5 Min de juego,False,Dallas Mavericks,JACKAL,Denver Nuggets,CURSE,Dallas Mavericks (JACKAL),Denver Nuggets (CURSE),,,,13/08/2026 00:19:00,97,moneyline_1x2,,Dallas Mavericks (JACKAL),1.62,False
2026-08-12T23:12:51.046986+00:00,13673664495,GG League - 4x5 Min de juego,False,Dallas Mavericks,JACKAL,Denver Nuggets,CURSE,Dallas Mavericks (JACKAL),Denver Nuggets (CURSE),,,,13/08/2026 00:19:00,97,moneyline_1x2,,Denver Nuggets (CURSE),2.05,False
2026-08-12T23:12:51.046986+00:00,13673666929,GG League - 4x5 Min de juego,False,New York Knicks,RADIANT,Oklahoma City Thunder,STING,New York Knicks (RADIANT),Oklahoma City Thunder (STING),,,,13/08/2026 00:03:00,97,moneyline_1x2,,New York Knicks (RADIANT),2.35,False
2026-08-12T23:12:51.046986+00:00,13673666929,GG League - 4x5 Min de juego,False,New York Knicks,RADIANT,Oklahoma City Thunder,STING,New York Knicks (RADIANT),Oklahoma City Thunder (STING),,,,13/08/2026 00:03:00,97,moneyline_1x2,,Oklahoma City Thunder (STING),1.5,False
2026-08-12T23:12:51.046986+00:00,13673685424,GG League - 4x5 Min de juego,True,Los Angeles Lakers,AIRFORCE,Oklahoma City Thunder,CYPHER,Los Angeles Lakers (AIRFORCE),Oklahoma City Thunder (CYPHER),4º cuarto,42,47,12/08/2026 22:51:00,97,moneyline_1x2,,Los Angeles Lakers (AIRFORCE),4.1,False
2026-08-12T23:12:51.046986+00:00,13673685424,GG League - 4x5 Min de juego,True,Los Angeles Lakers,AIRFORCE,Oklahoma City Thunder,CYPHER,Los Angeles Lakers (AIRFORCE),Oklahoma City Thunder (CYPHER),4º cuarto,42,47,12/08/2026 22:51:00,97,moneyline_1x2,,Oklahoma City Thunder (CYPHER),1.17,False
2026-08-12T23:12:51.046986+00:00,13673685778,GG League - 4x5 Min de juego,False,Los Angeles Lakers,SIGNAL,New York Knicks,PATIENCE,Los Angeles Lakers (SIGNAL),New York Knicks (PATIENCE),,,,12/08/2026 23:35:00,97,moneyline_1x2,,Los Angeles Lakers (SIGNAL),2.35,False
2026-08-12T23:12:51.046986+00:00,13673685778,GG League - 4x5 Min de juego,False,Los Angeles Lakers,SIGNAL,New York Knicks,PATIENCE,Los Angeles Lakers (SIGNAL),New York Knicks (PATIENCE),,,,12/08/2026 23:35:00,97,moneyline_1x2,,New York Knicks (PATIENCE),1.5,False
2026-08-12T23:12:51.046986+00:00,13673664429,GG League - 4x5 Min de juego,False,New York Knicks,PATIENCE,Oklahoma City Thunder,AZURE,New York Knicks (PATIENCE),Oklahoma City Thunder (AZURE),,,,13/08/2026 00:07:00,97,moneyline_1x2,,New York Knicks (PATIENCE),1.3,False
2026-08-12T23:12:51.046986+00:00,13673664429,GG League - 4x5 Min de juego,False,New York Knicks,PATIENCE,Oklahoma City Thunder,AZURE,New York Knicks (PATIENCE),Oklahoma City Thunder (AZURE),,,,13/08/2026 00:07:00,97,moneyline_1x2,,Oklahoma City Thunder (AZURE),2.95,False
2026-08-12T23:12:51.046986+00:00,13673684715,GG League - 4x5 Min de juego,False,Brooklyn Nets,MARINE,Toronto Raptors,SPARKZ,Brooklyn Nets (MARINE),Toronto Raptors (SPARKZ),,,,12/08/2026 23:19:00,97,moneyline_1x2,,Brooklyn Nets (MARINE),2.3,False
2026-08-12T23:12:51.046986+00:00,13673684715,GG League - 4x5 Min de juego,False,Brooklyn Nets,MARINE,Toronto Raptors,SPARKZ,Brooklyn Nets (MARINE),Toronto Raptors (SPARKZ),,,,12/08/2026 23:19:00,97,moneyline_1x2,,Toronto Raptors (SPARKZ),1.5,False
2026-08-12T23:12:51.046986+00:00,13673685429,GG League - 4x5 Min de juego,False,New York Knicks,RADIANT,Los Angeles Lakers,ADMIRAL,New York Knicks (RADIANT),Los Angeles Lakers (ADMIRAL),,,,12/08/2026 23:31:00,97,moneyline_1x2,,New York Knicks (RADIANT),1.43,False
2026-08-12T23:12:51.046986+00:00,13673685429,GG League - 4x5 Min de juego,False,New York Knicks,RADIANT,Los Angeles Lakers,ADMIRAL,New York Knicks (RADIANT),Los Angeles Lakers (ADMIRAL),,,,12/08/2026 23:31:00,97,moneyline_1x2,,Los Angeles Lakers (ADMIRAL),2.5,False
2026-08-12T23:12:51.046986+00:00,13673684119,GG League - 4x5 Min de juego,True,Dallas Mavericks,JUGGERNAUT,Charlotte Hornets,GENERAL,Dallas Mavericks (JUGGERNAUT),Charlotte Hornets (GENERAL),3º Cuarto,38,51,12/08/2026 22:55:00,97,moneyline_1x2,,Dallas Mavericks (JUGGERNAUT),7.5,False
2026-08-12T23:12:51.046986+00:00,13673684119,GG League - 4x5 Min de juego,True,Dallas Mavericks,JUGGERNAUT,Charlotte Hornets,GENERAL,Dallas Mavericks (JUGGERNAUT),Charlotte Hornets (GENERAL),3º Cuarto,38,51,12/08/2026 22:55:00,97,moneyline_1x2,,Charlotte Hornets (GENERAL),1.03,False
2026-08-12T23:12:51.046986+00:00,13673684716,GG League - 4x5 Min de juego,False,Miami Heat,MYTH,Brooklyn Nets,KARMA,Miami Heat (MYTH),Brooklyn Nets (KARMA),,,,12/08/2026 23:23:00,97,moneyline_1x2,,Miami Heat (MYTH),2.15,False
2026-08-12T23:12:51.046986+00:00,13673684716,GG League - 4x5 Min de juego,False,Miami Heat,MYTH,Brooklyn Nets,KARMA,Miami Heat (MYTH),Brooklyn Nets (KARMA),,,,12/08/2026 23:23:00,97,moneyline_1x2,,Brooklyn Nets (KARMA),1.57,False
2026-08-12T23:12:51.046986+00:00,13673685520,GG League - 4x5 Min de juego,False,Phoenix Suns,NIGHTHAWK,Milwaukee Bucks,GENERAL,Phoenix Suns (NIGHTHAWK),Milwaukee Bucks (GENERAL),,,,12/08/2026 23:59:00,97,moneyline_1x2,,Phoenix Suns (NIGHTHAWK),1.35,False
2026-08-12T23:12:51.046986+00:00,13673685520,GG League - 4x5 Min de juego,False,Phoenix Suns,NIGHTHAWK,Milwaukee Bucks,GENERAL,Phoenix Suns (NIGHTHAWK),Milwaukee Bucks (GENERAL),,,,12/08/2026 23:59:00,97,moneyline_1x2,,Milwaukee Bucks (GENERAL),2.8,False
2026-08-12T23:12:51.046986+00:00,13673685720,GG League - 4x5 Min de juego,False,Orlando Magic,HUNCHO,Charlotte Hornets,CALAMITY,Orlando Magic (HUNCHO),Charlotte Hornets (CALAMITY),,,,12/08/2026 23:47:00,97,moneyline_1x2,,Orlando Magic (HUNCHO),1.62,False
2026-08-12T23:12:51.046986+00:00,13673685720,GG League - 4x5 Min de juego,False,Orlando Magic,HUNCHO,Charlotte Hornets,CALAMITY,Orlando Magic (HUNCHO),Charlotte Hornets (CALAMITY),,,,12/08/2026 23:47:00,97,moneyline_1x2,,Charlotte Hornets (CALAMITY),2.05,False
2026-08-12T23:12:51.046986+00:00,13673685454,GG League - 4x5 Min de juego,False,Brooklyn Nets,KARMA,Toronto Raptors,CYPHER,Brooklyn Nets (KARMA),Toronto Raptors (CYPHER),,,,12/08/2026 23:55:00,97,moneyline_1x2,,Brooklyn Nets (KARMA),1.5,False
2026-08-12T23:12:51.046986+00:00,13673685454,GG League - 4x5 Min de juego,False,Brooklyn Nets,KARMA,Toronto Raptors,CYPHER,Brooklyn Nets (KARMA),Toronto Raptors (CYPHER),,,,12/08/2026 23:55:00,97,moneyline_1x2,,Toronto Raptors (CYPHER),2.3,False
2026-08-12T23:12:51.046986+00:00,13673685718,GG League - 4x5 Min de juego,False,New York Knicks,JACKAL,Boston Celtics,HUNCHO,New York Knicks (JACKAL),Boston Celtics (HUNCHO),,,,12/08/2026 23:15:00,97,moneyline_1x2,,New York Knicks (JACKAL),1.62,False
2026-08-12T23:12:51.046986+00:00,13673685718,GG League - 4x5 Min de juego,False,New York Knicks,JACKAL,Boston Celtics,HUNCHO,New York Knicks (JACKAL),Boston Celtics (HUNCHO),,,,12/08/2026 23:15:00,97,moneyline_1x2,,Boston Celtics (HUNCHO),2.05,False
2026-08-12T23:14:47.478433+00:00,13673684350,GG League - 4x5 Min de juego,True,Memphis Grizzlies,PHARAOH,Cleveland Cavaliers,AZURE,Memphis Grizzlies (PHARAOH),Cleveland Cavaliers (AZURE),2º cuarto,23,26,12/08/2026 23:03:00,97,moneyline_1x2,,Memphis Grizzlies (PHARAOH),3.5,False
2026-08-12T23:14:47.478433+00:00,13673684350,GG League - 4x5 Min de juego,True,Memphis Grizzlies,PHARAOH,Cleveland Cavaliers,AZURE,Memphis Grizzlies (PHARAOH),Cleveland Cavaliers (AZURE),2º cuarto,23,26,12/08/2026 23:03:00,97,moneyline_1x2,,Cleveland Cavaliers (AZURE),1.22,False
2026-08-12T23:14:47.478433+00:00,13673684349,GG League - 4x5 Min de juego,True,Charlotte Hornets,STING,Denver Nuggets,ADMIRAL,Charlotte Hornets (STING),Denver Nuggets (ADMIRAL),3º Cuarto,26,38,12/08/2026 22:59:00,97,moneyline_1x2,,Charlotte Hornets (STING),7.5,False
2026-08-12T23:14:47.478433+00:00,13673684349,GG League - 4x5 Min de juego,True,Charlotte Hornets,STING,Denver Nuggets,ADMIRAL,Charlotte Hornets (STING),Denver Nuggets (ADMIRAL),3º Cuarto,26,38,12/08/2026 22:59:00,97,moneyline_1x2,,Denver Nuggets (ADMIRAL),1.03,False
2026-08-12T23:14:47.478433+00:00,13673685780,GG League - 4x5 Min de juego,False,Dallas Mavericks,SPARKZ,Orlando Magic,UNDERRATED,Dallas Mavericks (SPARKZ),Orlando Magic (UNDERRATED),,,,12/08/2026 23:51:00,97,moneyline_1x2,,Dallas Mavericks (SPARKZ),1.57,False
2026-08-12T23:14:47.478433+00:00,13673685780,GG League - 4x5 Min de juego,False,Dallas Mavericks,SPARKZ,Orlando Magic,UNDERRATED,Dallas Mavericks (SPARKZ),Orlando Magic (UNDERRATED),,,,12/08/2026 23:51:00,97,moneyline_1x2,,Orlando Magic (UNDERRATED),2.15,False
2026-08-12T23:14:47.478433+00:00,13673664495,GG League - 4x5 Min de juego,False,Dallas Mavericks,JACKAL,Denver Nuggets,CURSE,Dallas Mavericks (JACKAL),Denver Nuggets (CURSE),,,,13/08/2026 00:19:00,97,moneyline_1x2,,Dallas Mavericks (JACKAL),1.62,False
2026-08-12T23:14:47.478433+00:00,13673664495,GG League - 4x5 Min de juego,False,Dallas Mavericks,JACKAL,Denver Nuggets,CURSE,Dallas Mavericks (JACKAL),Denver Nuggets (CURSE),,,,13/08/2026 00:19:00,97,moneyline_1x2,,Denver Nuggets (CURSE),2.05,False
2026-08-12T23:14:47.478433+00:00,13673666929,GG League - 4x5 Min de juego,False,New York Knicks,RADIANT,Oklahoma City Thunder,STING,New York Knicks (RADIANT),Oklahoma City Thunder (STING),,,,13/08/2026 00:03:00,97,moneyline_1x2,,New York Knicks (RADIANT),2.35,False
2026-08-12T23:14:47.478433+00:00,13673666929,GG League - 4x5 Min de juego,False,New York Knicks,RADIANT,Oklahoma City Thunder,STING,New York Knicks (RADIANT),Oklahoma City Thunder (STING),,,,13/08/2026 00:03:00,97,moneyline_1x2,,Oklahoma City Thunder (STING),1.5,False
2026-08-12T23:14:47.478433+00:00,13673685424,GG League - 4x5 Min de juego,True,Los Angeles Lakers,AIRFORCE,Oklahoma City Thunder,CYPHER,Los Angeles Lakers (AIRFORCE),Oklahoma City Thunder (CYPHER),4º cuarto,46,51,12/08/2026 22:51:00,97,moneyline_1x2,,Los Angeles Lakers (AIRFORCE),5.5,False
2026-08-12T23:14:47.478433+00:00,13673685424,GG League - 4x5 Min de juego,True,Los Angeles Lakers,AIRFORCE,Oklahoma City Thunder,CYPHER,Los Angeles Lakers (AIRFORCE),Oklahoma City Thunder (CYPHER),4º cuarto,46,51,12/08/2026 22:51:00,97,moneyline_1x2,,Oklahoma City Thunder (CYPHER),1.09,False
2026-08-12T23:14:47.478433+00:00,13673685778,GG League - 4x5 Min de juego,False,Los Angeles Lakers,SIGNAL,New York Knicks,PATIENCE,Los Angeles Lakers (SIGNAL),New York Knicks (PATIENCE),,,,12/08/2026 23:35:00,97,moneyline_1x2,,Los Angeles Lakers (SIGNAL),2.35,False
2026-08-12T23:14:47.478433+00:00,13673685778,GG League - 4x5 Min de juego,False,Los Angeles Lakers,SIGNAL,New York Knicks,PATIENCE,Los Angeles Lakers (SIGNAL),New York Knicks (PATIENCE),,,,12/08/2026 23:35:00,97,moneyline_1x2,,New York Knicks (PATIENCE),1.5,False
2026-08-12T23:14:47.478433+00:00,13673664429,GG League - 4x5 Min de juego,False,New York Knicks,PATIENCE,Oklahoma City Thunder,AZURE,New York Knicks (PATIENCE),Oklahoma City Thunder (AZURE),,,,13/08/2026 00:07:00,97,moneyline_1x2,,New York Knicks (PATIENCE),1.3,False
2026-08-12T23:14:47.478433+00:00,13673664429,GG League - 4x5 Min de juego,False,New York Knicks,PATIENCE,Oklahoma City Thunder,AZURE,New York Knicks (PATIENCE),Oklahoma City Thunder (AZURE),,,,13/08/2026 00:07:00,97,moneyline_1x2,,Oklahoma City Thunder (AZURE),2.95,False
2026-08-12T23:14:47.478433+00:00,13673684715,GG League - 4x5 Min de juego,False,Brooklyn Nets,MARINE,Toronto Raptors,SPARKZ,Brooklyn Nets (MARINE),Toronto Raptors (SPARKZ),,,,12/08/2026 23:19:00,97,moneyline_1x2,,Brooklyn Nets (MARINE),2.3,False
2026-08-12T23:14:47.478433+00:00,13673684715,GG League - 4x5 Min de juego,False,Brooklyn Nets,MARINE,Toronto Raptors,SPARKZ,Brooklyn Nets (MARINE),Toronto Raptors (SPARKZ),,,,12/08/2026 23:19:00,97,moneyline_1x2,,Toronto Raptors (SPARKZ),1.5,False
2026-08-12T23:14:47.478433+00:00,13673685429,GG League - 4x5 Min de juego,False,New York Knicks,RADIANT,Los Angeles Lakers,ADMIRAL,New York Knicks (RADIANT),Los Angeles Lakers (ADMIRAL),,,,12/08/2026 23:31:00,97,moneyline_1x2,,New York Knicks (RADIANT),1.43,False
2026-08-12T23:14:47.478433+00:00,13673685429,GG League - 4x5 Min de juego,False,New York Knicks,RADIANT,Los Angeles Lakers,ADMIRAL,New York Knicks (RADIANT),Los Angeles Lakers (ADMIRAL),,,,12/08/2026 23:31:00,97,moneyline_1x2,,Los Angeles Lakers (ADMIRAL),2.5,False
2026-08-12T23:14:47.478433+00:00,13673684119,GG League - 4x5 Min de juego,True,Dallas Mavericks,JUGGERNAUT,Charlotte Hornets,GENERAL,Dallas Mavericks (JUGGERNAUT),Charlotte Hornets (GENERAL),3º Cuarto,45,57,12/08/2026 22:55:00,97,moneyline_1x2,,Dallas Mavericks (JUGGERNAUT),8.0,False
2026-08-12T23:14:47.478433+00:00,13673684119,GG League - 4x5 Min de juego,True,Dallas Mavericks,JUGGERNAUT,Charlotte Hornets,GENERAL,Dallas Mavericks (JUGGERNAUT),Charlotte Hornets (GENERAL),3º Cuarto,45,57,12/08/2026 22:55:00,97,moneyline_1x2,,Charlotte Hornets (GENERAL),1.03,False
2026-08-12T23:14:47.478433+00:00,13673684716,GG League - 4x5 Min de juego,False,Miami Heat,MYTH,Brooklyn Nets,KARMA,Miami Heat (MYTH),Brooklyn Nets (KARMA),,,,12/08/2026 23:23:00,97,moneyline_1x2,,Miami Heat (MYTH),2.15,False
2026-08-12T23:14:47.478433+00:00,13673684716,GG League - 4x5 Min de juego,False,Miami Heat,MYTH,Brooklyn Nets,KARMA,Miami Heat (MYTH),Brooklyn Nets (KARMA),,,,12/08/2026 23:23:00,97,moneyline_1x2,,Brooklyn Nets (KARMA),1.57,False
2026-08-12T23:14:47.478433+00:00,13673685520,GG League - 4x5 Min de juego,False,Phoenix Suns,NIGHTHAWK,Milwaukee Bucks,GENERAL,Phoenix Suns (NIGHTHAWK),Milwaukee Bucks (GENERAL),,,,12/08/2026 23:59:00,97,moneyline_1x2,,Phoenix Suns (NIGHTHAWK),1.35,False
2026-08-12T23:14:47.478433+00:00,13673685520,GG League - 4x5 Min de juego,False,Phoenix Suns,NIGHTHAWK,Milwaukee Bucks,GENERAL,Phoenix Suns (NIGHTHAWK),Milwaukee Bucks (GENERAL),,,,12/08/2026 23:59:00,97,moneyline_1x2,,Milwaukee Bucks (GENERAL),2.8,False
2026-08-12T23:14:47.478433+00:00,13673685720,GG League - 4x5 Min de juego,False,Orlando Magic,HUNCHO,Charlotte Hornets,CALAMITY,Orlando Magic (HUNCHO),Charlotte Hornets (CALAMITY),,,,12/08/2026 23:47:00,97,moneyline_1x2,,Orlando Magic (HUNCHO),1.62,False
2026-08-12T23:14:47.478433+00:00,13673685720,GG League - 4x5 Min de juego,False,Orlando Magic,HUNCHO,Charlotte Hornets,CALAMITY,Orlando Magic (HUNCHO),Charlotte Hornets (CALAMITY),,,,12/08/2026 23:47:00,97,moneyline_1x2,,Charlotte Hornets (CALAMITY),2.05,False
2026-08-12T23:14:47.478433+00:00,13673685454,GG League - 4x5 Min de juego,False,Brooklyn Nets,KARMA,Toronto Raptors,CYPHER,Brooklyn Nets (KARMA),Toronto Raptors (CYPHER),,,,12/08/2026 23:55:00,97,moneyline_1x2,,Brooklyn Nets (KARMA),1.5,False
2026-08-12T23:14:47.478433+00:00,13673685454,GG League - 4x5 Min de juego,False,Brooklyn Nets,KARMA,Toronto Raptors,CYPHER,Brooklyn Nets (KARMA),Toronto Raptors (CYPHER),,,,12/08/2026 23:55:00,97,moneyline_1x2,,Toronto Raptors (CYPHER),2.3,False
2026-08-12T23:14:47.478433+00:00,13673685718,GG League - 4x5 Min de juego,False,New York Knicks,JACKAL,Boston Celtics,HUNCHO,New York Knicks (JACKAL),Boston Celtics (HUNCHO),,,,12/08/2026 23:15:00,97,moneyline_1x2,,New York Knicks (JACKAL),1.62,False
2026-08-12T23:14:47.478433+00:00,13673685718,GG League - 4x5 Min de juego,False,New York Knicks,JACKAL,Boston Celtics,HUNCHO,New York Knicks (JACKAL),Boston Celtics (HUNCHO),,,,12/08/2026 23:15:00,97,moneyline_1x2,,Boston Celtics (HUNCHO),2.05,False
2026-08-12T23:16:49.852936+00:00,13673684350,GG League - 4x5 Min de juego,True,Memphis Grizzlies,PHARAOH,Cleveland Cavaliers,AZURE,Memphis Grizzlies (PHARAOH),Cleveland Cavaliers (AZURE),3º Cuarto,28,26,12/08/2026 23:03:00,97,moneyline_1x2,,Memphis Grizzlies (PHARAOH),1.85,False
2026-08-12T23:16:49.852936+00:00,13673684350,GG League - 4x5 Min de juego,True,Memphis Grizzlies,PHARAOH,Cleveland Cavaliers,AZURE,Memphis Grizzlies (PHARAOH),Cleveland Cavaliers (AZURE),3º Cuarto,28,26,12/08/2026 23:03:00,97,moneyline_1x2,,Cleveland Cavaliers (AZURE),1.8,False
2026-08-12T23:16:49.852936+00:00,13673685780,GG League - 4x5 Min de juego,False,Dallas Mavericks,SPARKZ,Orlando Magic,UNDERRATED,Dallas Mavericks (SPARKZ),Orlando Magic (UNDERRATED),,,,12/08/2026 23:51:00,97,moneyline_1x2,,Dallas Mavericks (SPARKZ),1.57,False
2026-08-12T23:16:49.852936+00:00,13673685780,GG League - 4x5 Min de juego,False,Dallas Mavericks,SPARKZ,Orlando Magic,UNDERRATED,Dallas Mavericks (SPARKZ),Orlando Magic (UNDERRATED),,,,12/08/2026 23:51:00,97,moneyline_1x2,,Orlando Magic (UNDERRATED),2.15,False
2026-08-12T23:16:49.852936+00:00,13673664495,GG League - 4x5 Min de juego,False,Dallas Mavericks,JACKAL,Denver Nuggets,CURSE,Dallas Mavericks (JACKAL),Denver Nuggets (CURSE),,,,13/08/2026 00:19:00,97,moneyline_1x2,,Dallas Mavericks (JACKAL),1.62,False
2026-08-12T23:16:49.852936+00:00,13673664495,GG League - 4x5 Min de juego,False,Dallas Mavericks,JACKAL,Denver Nuggets,CURSE,Dallas Mavericks (JACKAL),Denver Nuggets (CURSE),,,,13/08/2026 00:19:00,97,moneyline_1x2,,Denver Nuggets (CURSE),2.05,False
2026-08-12T23:16:49.852936+00:00,13673666929,GG League - 4x5 Min de juego,False,New York Knicks,RADIANT,Oklahoma City Thunder,STING,New York Knicks (RADIANT),Oklahoma City Thunder (STING),,,,13/08/2026 00:03:00,97,moneyline_1x2,,New York Knicks (RADIANT),2.35,False
2026-08-12T23:16:49.852936+00:00,13673666929,GG League - 4x5 Min de juego,False,New York Knicks,RADIANT,Oklahoma City Thunder,STING,New York Knicks (RADIANT),Oklahoma City Thunder (STING),,,,13/08/2026 00:03:00,97,moneyline_1x2,,Oklahoma City Thunder (STING),1.5,False
2026-08-12T23:16:49.852936+00:00,13673667032,GG League - 4x5 Min de juego,False,Denver Nuggets,DAGGER,Dallas Mavericks,JUGGERNAUT,Denver Nuggets (DAGGER),Dallas Mavericks (JUGGERNAUT),,,,13/08/2026 00:31:00,97,moneyline_1x2,,Denver Nuggets (DAGGER),1.5,False
2026-08-12T23:16:49.852936+00:00,13673667032,GG League - 4x5 Min de juego,False,Denver Nuggets,DAGGER,Dallas Mavericks,JUGGERNAUT,Denver Nuggets (DAGGER),Dallas Mavericks (JUGGERNAUT),,,,13/08/2026 00:31:00,97,moneyline_1x2,,Dallas Mavericks (JUGGERNAUT),2.3,False
2026-08-12T23:16:49.852936+00:00,13673685778,GG League - 4x5 Min de juego,False,Los Angeles Lakers,SIGNAL,New York Knicks,PATIENCE,Los Angeles Lakers (SIGNAL),New York Knicks (PATIENCE),,,,12/08/2026 23:35:00,97,moneyline_1x2,,Los Angeles Lakers (SIGNAL),2.35,False
2026-08-12T23:16:49.852936+00:00,13673685778,GG League - 4x5 Min de juego,False,Los Angeles Lakers,SIGNAL,New York Knicks,PATIENCE,Los Angeles Lakers (SIGNAL),New York Knicks (PATIENCE),,,,12/08/2026 23:35:00,97,moneyline_1x2,,New York Knicks (PATIENCE),1.5,False
2026-08-12T23:16:49.852936+00:00,13673664429,GG League - 4x5 Min de juego,False,New York Knicks,PATIENCE,Oklahoma City Thunder,AZURE,New York Knicks (PATIENCE),Oklahoma City Thunder (AZURE),,,,13/08/2026 00:07:00,97,moneyline_1x2,,New York Knicks (PATIENCE),1.3,False
2026-08-12T23:16:49.852936+00:00,13673664429,GG League - 4x5 Min de juego,False,New York Knicks,PATIENCE,Oklahoma City Thunder,AZURE,New York Knicks (PATIENCE),Oklahoma City Thunder (AZURE),,,,13/08/2026 00:07:00,97,moneyline_1x2,,Oklahoma City Thunder (AZURE),2.95,False
2026-08-12T23:16:49.852936+00:00,13673684715,GG League - 4x5 Min de juego,False,Brooklyn Nets,MARINE,Toronto Raptors,SPARKZ,Brooklyn Nets (MARINE),Toronto Raptors (SPARKZ),,,,12/08/2026 23:19:00,97,moneyline_1x2,,Brooklyn Nets (MARINE),2.3,False
2026-08-12T23:16:49.852936+00:00,13673684715,GG League - 4x5 Min de juego,False,Brooklyn Nets,MARINE,Toronto Raptors,SPARKZ,Brooklyn Nets (MARINE),Toronto Raptors (SPARKZ),,,,12/08/2026 23:19:00,97,moneyline_1x2,,Toronto Raptors (SPARKZ),1.5,False
2026-08-12T23:16:49.852936+00:00,13673685429,GG League - 4x5 Min de juego,False,New York Knicks,RADIANT,Los Angeles Lakers,ADMIRAL,New York Knicks (RADIANT),Los Angeles Lakers (ADMIRAL),,,,12/08/2026 23:31:00,97,moneyline_1x2,,New York Knicks (RADIANT),1.43,False
2026-08-12T23:16:49.852936+00:00,13673685429,GG League - 4x5 Min de juego,False,New York Knicks,RADIANT,Los Angeles Lakers,ADMIRAL,New York Knicks (RADIANT),Los Angeles Lakers (ADMIRAL),,,,12/08/2026 23:31:00,97,moneyline_1x2,,Los Angeles Lakers (ADMIRAL),2.5,False
2026-08-12T23:16:49.852936+00:00,13673684119,GG League - 4x5 Min de juego,True,Dallas Mavericks,JUGGERNAUT,Charlotte Hornets,GENERAL,Dallas Mavericks (JUGGERNAUT),Charlotte Hornets (GENERAL),4º cuarto,54,61,12/08/2026 22:55:00,97,moneyline_1x2,,Dallas Mavericks (JUGGERNAUT),6.5,False
2026-08-12T23:16:49.852936+00:00,13673684119,GG League - 4x5 Min de juego,True,Dallas Mavericks,JUGGERNAUT,Charlotte Hornets,GENERAL,Dallas Mavericks (JUGGERNAUT),Charlotte Hornets (GENERAL),4º cuarto,54,61,12/08/2026 22:55:00,97,moneyline_1x2,,Charlotte Hornets (GENERAL),1.06,False
2026-08-12T23:16:49.852936+00:00,13673684716,GG League - 4x5 Min de juego,False,Miami Heat,MYTH,Brooklyn Nets,KARMA,Miami Heat (MYTH),Brooklyn Nets (KARMA),,,,12/08/2026 23:23:00,97,moneyline_1x2,,Miami Heat (MYTH),2.15,False
2026-08-12T23:16:49.852936+00:00,13673684716,GG League - 4x5 Min de juego,False,Miami Heat,MYTH,Brooklyn Nets,KARMA,Miami Heat (MYTH),Brooklyn Nets (KARMA),,,,12/08/2026 23:23:00,97,moneyline_1x2,,Brooklyn Nets (KARMA),1.57,False
2026-08-12T23:16:49.852936+00:00,13673685520,GG League - 4x5 Min de juego,False,Phoenix Suns,NIGHTHAWK,Milwaukee Bucks,GENERAL,Phoenix Suns (NIGHTHAWK),Milwaukee Bucks (GENERAL),,,,12/08/2026 23:59:00,97,moneyline_1x2,,Phoenix Suns (NIGHTHAWK),1.35,False
2026-08-12T23:16:49.852936+00:00,13673685520,GG League - 4x5 Min de juego,False,Phoenix Suns,NIGHTHAWK,Milwaukee Bucks,GENERAL,Phoenix Suns (NIGHTHAWK),Milwaukee Bucks (GENERAL),,,,12/08/2026 23:59:00,97,moneyline_1x2,,Milwaukee Bucks (GENERAL),2.8,False
2026-08-12T23:16:49.852936+00:00,13673685720,GG League - 4x5 Min de juego,False,Orlando Magic,HUNCHO,Charlotte Hornets,CALAMITY,Orlando Magic (HUNCHO),Charlotte Hornets (CALAMITY),,,,12/08/2026 23:47:00,97,moneyline_1x2,,Orlando Magic (HUNCHO),1.62,False
2026-08-12T23:16:49.852936+00:00,13673685720,GG League - 4x5 Min de juego,False,Orlando Magic,HUNCHO,Charlotte Hornets,CALAMITY,Orlando Magic (HUNCHO),Charlotte Hornets (CALAMITY),,,,12/08/2026 23:47:00,97,moneyline_1x2,,Charlotte Hornets (CALAMITY),2.05,False
2026-08-12T23:16:49.852936+00:00,13673685454,GG League - 4x5 Min de juego,False,Brooklyn Nets,KARMA,Toronto Raptors,CYPHER,Brooklyn Nets (KARMA),Toronto Raptors (CYPHER),,,,12/08/2026 23:55:00,97,moneyline_1x2,,Brooklyn Nets (KARMA),1.5,False
2026-08-12T23:16:49.852936+00:00,13673685454,GG League - 4x5 Min de juego,False,Brooklyn Nets,KARMA,Toronto Raptors,CYPHER,Brooklyn Nets (KARMA),Toronto Raptors (CYPHER),,,,12/08/2026 23:55:00,97,moneyline_1x2,,Toronto Raptors (CYPHER),2.3,False
2026-08-12T23:16:49.852936+00:00,13673685718,GG League - 4x5 Min de juego,True,New York Knicks,JACKAL,Boston Celtics,HUNCHO,New York Knicks (JACKAL),Boston Celtics (HUNCHO),1º cuarto,7,5,12/08/2026 23:15:00,97,moneyline_1x2,,New York Knicks (JACKAL),1.5,False
2026-08-12T23:16:49.852936+00:00,13673685718,GG League - 4x5 Min de juego,True,New York Knicks,JACKAL,Boston Celtics,HUNCHO,New York Knicks (JACKAL),Boston Celtics (HUNCHO),1º cuarto,7,5,12/08/2026 23:15:00,97,moneyline_1x2,,Boston Celtics (HUNCHO),2.35,False
2026-08-12T23:18:48.867678+00:00,13673684350,GG League - 4x5 Min de juego,True,Memphis Grizzlies,PHARAOH,Cleveland Cavaliers,AZURE,Memphis Grizzlies (PHARAOH),Cleveland Cavaliers (AZURE),3º Cuarto,33,30,12/08/2026 23:03:00,97,moneyline_1x2,,Memphis Grizzlies (PHARAOH),1.67,False
2026-08-12T23:18:48.867678+00:00,13673684350,GG League - 4x5 Min de juego,True,Memphis Grizzlies,PHARAOH,Cleveland Cavaliers,AZURE,Memphis Grizzlies (PHARAOH),Cleveland Cavaliers (AZURE),3º Cuarto,33,30,12/08/2026 23:03:00,97,moneyline_1x2,,Cleveland Cavaliers (AZURE),2.0,False
2026-08-12T23:18:48.867678+00:00,13673664610,GG League - 4x5 Min de juego,False,Denver Nuggets,ADMIRAL,Charlotte Hornets,STING,Denver Nuggets (ADMIRAL),Charlotte Hornets (STING),,,,13/08/2026 00:35:00,97,moneyline_1x2,,Denver Nuggets (ADMIRAL),2.35,False
2026-08-12T23:18:48.867678+00:00,13673664610,GG League - 4x5 Min de juego,False,Denver Nuggets,ADMIRAL,Charlotte Hornets,STING,Denver Nuggets (ADMIRAL),Charlotte Hornets (STING),,,,13/08/2026 00:35:00,97,moneyline_1x2,,Charlotte Hornets (STING),1.5,False
2026-08-12T23:18:48.867678+00:00,13673685780,GG League - 4x5 Min de juego,False,Dallas Mavericks,SPARKZ,Orlando Magic,UNDERRATED,Dallas Mavericks (SPARKZ),Orlando Magic (UNDERRATED),,,,12/08/2026 23:51:00,97,moneyline_1x2,,Dallas Mavericks (SPARKZ),1.57,False
2026-08-12T23:18:48.867678+00:00,13673685780,GG League - 4x5 Min de juego,False,Dallas Mavericks,SPARKZ,Orlando Magic,UNDERRATED,Dallas Mavericks (SPARKZ),Orlando Magic (UNDERRATED),,,,12/08/2026 23:51:00,97,moneyline_1x2,,Orlando Magic (UNDERRATED),2.15,False
2026-08-12T23:18:48.867678+00:00,13673664495,GG League - 4x5 Min de juego,False,Dallas Mavericks,JACKAL,Denver Nuggets,CURSE,Dallas Mavericks (JACKAL),Denver Nuggets (CURSE),,,,13/08/2026 00:19:00,97,moneyline_1x2,,Dallas Mavericks (JACKAL),1.62,False
2026-08-12T23:18:48.867678+00:00,13673664495,GG League - 4x5 Min de juego,False,Dallas Mavericks,JACKAL,Denver Nuggets,CURSE,Dallas Mavericks (JACKAL),Denver Nuggets (CURSE),,,,13/08/2026 00:19:00,97,moneyline_1x2,,Denver Nuggets (CURSE),2.05,False
2026-08-12T23:18:48.867678+00:00,13673666929,GG League - 4x5 Min de juego,False,New York Knicks,RADIANT,Oklahoma City Thunder,STING,New York Knicks (RADIANT),Oklahoma City Thunder (STING),,,,13/08/2026 00:03:00,97,moneyline_1x2,,New York Knicks (RADIANT),2.35,False
2026-08-12T23:18:48.867678+00:00,13673666929,GG League - 4x5 Min de juego,False,New York Knicks,RADIANT,Oklahoma City Thunder,STING,New York Knicks (RADIANT),Oklahoma City Thunder (STING),,,,13/08/2026 00:03:00,97,moneyline_1x2,,Oklahoma City Thunder (STING),1.5,False
2026-08-12T23:18:48.867678+00:00,13673664611,GG League - 4x5 Min de juego,False,Phoenix Suns,SIGNAL,Memphis Grizzlies,PHARAOH,Phoenix Suns (SIGNAL),Memphis Grizzlies (PHARAOH),,,,13/08/2026 00:39:00,97,moneyline_1x2,,Phoenix Suns (SIGNAL),1.91,False
2026-08-12T23:18:48.867678+00:00,13673664611,GG League - 4x5 Min de juego,False,Phoenix Suns,SIGNAL,Memphis Grizzlies,PHARAOH,Phoenix Suns (SIGNAL),Memphis Grizzlies (PHARAOH),,,,13/08/2026 00:39:00,97,moneyline_1x2,,Memphis Grizzlies (PHARAOH),1.72,False
2026-08-12T23:18:48.867678+00:00,13673667032,GG League - 4x5 Min de juego,False,Denver Nuggets,DAGGER,Dallas Mavericks,JUGGERNAUT,Denver Nuggets (DAGGER),Dallas Mavericks (JUGGERNAUT),,,,13/08/2026 00:31:00,97,moneyline_1x2,,Denver Nuggets (DAGGER),1.5,False
2026-08-12T23:18:48.867678+00:00,13673667032,GG League - 4x5 Min de juego,False,Denver Nuggets,DAGGER,Dallas Mavericks,JUGGERNAUT,Denver Nuggets (DAGGER),Dallas Mavericks (JUGGERNAUT),,,,13/08/2026 00:31:00,97,moneyline_1x2,,Dallas Mavericks (JUGGERNAUT),2.3,False
2026-08-12T23:18:48.867678+00:00,13673685778,GG League - 4x5 Min de juego,False,Los Angeles Lakers,SIGNAL,New York Knicks,PATIENCE,Los Angeles Lakers (SIGNAL),New York Knicks (PATIENCE),,,,12/08/2026 23:35:00,97,moneyline_1x2,,Los Angeles Lakers (SIGNAL),2.35,False
2026-08-12T23:18:48.867678+00:00,13673685778,GG League - 4x5 Min de juego,False,Los Angeles Lakers,SIGNAL,New York Knicks,PATIENCE,Los Angeles Lakers (SIGNAL),New York Knicks (PATIENCE),,,,12/08/2026 23:35:00,97,moneyline_1x2,,New York Knicks (PATIENCE),1.5,False
2026-08-12T23:18:48.867678+00:00,13673664429,GG League - 4x5 Min de juego,False,New York Knicks,PATIENCE,Oklahoma City Thunder,AZURE,New York Knicks (PATIENCE),Oklahoma City Thunder (AZURE),,,,13/08/2026 00:07:00,97,moneyline_1x2,,New York Knicks (PATIENCE),1.3,False
2026-08-12T23:18:48.867678+00:00,13673664429,GG League - 4x5 Min de juego,False,New York Knicks,PATIENCE,Oklahoma City Thunder,AZURE,New York Knicks (PATIENCE),Oklahoma City Thunder (AZURE),,,,13/08/2026 00:07:00,97,moneyline_1x2,,Oklahoma City Thunder (AZURE),2.95,False
2026-08-12T23:18:48.867678+00:00,13673684715,GG League - 4x5 Min de juego,False,Brooklyn Nets,MARINE,Toronto Raptors,SPARKZ,Brooklyn Nets (MARINE),Toronto Raptors (SPARKZ),,,,12/08/2026 23:19:00,97,moneyline_1x2,,Brooklyn Nets (MARINE),2.3,False
2026-08-12T23:18:48.867678+00:00,13673684715,GG League - 4x5 Min de juego,False,Brooklyn Nets,MARINE,Toronto Raptors,SPARKZ,Brooklyn Nets (MARINE),Toronto Raptors (SPARKZ),,,,12/08/2026 23:19:00,97,moneyline_1x2,,Toronto Raptors (SPARKZ),1.5,False
2026-08-12T23:18:48.867678+00:00,13673685429,GG League - 4x5 Min de juego,False,New York Knicks,RADIANT,Los Angeles Lakers,ADMIRAL,New York Knicks (RADIANT),Los Angeles Lakers (ADMIRAL),,,,12/08/2026 23:31:00,97,moneyline_1x2,,New York Knicks (RADIANT),1.43,False
2026-08-12T23:18:48.867678+00:00,13673685429,GG League - 4x5 Min de juego,False,New York Knicks,RADIANT,Los Angeles Lakers,ADMIRAL,New York Knicks (RADIANT),Los Angeles Lakers (ADMIRAL),,,,12/08/2026 23:31:00,97,moneyline_1x2,,Los Angeles Lakers (ADMIRAL),2.5,False
2026-08-12T23:18:48.867678+00:00,13673684716,GG League - 4x5 Min de juego,False,Miami Heat,MYTH,Brooklyn Nets,KARMA,Miami Heat (MYTH),Brooklyn Nets (KARMA),,,,12/08/2026 23:23:00,97,moneyline_1x2,,Miami Heat (MYTH),2.15,False
2026-08-12T23:18:48.867678+00:00,13673684716,GG League - 4x5 Min de juego,False,Miami Heat,MYTH,Brooklyn Nets,KARMA,Miami Heat (MYTH),Brooklyn Nets (KARMA),,,,12/08/2026 23:23:00,97,moneyline_1x2,,Brooklyn Nets (KARMA),1.57,False
2026-08-12T23:18:48.867678+00:00,13673685520,GG League - 4x5 Min de juego,False,Phoenix Suns,NIGHTHAWK,Milwaukee Bucks,GENERAL,Phoenix Suns (NIGHTHAWK),Milwaukee Bucks (GENERAL),,,,12/08/2026 23:59:00,97,moneyline_1x2,,Phoenix Suns (NIGHTHAWK),1.35,False
2026-08-12T23:18:48.867678+00:00,13673685520,GG League - 4x5 Min de juego,False,Phoenix Suns,NIGHTHAWK,Milwaukee Bucks,GENERAL,Phoenix Suns (NIGHTHAWK),Milwaukee Bucks (GENERAL),,,,12/08/2026 23:59:00,97,moneyline_1x2,,Milwaukee Bucks (GENERAL),2.8,False
2026-08-12T23:18:48.867678+00:00,13673685720,GG League - 4x5 Min de juego,False,Orlando Magic,HUNCHO,Charlotte Hornets,CALAMITY,Orlando Magic (HUNCHO),Charlotte Hornets (CALAMITY),,,,12/08/2026 23:47:00,97,moneyline_1x2,,Orlando Magic (HUNCHO),1.62,False
2026-08-12T23:18:48.867678+00:00,13673685720,GG League - 4x5 Min de juego,False,Orlando Magic,HUNCHO,Charlotte Hornets,CALAMITY,Orlando Magic (HUNCHO),Charlotte Hornets (CALAMITY),,,,12/08/2026 23:47:00,97,moneyline_1x2,,Charlotte Hornets (CALAMITY),2.05,False
2026-08-12T23:18:48.867678+00:00,13673685454,GG League - 4x5 Min de juego,False,Brooklyn Nets,KARMA,Toronto Raptors,CYPHER,Brooklyn Nets (KARMA),Toronto Raptors (CYPHER),,,,12/08/2026 23:55:00,97,moneyline_1x2,,Brooklyn Nets (KARMA),1.5,False
2026-08-12T23:18:48.867678+00:00,13673685454,GG League - 4x5 Min de juego,False,Brooklyn Nets,KARMA,Toronto Raptors,CYPHER,Brooklyn Nets (KARMA),Toronto Raptors (CYPHER),,,,12/08/2026 23:55:00,97,moneyline_1x2,,Toronto Raptors (CYPHER),2.3,False
2026-08-12T23:18:48.867678+00:00,13673685718,GG League - 4x5 Min de juego,True,New York Knicks,JACKAL,Boston Celtics,HUNCHO,New York Knicks (JACKAL),Boston Celtics (HUNCHO),1º cuarto,10,9,12/08/2026 23:15:00,97,moneyline_1x2,,New York Knicks (JACKAL),1.57,False
2026-08-12T23:18:48.867678+00:00,13673685718,GG League - 4x5 Min de juego,True,New York Knicks,JACKAL,Boston Celtics,HUNCHO,New York Knicks (JACKAL),Boston Celtics (HUNCHO),1º cuarto,10,9,12/08/2026 23:15:00,97,moneyline_1x2,,Boston Celtics (HUNCHO),2.15,False
2026-08-12T23:21:04.972006+00:00,13673684350,GG League - 4x5 Min de juego,True,Memphis Grizzlies,PHARAOH,Cleveland Cavaliers,AZURE,Memphis Grizzlies (PHARAOH),Cleveland Cavaliers (AZURE),3º Cuarto,39,35,12/08/2026 23:03:00,97,moneyline_1x2,,Memphis Grizzlies (PHARAOH),1.37,False
2026-08-12T23:21:04.972006+00:00,13673684350,GG League - 4x5 Min de juego,True,Memphis Grizzlies,PHARAOH,Cleveland Cavaliers,AZURE,Memphis Grizzlies (PHARAOH),Cleveland Cavaliers (AZURE),3º Cuarto,39,35,12/08/2026 23:03:00,97,moneyline_1x2,,Cleveland Cavaliers (AZURE),2.7,False
2026-08-12T23:21:04.972006+00:00,13673664610,GG League - 4x5 Min de juego,False,Denver Nuggets,ADMIRAL,Charlotte Hornets,STING,Denver Nuggets (ADMIRAL),Charlotte Hornets (STING),,,,13/08/2026 00:35:00,97,moneyline_1x2,,Denver Nuggets (ADMIRAL),2.35,False
2026-08-12T23:21:04.972006+00:00,13673664610,GG League - 4x5 Min de juego,False,Denver Nuggets,ADMIRAL,Charlotte Hornets,STING,Denver Nuggets (ADMIRAL),Charlotte Hornets (STING),,,,13/08/2026 00:35:00,97,moneyline_1x2,,Charlotte Hornets (STING),1.5,False
2026-08-12T23:21:04.972006+00:00,13673685780,GG League - 4x5 Min de juego,False,Dallas Mavericks,SPARKZ,Orlando Magic,UNDERRATED,Dallas Mavericks (SPARKZ),Orlando Magic (UNDERRATED),,,,12/08/2026 23:51:00,97,moneyline_1x2,,Dallas Mavericks (SPARKZ),1.57,False
2026-08-12T23:21:04.972006+00:00,13673685780,GG League - 4x5 Min de juego,False,Dallas Mavericks,SPARKZ,Orlando Magic,UNDERRATED,Dallas Mavericks (SPARKZ),Orlando Magic (UNDERRATED),,,,12/08/2026 23:51:00,97,moneyline_1x2,,Orlando Magic (UNDERRATED),2.15,False
2026-08-12T23:21:04.972006+00:00,13673664495,GG League - 4x5 Min de juego,False,Dallas Mavericks,JACKAL,Denver Nuggets,CURSE,Dallas Mavericks (JACKAL),Denver Nuggets (CURSE),,,,13/08/2026 00:19:00,97,moneyline_1x2,,Dallas Mavericks (JACKAL),1.62,False
2026-08-12T23:21:04.972006+00:00,13673664495,GG League - 4x5 Min de juego,False,Dallas Mavericks,JACKAL,Denver Nuggets,CURSE,Dallas Mavericks (JACKAL),Denver Nuggets (CURSE),,,,13/08/2026 00:19:00,97,moneyline_1x2,,Denver Nuggets (CURSE),2.05,False
2026-08-12T23:21:04.972006+00:00,13673666929,GG League - 4x5 Min de juego,False,New York Knicks,RADIANT,Oklahoma City Thunder,STING,New York Knicks (RADIANT),Oklahoma City Thunder (STING),,,,13/08/2026 00:03:00,97,moneyline_1x2,,New York Knicks (RADIANT),2.35,False
2026-08-12T23:21:04.972006+00:00,13673666929,GG League - 4x5 Min de juego,False,New York Knicks,RADIANT,Oklahoma City Thunder,STING,New York Knicks (RADIANT),Oklahoma City Thunder (STING),,,,13/08/2026 00:03:00,97,moneyline_1x2,,Oklahoma City Thunder (STING),1.5,False
2026-08-12T23:21:04.972006+00:00,13673664611,GG League - 4x5 Min de juego,False,Phoenix Suns,SIGNAL,Memphis Grizzlies,PHARAOH,Phoenix Suns (SIGNAL),Memphis Grizzlies (PHARAOH),,,,13/08/2026 00:39:00,97,moneyline_1x2,,Phoenix Suns (SIGNAL),1.91,False
2026-08-12T23:21:04.972006+00:00,13673664611,GG League - 4x5 Min de juego,False,Phoenix Suns,SIGNAL,Memphis Grizzlies,PHARAOH,Phoenix Suns (SIGNAL),Memphis Grizzlies (PHARAOH),,,,13/08/2026 00:39:00,97,moneyline_1x2,,Memphis Grizzlies (PHARAOH),1.72,False
2026-08-12T23:21:04.972006+00:00,13673667032,GG League - 4x5 Min de juego,False,Denver Nuggets,DAGGER,Dallas Mavericks,JUGGERNAUT,Denver Nuggets (DAGGER),Dallas Mavericks (JUGGERNAUT),,,,13/08/2026 00:31:00,97,moneyline_1x2,,Denver Nuggets (DAGGER),1.5,False
2026-08-12T23:21:04.972006+00:00,13673667032,GG League - 4x5 Min de juego,False,Denver Nuggets,DAGGER,Dallas Mavericks,JUGGERNAUT,Denver Nuggets (DAGGER),Dallas Mavericks (JUGGERNAUT),,,,13/08/2026 00:31:00,97,moneyline_1x2,,Dallas Mavericks (JUGGERNAUT),2.3,False
2026-08-12T23:21:04.972006+00:00,13673685778,GG League - 4x5 Min de juego,False,Los Angeles Lakers,SIGNAL,New York Knicks,PATIENCE,Los Angeles Lakers (SIGNAL),New York Knicks (PATIENCE),,,,12/08/2026 23:35:00,97,moneyline_1x2,,Los Angeles Lakers (SIGNAL),2.35,False
2026-08-12T23:21:04.972006+00:00,13673685778,GG League - 4x5 Min de juego,False,Los Angeles Lakers,SIGNAL,New York Knicks,PATIENCE,Los Angeles Lakers (SIGNAL),New York Knicks (PATIENCE),,,,12/08/2026 23:35:00,97,moneyline_1x2,,New York Knicks (PATIENCE),1.5,False
2026-08-12T23:21:04.972006+00:00,13673664429,GG League - 4x5 Min de juego,False,New York Knicks,PATIENCE,Oklahoma City Thunder,AZURE,New York Knicks (PATIENCE),Oklahoma City Thunder (AZURE),,,,13/08/2026 00:07:00,97,moneyline_1x2,,New York Knicks (PATIENCE),1.3,False
2026-08-12T23:21:04.972006+00:00,13673664429,GG League - 4x5 Min de juego,False,New York Knicks,PATIENCE,Oklahoma City Thunder,AZURE,New York Knicks (PATIENCE),Oklahoma City Thunder (AZURE),,,,13/08/2026 00:07:00,97,moneyline_1x2,,Oklahoma City Thunder (AZURE),2.95,False
2026-08-12T23:21:04.972006+00:00,13673684715,GG League - 4x5 Min de juego,True,Brooklyn Nets,MARINE,Toronto Raptors,SPARKZ,Brooklyn Nets (MARINE),Toronto Raptors (SPARKZ),1º cuarto,3,2,12/08/2026 23:19:00,97,moneyline_1x2,,Brooklyn Nets (MARINE),2.05,False
2026-08-12T23:21:04.972006+00:00,13673684715,GG League - 4x5 Min de juego,True,Brooklyn Nets,MARINE,Toronto Raptors,SPARKZ,Brooklyn Nets (MARINE),Toronto Raptors (SPARKZ),1º cuarto,3,2,12/08/2026 23:19:00,97,moneyline_1x2,,Toronto Raptors (SPARKZ),1.62,False
2026-08-12T23:21:04.972006+00:00,13673685429,GG League - 4x5 Min de juego,False,New York Knicks,RADIANT,Los Angeles Lakers,ADMIRAL,New York Knicks (RADIANT),Los Angeles Lakers (ADMIRAL),,,,12/08/2026 23:31:00,97,moneyline_1x2,,New York Knicks (RADIANT),1.43,False
2026-08-12T23:21:04.972006+00:00,13673685429,GG League - 4x5 Min de juego,False,New York Knicks,RADIANT,Los Angeles Lakers,ADMIRAL,New York Knicks (RADIANT),Los Angeles Lakers (ADMIRAL),,,,12/08/2026 23:31:00,97,moneyline_1x2,,Los Angeles Lakers (ADMIRAL),2.5,False
2026-08-12T23:21:04.972006+00:00,13673684716,GG League - 4x5 Min de juego,False,Miami Heat,MYTH,Brooklyn Nets,KARMA,Miami Heat (MYTH),Brooklyn Nets (KARMA),,,,12/08/2026 23:23:00,97,moneyline_1x2,,Miami Heat (MYTH),2.15,False
2026-08-12T23:21:04.972006+00:00,13673684716,GG League - 4x5 Min de juego,False,Miami Heat,MYTH,Brooklyn Nets,KARMA,Miami Heat (MYTH),Brooklyn Nets (KARMA),,,,12/08/2026 23:23:00,97,moneyline_1x2,,Brooklyn Nets (KARMA),1.57,False
2026-08-12T23:21:04.972006+00:00,13673685520,GG League - 4x5 Min de juego,False,Phoenix Suns,NIGHTHAWK,Milwaukee Bucks,GENERAL,Phoenix Suns (NIGHTHAWK),Milwaukee Bucks (GENERAL),,,,12/08/2026 23:59:00,97,moneyline_1x2,,Phoenix Suns (NIGHTHAWK),1.35,False
2026-08-12T23:21:04.972006+00:00,13673685520,GG League - 4x5 Min de juego,False,Phoenix Suns,NIGHTHAWK,Milwaukee Bucks,GENERAL,Phoenix Suns (NIGHTHAWK),Milwaukee Bucks (GENERAL),,,,12/08/2026 23:59:00,97,moneyline_1x2,,Milwaukee Bucks (GENERAL),2.8,False
2026-08-12T23:21:04.972006+00:00,13673685720,GG League - 4x5 Min de juego,False,Orlando Magic,HUNCHO,Charlotte Hornets,CALAMITY,Orlando Magic (HUNCHO),Charlotte Hornets (CALAMITY),,,,12/08/2026 23:47:00,97,moneyline_1x2,,Orlando Magic (HUNCHO),1.62,False
2026-08-12T23:21:04.972006+00:00,13673685720,GG League - 4x5 Min de juego,False,Orlando Magic,HUNCHO,Charlotte Hornets,CALAMITY,Orlando Magic (HUNCHO),Charlotte Hornets (CALAMITY),,,,12/08/2026 23:47:00,97,moneyline_1x2,,Charlotte Hornets (CALAMITY),2.05,False
2026-08-12T23:21:04.972006+00:00,13673685454,GG League - 4x5 Min de juego,False,Brooklyn Nets,KARMA,Toronto Raptors,CYPHER,Brooklyn Nets (KARMA),Toronto Raptors (CYPHER),,,,12/08/2026 23:55:00,97,moneyline_1x2,,Brooklyn Nets (KARMA),1.5,False
2026-08-12T23:21:04.972006+00:00,13673685454,GG League - 4x5 Min de juego,False,Brooklyn Nets,KARMA,Toronto Raptors,CYPHER,Brooklyn Nets (KARMA),Toronto Raptors (CYPHER),,,,12/08/2026 23:55:00,97,moneyline_1x2,,Toronto Raptors (CYPHER),2.3,False
2026-08-12T23:22:47.256609+00:00,13673684350,GG League - 4x5 Min de juego,True,Memphis Grizzlies,PHARAOH,Cleveland Cavaliers,AZURE,Memphis Grizzlies (PHARAOH),Cleveland Cavaliers (AZURE),4º cuarto,44,38,12/08/2026 23:03:00,97,moneyline_1x2,,Memphis Grizzlies (PHARAOH),1.12,False
2026-08-12T23:22:47.256609+00:00,13673684350,GG League - 4x5 Min de juego,True,Memphis Grizzlies,PHARAOH,Cleveland Cavaliers,AZURE,Memphis Grizzlies (PHARAOH),Cleveland Cavaliers (AZURE),4º cuarto,44,38,12/08/2026 23:03:00,97,moneyline_1x2,,Cleveland Cavaliers (AZURE),4.75,False
2026-08-12T23:22:47.256609+00:00,13673664610,GG League - 4x5 Min de juego,False,Denver Nuggets,ADMIRAL,Charlotte Hornets,STING,Denver Nuggets (ADMIRAL),Charlotte Hornets (STING),,,,13/08/2026 00:35:00,97,moneyline_1x2,,Denver Nuggets (ADMIRAL),2.35,False
2026-08-12T23:22:47.256609+00:00,13673664610,GG League - 4x5 Min de juego,False,Denver Nuggets,ADMIRAL,Charlotte Hornets,STING,Denver Nuggets (ADMIRAL),Charlotte Hornets (STING),,,,13/08/2026 00:35:00,97,moneyline_1x2,,Charlotte Hornets (STING),1.5,False
2026-08-12T23:22:47.256609+00:00,13673685780,GG League - 4x5 Min de juego,False,Dallas Mavericks,SPARKZ,Orlando Magic,UNDERRATED,Dallas Mavericks (SPARKZ),Orlando Magic (UNDERRATED),,,,12/08/2026 23:51:00,97,moneyline_1x2,,Dallas Mavericks (SPARKZ),1.57,False
2026-08-12T23:22:47.256609+00:00,13673685780,GG League - 4x5 Min de juego,False,Dallas Mavericks,SPARKZ,Orlando Magic,UNDERRATED,Dallas Mavericks (SPARKZ),Orlando Magic (UNDERRATED),,,,12/08/2026 23:51:00,97,moneyline_1x2,,Orlando Magic (UNDERRATED),2.15,False
2026-08-12T23:22:47.256609+00:00,13673664495,GG League - 4x5 Min de juego,False,Dallas Mavericks,JACKAL,Denver Nuggets,CURSE,Dallas Mavericks (JACKAL),Denver Nuggets (CURSE),,,,13/08/2026 00:19:00,97,moneyline_1x2,,Dallas Mavericks (JACKAL),1.62,False
2026-08-12T23:22:47.256609+00:00,13673664495,GG League - 4x5 Min de juego,False,Dallas Mavericks,JACKAL,Denver Nuggets,CURSE,Dallas Mavericks (JACKAL),Denver Nuggets (CURSE),,,,13/08/2026 00:19:00,97,moneyline_1x2,,Denver Nuggets (CURSE),2.05,False
2026-08-12T23:22:47.256609+00:00,13673666929,GG League - 4x5 Min de juego,False,New York Knicks,RADIANT,Oklahoma City Thunder,STING,New York Knicks (RADIANT),Oklahoma City Thunder (STING),,,,13/08/2026 00:03:00,97,moneyline_1x2,,New York Knicks (RADIANT),2.35,False
2026-08-12T23:22:47.256609+00:00,13673666929,GG League - 4x5 Min de juego,False,New York Knicks,RADIANT,Oklahoma City Thunder,STING,New York Knicks (RADIANT),Oklahoma City Thunder (STING),,,,13/08/2026 00:03:00,97,moneyline_1x2,,Oklahoma City Thunder (STING),1.5,False
2026-08-12T23:22:47.256609+00:00,13673664611,GG League - 4x5 Min de juego,False,Phoenix Suns,SIGNAL,Memphis Grizzlies,PHARAOH,Phoenix Suns (SIGNAL),Memphis Grizzlies (PHARAOH),,,,13/08/2026 00:39:00,97,moneyline_1x2,,Phoenix Suns (SIGNAL),1.91,False
2026-08-12T23:22:47.256609+00:00,13673664611,GG League - 4x5 Min de juego,False,Phoenix Suns,SIGNAL,Memphis Grizzlies,PHARAOH,Phoenix Suns (SIGNAL),Memphis Grizzlies (PHARAOH),,,,13/08/2026 00:39:00,97,moneyline_1x2,,Memphis Grizzlies (PHARAOH),1.72,False
2026-08-12T23:22:47.256609+00:00,13673667032,GG League - 4x5 Min de juego,False,Denver Nuggets,DAGGER,Dallas Mavericks,JUGGERNAUT,Denver Nuggets (DAGGER),Dallas Mavericks (JUGGERNAUT),,,,13/08/2026 00:31:00,97,moneyline_1x2,,Denver Nuggets (DAGGER),1.5,False
2026-08-12T23:22:47.256609+00:00,13673667032,GG League - 4x5 Min de juego,False,Denver Nuggets,DAGGER,Dallas Mavericks,JUGGERNAUT,Denver Nuggets (DAGGER),Dallas Mavericks (JUGGERNAUT),,,,13/08/2026 00:31:00,97,moneyline_1x2,,Dallas Mavericks (JUGGERNAUT),2.3,False
2026-08-12T23:22:47.256609+00:00,13673685778,GG League - 4x5 Min de juego,False,Los Angeles Lakers,SIGNAL,New York Knicks,PATIENCE,Los Angeles Lakers (SIGNAL),New York Knicks (PATIENCE),,,,12/08/2026 23:35:00,97,moneyline_1x2,,Los Angeles Lakers (SIGNAL),2.35,False
2026-08-12T23:22:47.256609+00:00,13673685778,GG League - 4x5 Min de juego,False,Los Angeles Lakers,SIGNAL,New York Knicks,PATIENCE,Los Angeles Lakers (SIGNAL),New York Knicks (PATIENCE),,,,12/08/2026 23:35:00,97,moneyline_1x2,,New York Knicks (PATIENCE),1.5,False
2026-08-12T23:22:47.256609+00:00,13673664429,GG League - 4x5 Min de juego,False,New York Knicks,PATIENCE,Oklahoma City Thunder,AZURE,New York Knicks (PATIENCE),Oklahoma City Thunder (AZURE),,,,13/08/2026 00:07:00,97,moneyline_1x2,,New York Knicks (PATIENCE),1.3,False
2026-08-12T23:22:47.256609+00:00,13673664429,GG League - 4x5 Min de juego,False,New York Knicks,PATIENCE,Oklahoma City Thunder,AZURE,New York Knicks (PATIENCE),Oklahoma City Thunder (AZURE),,,,13/08/2026 00:07:00,97,moneyline_1x2,,Oklahoma City Thunder (AZURE),2.95,False
2026-08-12T23:22:47.256609+00:00,13673684715,GG League - 4x5 Min de juego,True,Brooklyn Nets,MARINE,Toronto Raptors,SPARKZ,Brooklyn Nets (MARINE),Toronto Raptors (SPARKZ),1º cuarto,7,6,12/08/2026 23:19:00,97,moneyline_1x2,,Brooklyn Nets (MARINE),2.0,False
2026-08-12T23:22:47.256609+00:00,13673684715,GG League - 4x5 Min de juego,True,Brooklyn Nets,MARINE,Toronto Raptors,SPARKZ,Brooklyn Nets (MARINE),Toronto Raptors (SPARKZ),1º cuarto,7,6,12/08/2026 23:19:00,97,moneyline_1x2,,Toronto Raptors (SPARKZ),1.67,False
2026-08-12T23:22:47.256609+00:00,13673685429,GG League - 4x5 Min de juego,False,New York Knicks,RADIANT,Los Angeles Lakers,ADMIRAL,New York Knicks (RADIANT),Los Angeles Lakers (ADMIRAL),,,,12/08/2026 23:31:00,97,moneyline_1x2,,New York Knicks (RADIANT),1.43,False
2026-08-12T23:22:47.256609+00:00,13673685429,GG League - 4x5 Min de juego,False,New York Knicks,RADIANT,Los Angeles Lakers,ADMIRAL,New York Knicks (RADIANT),Los Angeles Lakers (ADMIRAL),,,,12/08/2026 23:31:00,97,moneyline_1x2,,Los Angeles Lakers (ADMIRAL),2.5,False
2026-08-12T23:22:47.256609+00:00,13673684716,GG League - 4x5 Min de juego,False,Miami Heat,MYTH,Brooklyn Nets,KARMA,Miami Heat (MYTH),Brooklyn Nets (KARMA),,,,12/08/2026 23:23:00,97,moneyline_1x2,,Miami Heat (MYTH),2.15,False
2026-08-12T23:22:47.256609+00:00,13673684716,GG League - 4x5 Min de juego,False,Miami Heat,MYTH,Brooklyn Nets,KARMA,Miami Heat (MYTH),Brooklyn Nets (KARMA),,,,12/08/2026 23:23:00,97,moneyline_1x2,,Brooklyn Nets (KARMA),1.57,False
2026-08-12T23:22:47.256609+00:00,13673685520,GG League - 4x5 Min de juego,False,Phoenix Suns,NIGHTHAWK,Milwaukee Bucks,GENERAL,Phoenix Suns (NIGHTHAWK),Milwaukee Bucks (GENERAL),,,,12/08/2026 23:59:00,97,moneyline_1x2,,Phoenix Suns (NIGHTHAWK),1.35,False
2026-08-12T23:22:47.256609+00:00,13673685520,GG League - 4x5 Min de juego,False,Phoenix Suns,NIGHTHAWK,Milwaukee Bucks,GENERAL,Phoenix Suns (NIGHTHAWK),Milwaukee Bucks (GENERAL),,,,12/08/2026 23:59:00,97,moneyline_1x2,,Milwaukee Bucks (GENERAL),2.8,False
2026-08-12T23:22:47.256609+00:00,13673685720,GG League - 4x5 Min de juego,False,Orlando Magic,HUNCHO,Charlotte Hornets,CALAMITY,Orlando Magic (HUNCHO),Charlotte Hornets (CALAMITY),,,,12/08/2026 23:47:00,97,moneyline_1x2,,Orlando Magic (HUNCHO),1.62,False
2026-08-12T23:22:47.256609+00:00,13673685720,GG League - 4x5 Min de juego,False,Orlando Magic,HUNCHO,Charlotte Hornets,CALAMITY,Orlando Magic (HUNCHO),Charlotte Hornets (CALAMITY),,,,12/08/2026 23:47:00,97,moneyline_1x2,,Charlotte Hornets (CALAMITY),2.05,False
2026-08-12T23:22:47.256609+00:00,13673685454,GG League - 4x5 Min de juego,False,Brooklyn Nets,KARMA,Toronto Raptors,CYPHER,Brooklyn Nets (KARMA),Toronto Raptors (CYPHER),,,,12/08/2026 23:55:00,97,moneyline_1x2,,Brooklyn Nets (KARMA),1.5,False
2026-08-12T23:22:47.256609+00:00,13673685454,GG League - 4x5 Min de juego,False,Brooklyn Nets,KARMA,Toronto Raptors,CYPHER,Brooklyn Nets (KARMA),Toronto Raptors (CYPHER),,,,12/08/2026 23:55:00,97,moneyline_1x2,,Toronto Raptors (CYPHER),2.3,False
2026-08-12T23:22:47.256609+00:00,13673685718,GG League - 4x5 Min de juego,True,New York Knicks,JACKAL,Boston Celtics,HUNCHO,New York Knicks (JACKAL),Boston Celtics (HUNCHO),2º cuarto,17,18,12/08/2026 23:15:00,97,moneyline_1x2,,New York Knicks (JACKAL),1.8,False
2026-08-12T23:22:47.256609+00:00,13673685718,GG League - 4x5 Min de juego,True,New York Knicks,JACKAL,Boston Celtics,HUNCHO,New York Knicks (JACKAL),Boston Celtics (HUNCHO),2º cuarto,17,18,12/08/2026 23:15:00,97,moneyline_1x2,,Boston Celtics (HUNCHO),1.85,False
2026-08-12T23:24:48.991693+00:00,13673664610,GG League - 4x5 Min de juego,False,Denver Nuggets,ADMIRAL,Charlotte Hornets,STING,Denver Nuggets (ADMIRAL),Charlotte Hornets (STING),,,,13/08/2026 00:35:00,97,moneyline_1x2,,Denver Nuggets (ADMIRAL),2.35,False
2026-08-12T23:24:48.991693+00:00,13673664610,GG League - 4x5 Min de juego,False,Denver Nuggets,ADMIRAL,Charlotte Hornets,STING,Denver Nuggets (ADMIRAL),Charlotte Hornets (STING),,,,13/08/2026 00:35:00,97,moneyline_1x2,,Charlotte Hornets (STING),1.5,False
2026-08-12T23:24:48.991693+00:00,13673685780,GG League - 4x5 Min de juego,False,Dallas Mavericks,SPARKZ,Orlando Magic,UNDERRATED,Dallas Mavericks (SPARKZ),Orlando Magic (UNDERRATED),,,,12/08/2026 23:51:00,97,moneyline_1x2,,Dallas Mavericks (SPARKZ),1.57,False
2026-08-12T23:24:48.991693+00:00,13673685780,GG League - 4x5 Min de juego,False,Dallas Mavericks,SPARKZ,Orlando Magic,UNDERRATED,Dallas Mavericks (SPARKZ),Orlando Magic (UNDERRATED),,,,12/08/2026 23:51:00,97,moneyline_1x2,,Orlando Magic (UNDERRATED),2.15,False
2026-08-12T23:24:48.991693+00:00,13673664495,GG League - 4x5 Min de juego,False,Dallas Mavericks,JACKAL,Denver Nuggets,CURSE,Dallas Mavericks (JACKAL),Denver Nuggets (CURSE),,,,13/08/2026 00:19:00,97,moneyline_1x2,,Dallas Mavericks (JACKAL),1.62,False
2026-08-12T23:24:48.991693+00:00,13673664495,GG League - 4x5 Min de juego,False,Dallas Mavericks,JACKAL,Denver Nuggets,CURSE,Dallas Mavericks (JACKAL),Denver Nuggets (CURSE),,,,13/08/2026 00:19:00,97,moneyline_1x2,,Denver Nuggets (CURSE),2.05,False
2026-08-12T23:24:48.991693+00:00,13673666929,GG League - 4x5 Min de juego,False,New York Knicks,RADIANT,Oklahoma City Thunder,STING,New York Knicks (RADIANT),Oklahoma City Thunder (STING),,,,13/08/2026 00:03:00,97,moneyline_1x2,,New York Knicks (RADIANT),2.35,False
2026-08-12T23:24:48.991693+00:00,13673666929,GG League - 4x5 Min de juego,False,New York Knicks,RADIANT,Oklahoma City Thunder,STING,New York Knicks (RADIANT),Oklahoma City Thunder (STING),,,,13/08/2026 00:03:00,97,moneyline_1x2,,Oklahoma City Thunder (STING),1.5,False
2026-08-12T23:24:48.991693+00:00,13673664611,GG League - 4x5 Min de juego,False,Phoenix Suns,SIGNAL,Memphis Grizzlies,PHARAOH,Phoenix Suns (SIGNAL),Memphis Grizzlies (PHARAOH),,,,13/08/2026 00:39:00,97,moneyline_1x2,,Phoenix Suns (SIGNAL),1.91,False
2026-08-12T23:24:48.991693+00:00,13673664611,GG League - 4x5 Min de juego,False,Phoenix Suns,SIGNAL,Memphis Grizzlies,PHARAOH,Phoenix Suns (SIGNAL),Memphis Grizzlies (PHARAOH),,,,13/08/2026 00:39:00,97,moneyline_1x2,,Memphis Grizzlies (PHARAOH),1.72,False
2026-08-12T23:24:48.991693+00:00,13673667032,GG League - 4x5 Min de juego,False,Denver Nuggets,DAGGER,Dallas Mavericks,JUGGERNAUT,Denver Nuggets (DAGGER),Dallas Mavericks (JUGGERNAUT),,,,13/08/2026 00:31:00,97,moneyline_1x2,,Denver Nuggets (DAGGER),1.5,False
2026-08-12T23:24:48.991693+00:00,13673667032,GG League - 4x5 Min de juego,False,Denver Nuggets,DAGGER,Dallas Mavericks,JUGGERNAUT,Denver Nuggets (DAGGER),Dallas Mavericks (JUGGERNAUT),,,,13/08/2026 00:31:00,97,moneyline_1x2,,Dallas Mavericks (JUGGERNAUT),2.3,False
2026-08-12T23:24:48.991693+00:00,13673685778,GG League - 4x5 Min de juego,False,Los Angeles Lakers,SIGNAL,New York Knicks,PATIENCE,Los Angeles Lakers (SIGNAL),New York Knicks (PATIENCE),,,,12/08/2026 23:35:00,97,moneyline_1x2,,Los Angeles Lakers (SIGNAL),2.35,False
2026-08-12T23:24:48.991693+00:00,13673685778,GG League - 4x5 Min de juego,False,Los Angeles Lakers,SIGNAL,New York Knicks,PATIENCE,Los Angeles Lakers (SIGNAL),New York Knicks (PATIENCE),,,,12/08/2026 23:35:00,97,moneyline_1x2,,New York Knicks (PATIENCE),1.5,False
2026-08-12T23:24:48.991693+00:00,13673664429,GG League - 4x5 Min de juego,False,New York Knicks,PATIENCE,Oklahoma City Thunder,AZURE,New York Knicks (PATIENCE),Oklahoma City Thunder (AZURE),,,,13/08/2026 00:07:00,97,moneyline_1x2,,New York Knicks (PATIENCE),1.3,False
2026-08-12T23:24:48.991693+00:00,13673664429,GG League - 4x5 Min de juego,False,New York Knicks,PATIENCE,Oklahoma City Thunder,AZURE,New York Knicks (PATIENCE),Oklahoma City Thunder (AZURE),,,,13/08/2026 00:07:00,97,moneyline_1x2,,Oklahoma City Thunder (AZURE),2.95,False
2026-08-12T23:24:48.991693+00:00,13673685429,GG League - 4x5 Min de juego,False,New York Knicks,RADIANT,Los Angeles Lakers,ADMIRAL,New York Knicks (RADIANT),Los Angeles Lakers (ADMIRAL),,,,12/08/2026 23:31:00,97,moneyline_1x2,,New York Knicks (RADIANT),1.43,False
2026-08-12T23:24:48.991693+00:00,13673685429,GG League - 4x5 Min de juego,False,New York Knicks,RADIANT,Los Angeles Lakers,ADMIRAL,New York Knicks (RADIANT),Los Angeles Lakers (ADMIRAL),,,,12/08/2026 23:31:00,97,moneyline_1x2,,Los Angeles Lakers (ADMIRAL),2.5,False
2026-08-12T23:24:48.991693+00:00,13673684716,GG League - 4x5 Min de juego,True,Miami Heat,MYTH,Brooklyn Nets,KARMA,Miami Heat (MYTH),Brooklyn Nets (KARMA),1º cuarto,2,5,12/08/2026 23:23:00,97,moneyline_1x2,,Miami Heat (MYTH),2.7,False
2026-08-12T23:24:48.991693+00:00,13673684716,GG League - 4x5 Min de juego,True,Miami Heat,MYTH,Brooklyn Nets,KARMA,Miami Heat (MYTH),Brooklyn Nets (KARMA),1º cuarto,2,5,12/08/2026 23:23:00,97,moneyline_1x2,,Brooklyn Nets (KARMA),1.37,False
2026-08-12T23:24:48.991693+00:00,13673685520,GG League - 4x5 Min de juego,False,Phoenix Suns,NIGHTHAWK,Milwaukee Bucks,GENERAL,Phoenix Suns (NIGHTHAWK),Milwaukee Bucks (GENERAL),,,,12/08/2026 23:59:00,97,moneyline_1x2,,Phoenix Suns (NIGHTHAWK),1.35,False
2026-08-12T23:24:48.991693+00:00,13673685520,GG League - 4x5 Min de juego,False,Phoenix Suns,NIGHTHAWK,Milwaukee Bucks,GENERAL,Phoenix Suns (NIGHTHAWK),Milwaukee Bucks (GENERAL),,,,12/08/2026 23:59:00,97,moneyline_1x2,,Milwaukee Bucks (GENERAL),2.8,False
2026-08-12T23:24:48.991693+00:00,13673685720,GG League - 4x5 Min de juego,False,Orlando Magic,HUNCHO,Charlotte Hornets,CALAMITY,Orlando Magic (HUNCHO),Charlotte Hornets (CALAMITY),,,,12/08/2026 23:47:00,97,moneyline_1x2,,Orlando Magic (HUNCHO),1.62,False
2026-08-12T23:24:48.991693+00:00,13673685720,GG League - 4x5 Min de juego,False,Orlando Magic,HUNCHO,Charlotte Hornets,CALAMITY,Orlando Magic (HUNCHO),Charlotte Hornets (CALAMITY),,,,12/08/2026 23:47:00,97,moneyline_1x2,,Charlotte Hornets (CALAMITY),2.05,False
2026-08-12T23:24:48.991693+00:00,13673685454,GG League - 4x5 Min de juego,False,Brooklyn Nets,KARMA,Toronto Raptors,CYPHER,Brooklyn Nets (KARMA),Toronto Raptors (CYPHER),,,,12/08/2026 23:55:00,97,moneyline_1x2,,Brooklyn Nets (KARMA),1.5,False
2026-08-12T23:24:48.991693+00:00,13673685454,GG League - 4x5 Min de juego,False,Brooklyn Nets,KARMA,Toronto Raptors,CYPHER,Brooklyn Nets (KARMA),Toronto Raptors (CYPHER),,,,12/08/2026 23:55:00,97,moneyline_1x2,,Toronto Raptors (CYPHER),2.3,False
2026-08-12T23:24:48.991693+00:00,13673685718,GG League - 4x5 Min de juego,True,New York Knicks,JACKAL,Boston Celtics,HUNCHO,New York Knicks (JACKAL),Boston Celtics (HUNCHO),2º cuarto,26,20,12/08/2026 23:15:00,97,moneyline_1x2,,New York Knicks (JACKAL),1.19,False
2026-08-12T23:24:48.991693+00:00,13673685718,GG League - 4x5 Min de juego,True,New York Knicks,JACKAL,Boston Celtics,HUNCHO,New York Knicks (JACKAL),Boston Celtics (HUNCHO),2º cuarto,26,20,12/08/2026 23:15:00,97,moneyline_1x2,,Boston Celtics (HUNCHO),3.9,False
2026-08-12T23:26:52.748008+00:00,13673664610,GG League - 4x5 Min de juego,False,Denver Nuggets,ADMIRAL,Charlotte Hornets,STING,Denver Nuggets (ADMIRAL),Charlotte Hornets (STING),,,,13/08/2026 00:35:00,97,moneyline_1x2,,Denver Nuggets (ADMIRAL),2.35,False
2026-08-12T23:26:52.748008+00:00,13673664610,GG League - 4x5 Min de juego,False,Denver Nuggets,ADMIRAL,Charlotte Hornets,STING,Denver Nuggets (ADMIRAL),Charlotte Hornets (STING),,,,13/08/2026 00:35:00,97,moneyline_1x2,,Charlotte Hornets (STING),1.5,False
2026-08-12T23:26:52.748008+00:00,13673685780,GG League - 4x5 Min de juego,False,Dallas Mavericks,SPARKZ,Orlando Magic,UNDERRATED,Dallas Mavericks (SPARKZ),Orlando Magic (UNDERRATED),,,,12/08/2026 23:51:00,97,moneyline_1x2,,Dallas Mavericks (SPARKZ),1.57,False
2026-08-12T23:26:52.748008+00:00,13673685780,GG League - 4x5 Min de juego,False,Dallas Mavericks,SPARKZ,Orlando Magic,UNDERRATED,Dallas Mavericks (SPARKZ),Orlando Magic (UNDERRATED),,,,12/08/2026 23:51:00,97,moneyline_1x2,,Orlando Magic (UNDERRATED),2.15,False
2026-08-12T23:26:52.748008+00:00,13673664495,GG League - 4x5 Min de juego,False,Dallas Mavericks,JACKAL,Denver Nuggets,CURSE,Dallas Mavericks (JACKAL),Denver Nuggets (CURSE),,,,13/08/2026 00:19:00,97,moneyline_1x2,,Dallas Mavericks (JACKAL),1.62,False
2026-08-12T23:26:52.748008+00:00,13673664495,GG League - 4x5 Min de juego,False,Dallas Mavericks,JACKAL,Denver Nuggets,CURSE,Dallas Mavericks (JACKAL),Denver Nuggets (CURSE),,,,13/08/2026 00:19:00,97,moneyline_1x2,,Denver Nuggets (CURSE),2.05,False
2026-08-12T23:26:52.748008+00:00,13673666929,GG League - 4x5 Min de juego,False,New York Knicks,RADIANT,Oklahoma City Thunder,STING,New York Knicks (RADIANT),Oklahoma City Thunder (STING),,,,13/08/2026 00:03:00,97,moneyline_1x2,,New York Knicks (RADIANT),2.35,False
2026-08-12T23:26:52.748008+00:00,13673666929,GG League - 4x5 Min de juego,False,New York Knicks,RADIANT,Oklahoma City Thunder,STING,New York Knicks (RADIANT),Oklahoma City Thunder (STING),,,,13/08/2026 00:03:00,97,moneyline_1x2,,Oklahoma City Thunder (STING),1.5,False
2026-08-12T23:26:52.748008+00:00,13673664611,GG League - 4x5 Min de juego,False,Phoenix Suns,SIGNAL,Memphis Grizzlies,PHARAOH,Phoenix Suns (SIGNAL),Memphis Grizzlies (PHARAOH),,,,13/08/2026 00:39:00,97,moneyline_1x2,,Phoenix Suns (SIGNAL),1.91,False
2026-08-12T23:26:52.748008+00:00,13673664611,GG League - 4x5 Min de juego,False,Phoenix Suns,SIGNAL,Memphis Grizzlies,PHARAOH,Phoenix Suns (SIGNAL),Memphis Grizzlies (PHARAOH),,,,13/08/2026 00:39:00,97,moneyline_1x2,,Memphis Grizzlies (PHARAOH),1.72,False
2026-08-12T23:26:52.748008+00:00,13673667032,GG League - 4x5 Min de juego,False,Denver Nuggets,DAGGER,Dallas Mavericks,JUGGERNAUT,Denver Nuggets (DAGGER),Dallas Mavericks (JUGGERNAUT),,,,13/08/2026 00:31:00,97,moneyline_1x2,,Denver Nuggets (DAGGER),1.5,False
2026-08-12T23:26:52.748008+00:00,13673667032,GG League - 4x5 Min de juego,False,Denver Nuggets,DAGGER,Dallas Mavericks,JUGGERNAUT,Denver Nuggets (DAGGER),Dallas Mavericks (JUGGERNAUT),,,,13/08/2026 00:31:00,97,moneyline_1x2,,Dallas Mavericks (JUGGERNAUT),2.3,False
2026-08-12T23:26:52.748008+00:00,13673685778,GG League - 4x5 Min de juego,False,Los Angeles Lakers,SIGNAL,New York Knicks,PATIENCE,Los Angeles Lakers (SIGNAL),New York Knicks (PATIENCE),,,,12/08/2026 23:35:00,97,moneyline_1x2,,Los Angeles Lakers (SIGNAL),2.35,False
2026-08-12T23:26:52.748008+00:00,13673685778,GG League - 4x5 Min de juego,False,Los Angeles Lakers,SIGNAL,New York Knicks,PATIENCE,Los Angeles Lakers (SIGNAL),New York Knicks (PATIENCE),,,,12/08/2026 23:35:00,97,moneyline_1x2,,New York Knicks (PATIENCE),1.5,False
2026-08-12T23:26:52.748008+00:00,13673664429,GG League - 4x5 Min de juego,False,New York Knicks,PATIENCE,Oklahoma City Thunder,AZURE,New York Knicks (PATIENCE),Oklahoma City Thunder (AZURE),,,,13/08/2026 00:07:00,97,moneyline_1x2,,New York Knicks (PATIENCE),1.3,False
2026-08-12T23:26:52.748008+00:00,13673664429,GG League - 4x5 Min de juego,False,New York Knicks,PATIENCE,Oklahoma City Thunder,AZURE,New York Knicks (PATIENCE),Oklahoma City Thunder (AZURE),,,,13/08/2026 00:07:00,97,moneyline_1x2,,Oklahoma City Thunder (AZURE),2.95,False
2026-08-12T23:26:52.748008+00:00,13673684715,GG League - 4x5 Min de juego,True,Brooklyn Nets,MARINE,Toronto Raptors,SPARKZ,Brooklyn Nets (MARINE),Toronto Raptors (SPARKZ),2º cuarto,18,17,12/08/2026 23:19:00,97,moneyline_1x2,,Brooklyn Nets (MARINE),2.0,False
2026-08-12T23:26:52.748008+00:00,13673684715,GG League - 4x5 Min de juego,True,Brooklyn Nets,MARINE,Toronto Raptors,SPARKZ,Brooklyn Nets (MARINE),Toronto Raptors (SPARKZ),2º cuarto,18,17,12/08/2026 23:19:00,97,moneyline_1x2,,Toronto Raptors (SPARKZ),1.67,False
2026-08-12T23:26:52.748008+00:00,13673685429,GG League - 4x5 Min de juego,False,New York Knicks,RADIANT,Los Angeles Lakers,ADMIRAL,New York Knicks (RADIANT),Los Angeles Lakers (ADMIRAL),,,,12/08/2026 23:31:00,97,moneyline_1x2,,New York Knicks (RADIANT),1.43,False
2026-08-12T23:26:52.748008+00:00,13673685429,GG League - 4x5 Min de juego,False,New York Knicks,RADIANT,Los Angeles Lakers,ADMIRAL,New York Knicks (RADIANT),Los Angeles Lakers (ADMIRAL),,,,12/08/2026 23:31:00,97,moneyline_1x2,,Los Angeles Lakers (ADMIRAL),2.5,False
2026-08-12T23:26:52.748008+00:00,13673684716,GG League - 4x5 Min de juego,True,Miami Heat,MYTH,Brooklyn Nets,KARMA,Miami Heat (MYTH),Brooklyn Nets (KARMA),1º cuarto,7,13,12/08/2026 23:23:00,97,moneyline_1x2,,Miami Heat (MYTH),3.15,False
2026-08-12T23:26:52.748008+00:00,13673684716,GG League - 4x5 Min de juego,True,Miami Heat,MYTH,Brooklyn Nets,KARMA,Miami Heat (MYTH),Brooklyn Nets (KARMA),1º cuarto,7,13,12/08/2026 23:23:00,97,moneyline_1x2,,Brooklyn Nets (KARMA),1.28,False
2026-08-12T23:26:52.748008+00:00,13673685520,GG League - 4x5 Min de juego,False,Phoenix Suns,NIGHTHAWK,Milwaukee Bucks,GENERAL,Phoenix Suns (NIGHTHAWK),Milwaukee Bucks (GENERAL),,,,12/08/2026 23:59:00,97,moneyline_1x2,,Phoenix Suns (NIGHTHAWK),1.35,False
2026-08-12T23:26:52.748008+00:00,13673685520,GG League - 4x5 Min de juego,False,Phoenix Suns,NIGHTHAWK,Milwaukee Bucks,GENERAL,Phoenix Suns (NIGHTHAWK),Milwaukee Bucks (GENERAL),,,,12/08/2026 23:59:00,97,moneyline_1x2,,Milwaukee Bucks (GENERAL),2.8,False
2026-08-12T23:26:52.748008+00:00,13673685720,GG League - 4x5 Min de juego,False,Orlando Magic,HUNCHO,Charlotte Hornets,CALAMITY,Orlando Magic (HUNCHO),Charlotte Hornets (CALAMITY),,,,12/08/2026 23:47:00,97,moneyline_1x2,,Orlando Magic (HUNCHO),1.62,False
2026-08-12T23:26:52.748008+00:00,13673685720,GG League - 4x5 Min de juego,False,Orlando Magic,HUNCHO,Charlotte Hornets,CALAMITY,Orlando Magic (HUNCHO),Charlotte Hornets (CALAMITY),,,,12/08/2026 23:47:00,97,moneyline_1x2,,Charlotte Hornets (CALAMITY),2.05,False
2026-08-12T23:26:52.748008+00:00,13673685454,GG League - 4x5 Min de juego,False,Brooklyn Nets,KARMA,Toronto Raptors,CYPHER,Brooklyn Nets (KARMA),Toronto Raptors (CYPHER),,,,12/08/2026 23:55:00,97,moneyline_1x2,,Brooklyn Nets (KARMA),1.5,False
2026-08-12T23:26:52.748008+00:00,13673685454,GG League - 4x5 Min de juego,False,Brooklyn Nets,KARMA,Toronto Raptors,CYPHER,Brooklyn Nets (KARMA),Toronto Raptors (CYPHER),,,,12/08/2026 23:55:00,97,moneyline_1x2,,Toronto Raptors (CYPHER),2.3,False
2026-08-12T23:26:52.748008+00:00,13673685718,GG League - 4x5 Min de juego,True,New York Knicks,JACKAL,Boston Celtics,HUNCHO,New York Knicks (JACKAL),Boston Celtics (HUNCHO),2º cuarto,28,22,12/08/2026 23:15:00,97,moneyline_1x2,,New York Knicks (JACKAL),1.17,False
2026-08-12T23:26:52.748008+00:00,13673685718,GG League - 4x5 Min de juego,True,New York Knicks,JACKAL,Boston Celtics,HUNCHO,New York Knicks (JACKAL),Boston Celtics (HUNCHO),2º cuarto,28,22,12/08/2026 23:15:00,97,moneyline_1x2,,Boston Celtics (HUNCHO),4.1,False
2026-08-12T23:28:55.263406+00:00,13673664610,GG League - 4x5 Min de juego,False,Denver Nuggets,ADMIRAL,Charlotte Hornets,STING,Denver Nuggets (ADMIRAL),Charlotte Hornets (STING),,,,13/08/2026 00:35:00,97,moneyline_1x2,,Denver Nuggets (ADMIRAL),2.35,False
2026-08-12T23:28:55.263406+00:00,13673664610,GG League - 4x5 Min de juego,False,Denver Nuggets,ADMIRAL,Charlotte Hornets,STING,Denver Nuggets (ADMIRAL),Charlotte Hornets (STING),,,,13/08/2026 00:35:00,97,moneyline_1x2,,Charlotte Hornets (STING),1.5,False
2026-08-12T23:28:55.263406+00:00,13673685780,GG League - 4x5 Min de juego,False,Dallas Mavericks,SPARKZ,Orlando Magic,UNDERRATED,Dallas Mavericks (SPARKZ),Orlando Magic (UNDERRATED),,,,12/08/2026 23:51:00,97,moneyline_1x2,,Dallas Mavericks (SPARKZ),1.57,False
2026-08-12T23:28:55.263406+00:00,13673685780,GG League - 4x5 Min de juego,False,Dallas Mavericks,SPARKZ,Orlando Magic,UNDERRATED,Dallas Mavericks (SPARKZ),Orlando Magic (UNDERRATED),,,,12/08/2026 23:51:00,97,moneyline_1x2,,Orlando Magic (UNDERRATED),2.15,False
2026-08-12T23:28:55.263406+00:00,13673664495,GG League - 4x5 Min de juego,False,Dallas Mavericks,JACKAL,Denver Nuggets,CURSE,Dallas Mavericks (JACKAL),Denver Nuggets (CURSE),,,,13/08/2026 00:19:00,97,moneyline_1x2,,Dallas Mavericks (JACKAL),1.62,False
2026-08-12T23:28:55.263406+00:00,13673664495,GG League - 4x5 Min de juego,False,Dallas Mavericks,JACKAL,Denver Nuggets,CURSE,Dallas Mavericks (JACKAL),Denver Nuggets (CURSE),,,,13/08/2026 00:19:00,97,moneyline_1x2,,Denver Nuggets (CURSE),2.05,False
2026-08-12T23:28:55.263406+00:00,13673666929,GG League - 4x5 Min de juego,False,New York Knicks,RADIANT,Oklahoma City Thunder,STING,New York Knicks (RADIANT),Oklahoma City Thunder (STING),,,,13/08/2026 00:03:00,97,moneyline_1x2,,New York Knicks (RADIANT),2.35,False
2026-08-12T23:28:55.263406+00:00,13673666929,GG League - 4x5 Min de juego,False,New York Knicks,RADIANT,Oklahoma City Thunder,STING,New York Knicks (RADIANT),Oklahoma City Thunder (STING),,,,13/08/2026 00:03:00,97,moneyline_1x2,,Oklahoma City Thunder (STING),1.5,False
2026-08-12T23:28:55.263406+00:00,13673664611,GG League - 4x5 Min de juego,False,Phoenix Suns,SIGNAL,Memphis Grizzlies,PHARAOH,Phoenix Suns (SIGNAL),Memphis Grizzlies (PHARAOH),,,,13/08/2026 00:39:00,97,moneyline_1x2,,Phoenix Suns (SIGNAL),1.91,False
2026-08-12T23:28:55.263406+00:00,13673664611,GG League - 4x5 Min de juego,False,Phoenix Suns,SIGNAL,Memphis Grizzlies,PHARAOH,Phoenix Suns (SIGNAL),Memphis Grizzlies (PHARAOH),,,,13/08/2026 00:39:00,97,moneyline_1x2,,Memphis Grizzlies (PHARAOH),1.72,False
2026-08-12T23:28:55.263406+00:00,13673667032,GG League - 4x5 Min de juego,False,Denver Nuggets,DAGGER,Dallas Mavericks,JUGGERNAUT,Denver Nuggets (DAGGER),Dallas Mavericks (JUGGERNAUT),,,,13/08/2026 00:31:00,97,moneyline_1x2,,Denver Nuggets (DAGGER),1.5,False
2026-08-12T23:28:55.263406+00:00,13673667032,GG League - 4x5 Min de juego,False,Denver Nuggets,DAGGER,Dallas Mavericks,JUGGERNAUT,Denver Nuggets (DAGGER),Dallas Mavericks (JUGGERNAUT),,,,13/08/2026 00:31:00,97,moneyline_1x2,,Dallas Mavericks (JUGGERNAUT),2.3,False
2026-08-12T23:28:55.263406+00:00,13673685778,GG League - 4x5 Min de juego,False,Los Angeles Lakers,SIGNAL,New York Knicks,PATIENCE,Los Angeles Lakers (SIGNAL),New York Knicks (PATIENCE),,,,12/08/2026 23:35:00,97,moneyline_1x2,,Los Angeles Lakers (SIGNAL),2.35,False
2026-08-12T23:28:55.263406+00:00,13673685778,GG League - 4x5 Min de juego,False,Los Angeles Lakers,SIGNAL,New York Knicks,PATIENCE,Los Angeles Lakers (SIGNAL),New York Knicks (PATIENCE),,,,12/08/2026 23:35:00,97,moneyline_1x2,,New York Knicks (PATIENCE),1.5,False
2026-08-12T23:28:55.263406+00:00,13673664429,GG League - 4x5 Min de juego,False,New York Knicks,PATIENCE,Oklahoma City Thunder,AZURE,New York Knicks (PATIENCE),Oklahoma City Thunder (AZURE),,,,13/08/2026 00:07:00,97,moneyline_1x2,,New York Knicks (PATIENCE),1.3,False
2026-08-12T23:28:55.263406+00:00,13673664429,GG League - 4x5 Min de juego,False,New York Knicks,PATIENCE,Oklahoma City Thunder,AZURE,New York Knicks (PATIENCE),Oklahoma City Thunder (AZURE),,,,13/08/2026 00:07:00,97,moneyline_1x2,,Oklahoma City Thunder (AZURE),2.95,False
2026-08-12T23:28:55.263406+00:00,13673684715,GG League - 4x5 Min de juego,True,Brooklyn Nets,MARINE,Toronto Raptors,SPARKZ,Brooklyn Nets (MARINE),Toronto Raptors (SPARKZ),2º cuarto,23,19,12/08/2026 23:19:00,97,moneyline_1x2,,Brooklyn Nets (MARINE),1.55,False
2026-08-12T23:28:55.263406+00:00,13673684715,GG League - 4x5 Min de juego,True,Brooklyn Nets,MARINE,Toronto Raptors,SPARKZ,Brooklyn Nets (MARINE),Toronto Raptors (SPARKZ),2º cuarto,23,19,12/08/2026 23:19:00,97,moneyline_1x2,,Toronto Raptors (SPARKZ),2.2,False
2026-08-12T23:28:55.263406+00:00,13673685429,GG League - 4x5 Min de juego,False,New York Knicks,RADIANT,Los Angeles Lakers,ADMIRAL,New York Knicks (RADIANT),Los Angeles Lakers (ADMIRAL),,,,12/08/2026 23:31:00,97,moneyline_1x2,,New York Knicks (RADIANT),1.43,False
2026-08-12T23:28:55.263406+00:00,13673685429,GG League - 4x5 Min de juego,False,New York Knicks,RADIANT,Los Angeles Lakers,ADMIRAL,New York Knicks (RADIANT),Los Angeles Lakers (ADMIRAL),,,,12/08/2026 23:31:00,97,moneyline_1x2,,Los Angeles Lakers (ADMIRAL),2.5,False
2026-08-12T23:28:55.263406+00:00,13673685426,GG League - 4x5 Min de juego,True,Cleveland Cavaliers,DAGGER,Phoenix Suns,NIGHTHAWK,Cleveland Cavaliers (DAGGER),Phoenix Suns (NIGHTHAWK),1º cuarto,2,2,12/08/2026 23:27:00,97,moneyline_1x2,,Cleveland Cavaliers (DAGGER),2.35,False
2026-08-12T23:28:55.263406+00:00,13673685426,GG League - 4x5 Min de juego,True,Cleveland Cavaliers,DAGGER,Phoenix Suns,NIGHTHAWK,Cleveland Cavaliers (DAGGER),Phoenix Suns (NIGHTHAWK),1º cuarto,2,2,12/08/2026 23:27:00,97,moneyline_1x2,,Phoenix Suns (NIGHTHAWK),1.5,False
2026-08-12T23:28:55.263406+00:00,13673684716,GG League - 4x5 Min de juego,True,Miami Heat,MYTH,Brooklyn Nets,KARMA,Miami Heat (MYTH),Brooklyn Nets (KARMA),1º cuarto,12,19,12/08/2026 23:23:00,97,moneyline_1x2,,Miami Heat (MYTH),3.9,False
2026-08-12T23:28:55.263406+00:00,13673684716,GG League - 4x5 Min de juego,True,Miami Heat,MYTH,Brooklyn Nets,KARMA,Miami Heat (MYTH),Brooklyn Nets (KARMA),1º cuarto,12,19,12/08/2026 23:23:00,97,moneyline_1x2,,Brooklyn Nets (KARMA),1.19,False
2026-08-12T23:28:55.263406+00:00,13673685520,GG League - 4x5 Min de juego,False,Phoenix Suns,NIGHTHAWK,Milwaukee Bucks,GENERAL,Phoenix Suns (NIGHTHAWK),Milwaukee Bucks (GENERAL),,,,12/08/2026 23:59:00,97,moneyline_1x2,,Phoenix Suns (NIGHTHAWK),1.35,False
2026-08-12T23:28:55.263406+00:00,13673685520,GG League - 4x5 Min de juego,False,Phoenix Suns,NIGHTHAWK,Milwaukee Bucks,GENERAL,Phoenix Suns (NIGHTHAWK),Milwaukee Bucks (GENERAL),,,,12/08/2026 23:59:00,97,moneyline_1x2,,Milwaukee Bucks (GENERAL),2.8,False
2026-08-12T23:28:55.263406+00:00,13673685720,GG League - 4x5 Min de juego,False,Orlando Magic,HUNCHO,Charlotte Hornets,CALAMITY,Orlando Magic (HUNCHO),Charlotte Hornets (CALAMITY),,,,12/08/2026 23:47:00,97,moneyline_1x2,,Orlando Magic (HUNCHO),1.62,False
2026-08-12T23:28:55.263406+00:00,13673685720,GG League - 4x5 Min de juego,False,Orlando Magic,HUNCHO,Charlotte Hornets,CALAMITY,Orlando Magic (HUNCHO),Charlotte Hornets (CALAMITY),,,,12/08/2026 23:47:00,97,moneyline_1x2,,Charlotte Hornets (CALAMITY),2.05,False
2026-08-12T23:28:55.263406+00:00,13673685454,GG League - 4x5 Min de juego,False,Brooklyn Nets,KARMA,Toronto Raptors,CYPHER,Brooklyn Nets (KARMA),Toronto Raptors (CYPHER),,,,12/08/2026 23:55:00,97,moneyline_1x2,,Brooklyn Nets (KARMA),1.5,False
2026-08-12T23:28:55.263406+00:00,13673685454,GG League - 4x5 Min de juego,False,Brooklyn Nets,KARMA,Toronto Raptors,CYPHER,Brooklyn Nets (KARMA),Toronto Raptors (CYPHER),,,,12/08/2026 23:55:00,97,moneyline_1x2,,Toronto Raptors (CYPHER),2.3,False
2026-08-12T23:28:55.263406+00:00,13673685718,GG League - 4x5 Min de juego,True,New York Knicks,JACKAL,Boston Celtics,HUNCHO,New York Knicks (JACKAL),Boston Celtics (HUNCHO),3º Cuarto,34,25,12/08/2026 23:15:00,97,moneyline_1x2,,New York Knicks (JACKAL),1.03,False
2026-08-12T23:28:55.263406+00:00,13673685718,GG League - 4x5 Min de juego,True,New York Knicks,JACKAL,Boston Celtics,HUNCHO,New York Knicks (JACKAL),Boston Celtics (HUNCHO),3º Cuarto,34,25,12/08/2026 23:15:00,97,moneyline_1x2,,Boston Celtics (HUNCHO),7.5,False
2026-08-12T23:31:21.368016+00:00,13673664610,GG League - 4x5 Min de juego,False,Denver Nuggets,ADMIRAL,Charlotte Hornets,STING,Denver Nuggets (ADMIRAL),Charlotte Hornets (STING),,,,13/08/2026 00:35:00,97,moneyline_1x2,,Denver Nuggets (ADMIRAL),2.35,False
2026-08-12T23:31:21.368016+00:00,13673664610,GG League - 4x5 Min de juego,False,Denver Nuggets,ADMIRAL,Charlotte Hornets,STING,Denver Nuggets (ADMIRAL),Charlotte Hornets (STING),,,,13/08/2026 00:35:00,97,moneyline_1x2,,Charlotte Hornets (STING),1.5,False
2026-08-12T23:31:21.368016+00:00,13673685780,GG League - 4x5 Min de juego,False,Dallas Mavericks,SPARKZ,Orlando Magic,UNDERRATED,Dallas Mavericks (SPARKZ),Orlando Magic (UNDERRATED),,,,12/08/2026 23:51:00,97,moneyline_1x2,,Dallas Mavericks (SPARKZ),1.57,False
2026-08-12T23:31:21.368016+00:00,13673685780,GG League - 4x5 Min de juego,False,Dallas Mavericks,SPARKZ,Orlando Magic,UNDERRATED,Dallas Mavericks (SPARKZ),Orlando Magic (UNDERRATED),,,,12/08/2026 23:51:00,97,moneyline_1x2,,Orlando Magic (UNDERRATED),2.15,False
2026-08-12T23:31:21.368016+00:00,13673664495,GG League - 4x5 Min de juego,False,Dallas Mavericks,JACKAL,Denver Nuggets,CURSE,Dallas Mavericks (JACKAL),Denver Nuggets (CURSE),,,,13/08/2026 00:19:00,97,moneyline_1x2,,Dallas Mavericks (JACKAL),1.62,False
2026-08-12T23:31:21.368016+00:00,13673664495,GG League - 4x5 Min de juego,False,Dallas Mavericks,JACKAL,Denver Nuggets,CURSE,Dallas Mavericks (JACKAL),Denver Nuggets (CURSE),,,,13/08/2026 00:19:00,97,moneyline_1x2,,Denver Nuggets (CURSE),2.05,False
2026-08-12T23:31:21.368016+00:00,13673666929,GG League - 4x5 Min de juego,False,New York Knicks,RADIANT,Oklahoma City Thunder,STING,New York Knicks (RADIANT),Oklahoma City Thunder (STING),,,,13/08/2026 00:03:00,97,moneyline_1x2,,New York Knicks (RADIANT),2.35,False
2026-08-12T23:31:21.368016+00:00,13673666929,GG League - 4x5 Min de juego,False,New York Knicks,RADIANT,Oklahoma City Thunder,STING,New York Knicks (RADIANT),Oklahoma City Thunder (STING),,,,13/08/2026 00:03:00,97,moneyline_1x2,,Oklahoma City Thunder (STING),1.5,False
2026-08-12T23:31:21.368016+00:00,13673664611,GG League - 4x5 Min de juego,False,Phoenix Suns,SIGNAL,Memphis Grizzlies,PHARAOH,Phoenix Suns (SIGNAL),Memphis Grizzlies (PHARAOH),,,,13/08/2026 00:39:00,97,moneyline_1x2,,Phoenix Suns (SIGNAL),1.91,False
2026-08-12T23:31:21.368016+00:00,13673664611,GG League - 4x5 Min de juego,False,Phoenix Suns,SIGNAL,Memphis Grizzlies,PHARAOH,Phoenix Suns (SIGNAL),Memphis Grizzlies (PHARAOH),,,,13/08/2026 00:39:00,97,moneyline_1x2,,Memphis Grizzlies (PHARAOH),1.72,False
2026-08-12T23:31:21.368016+00:00,13673667032,GG League - 4x5 Min de juego,False,Denver Nuggets,DAGGER,Dallas Mavericks,JUGGERNAUT,Denver Nuggets (DAGGER),Dallas Mavericks (JUGGERNAUT),,,,13/08/2026 00:31:00,97,moneyline_1x2,,Denver Nuggets (DAGGER),1.5,False
2026-08-12T23:31:21.368016+00:00,13673667032,GG League - 4x5 Min de juego,False,Denver Nuggets,DAGGER,Dallas Mavericks,JUGGERNAUT,Denver Nuggets (DAGGER),Dallas Mavericks (JUGGERNAUT),,,,13/08/2026 00:31:00,97,moneyline_1x2,,Dallas Mavericks (JUGGERNAUT),2.3,False
2026-08-12T23:31:21.368016+00:00,13673685778,GG League - 4x5 Min de juego,False,Los Angeles Lakers,SIGNAL,New York Knicks,PATIENCE,Los Angeles Lakers (SIGNAL),New York Knicks (PATIENCE),,,,12/08/2026 23:35:00,97,moneyline_1x2,,Los Angeles Lakers (SIGNAL),2.35,False
2026-08-12T23:31:21.368016+00:00,13673685778,GG League - 4x5 Min de juego,False,Los Angeles Lakers,SIGNAL,New York Knicks,PATIENCE,Los Angeles Lakers (SIGNAL),New York Knicks (PATIENCE),,,,12/08/2026 23:35:00,97,moneyline_1x2,,New York Knicks (PATIENCE),1.5,False
2026-08-12T23:31:21.368016+00:00,13673664429,GG League - 4x5 Min de juego,False,New York Knicks,PATIENCE,Oklahoma City Thunder,AZURE,New York Knicks (PATIENCE),Oklahoma City Thunder (AZURE),,,,13/08/2026 00:07:00,97,moneyline_1x2,,New York Knicks (PATIENCE),1.3,False
2026-08-12T23:31:21.368016+00:00,13673664429,GG League - 4x5 Min de juego,False,New York Knicks,PATIENCE,Oklahoma City Thunder,AZURE,New York Knicks (PATIENCE),Oklahoma City Thunder (AZURE),,,,13/08/2026 00:07:00,97,moneyline_1x2,,Oklahoma City Thunder (AZURE),2.95,False
2026-08-12T23:31:21.368016+00:00,13673684715,GG League - 4x5 Min de juego,True,Brooklyn Nets,MARINE,Toronto Raptors,SPARKZ,Brooklyn Nets (MARINE),Toronto Raptors (SPARKZ),3º Cuarto,32,21,12/08/2026 23:19:00,97,moneyline_1x2,,Brooklyn Nets (MARINE),1.07,False
2026-08-12T23:31:21.368016+00:00,13673684715,GG League - 4x5 Min de juego,True,Brooklyn Nets,MARINE,Toronto Raptors,SPARKZ,Brooklyn Nets (MARINE),Toronto Raptors (SPARKZ),3º Cuarto,32,21,12/08/2026 23:19:00,97,moneyline_1x2,,Toronto Raptors (SPARKZ),6.0,False
2026-08-12T23:31:21.368016+00:00,13673685426,GG League - 4x5 Min de juego,True,Cleveland Cavaliers,DAGGER,Phoenix Suns,NIGHTHAWK,Cleveland Cavaliers (DAGGER),Phoenix Suns (NIGHTHAWK),1º cuarto,7,7,12/08/2026 23:27:00,97,moneyline_1x2,,Cleveland Cavaliers (DAGGER),2.3,False
2026-08-12T23:31:21.368016+00:00,13673685426,GG League - 4x5 Min de juego,True,Cleveland Cavaliers,DAGGER,Phoenix Suns,NIGHTHAWK,Cleveland Cavaliers (DAGGER),Phoenix Suns (NIGHTHAWK),1º cuarto,7,7,12/08/2026 23:27:00,97,moneyline_1x2,,Phoenix Suns (NIGHTHAWK),1.5,False
2026-08-12T23:31:21.368016+00:00,13673684716,GG League - 4x5 Min de juego,True,Miami Heat,MYTH,Brooklyn Nets,KARMA,Miami Heat (MYTH),Brooklyn Nets (KARMA),2º cuarto,17,24,12/08/2026 23:23:00,97,moneyline_1x2,,Miami Heat (MYTH),4.1,False
2026-08-12T23:31:21.368016+00:00,13673684716,GG League - 4x5 Min de juego,True,Miami Heat,MYTH,Brooklyn Nets,KARMA,Miami Heat (MYTH),Brooklyn Nets (KARMA),2º cuarto,17,24,12/08/2026 23:23:00,97,moneyline_1x2,,Brooklyn Nets (KARMA),1.17,False
2026-08-12T23:31:21.368016+00:00,13673685520,GG League - 4x5 Min de juego,False,Phoenix Suns,NIGHTHAWK,Milwaukee Bucks,GENERAL,Phoenix Suns (NIGHTHAWK),Milwaukee Bucks (GENERAL),,,,12/08/2026 23:59:00,97,moneyline_1x2,,Phoenix Suns (NIGHTHAWK),1.35,False
2026-08-12T23:31:21.368016+00:00,13673685520,GG League - 4x5 Min de juego,False,Phoenix Suns,NIGHTHAWK,Milwaukee Bucks,GENERAL,Phoenix Suns (NIGHTHAWK),Milwaukee Bucks (GENERAL),,,,12/08/2026 23:59:00,97,moneyline_1x2,,Milwaukee Bucks (GENERAL),2.8,False
2026-08-12T23:31:21.368016+00:00,13673685720,GG League - 4x5 Min de juego,False,Orlando Magic,HUNCHO,Charlotte Hornets,CALAMITY,Orlando Magic (HUNCHO),Charlotte Hornets (CALAMITY),,,,12/08/2026 23:47:00,97,moneyline_1x2,,Orlando Magic (HUNCHO),1.62,False
2026-08-12T23:31:21.368016+00:00,13673685720,GG League - 4x5 Min de juego,False,Orlando Magic,HUNCHO,Charlotte Hornets,CALAMITY,Orlando Magic (HUNCHO),Charlotte Hornets (CALAMITY),,,,12/08/2026 23:47:00,97,moneyline_1x2,,Charlotte Hornets (CALAMITY),2.05,False
2026-08-12T23:31:21.368016+00:00,13673685454,GG League - 4x5 Min de juego,False,Brooklyn Nets,KARMA,Toronto Raptors,CYPHER,Brooklyn Nets (KARMA),Toronto Raptors (CYPHER),,,,12/08/2026 23:55:00,97,moneyline_1x2,,Brooklyn Nets (KARMA),1.5,False
2026-08-12T23:31:21.368016+00:00,13673685454,GG League - 4x5 Min de juego,False,Brooklyn Nets,KARMA,Toronto Raptors,CYPHER,Brooklyn Nets (KARMA),Toronto Raptors (CYPHER),,,,12/08/2026 23:55:00,97,moneyline_1x2,,Toronto Raptors (CYPHER),2.3,False
2026-08-12T23:31:21.368016+00:00,13673685718,GG League - 4x5 Min de juego,True,New York Knicks,JACKAL,Boston Celtics,HUNCHO,New York Knicks (JACKAL),Boston Celtics (HUNCHO),3º Cuarto,44,35,12/08/2026 23:15:00,97,moneyline_1x2,,New York Knicks (JACKAL),1.03,False
2026-08-12T23:31:21.368016+00:00,13673685718,GG League - 4x5 Min de juego,True,New York Knicks,JACKAL,Boston Celtics,HUNCHO,New York Knicks (JACKAL),Boston Celtics (HUNCHO),3º Cuarto,44,35,12/08/2026 23:15:00,97,moneyline_1x2,,Boston Celtics (HUNCHO),8.0,False
2026-08-12T23:32:55.992002+00:00,13673664610,GG League - 4x5 Min de juego,False,Denver Nuggets,ADMIRAL,Charlotte Hornets,STING,Denver Nuggets (ADMIRAL),Charlotte Hornets (STING),,,,13/08/2026 00:35:00,97,moneyline_1x2,,Denver Nuggets (ADMIRAL),2.35,False
2026-08-12T23:32:55.992002+00:00,13673664610,GG League - 4x5 Min de juego,False,Denver Nuggets,ADMIRAL,Charlotte Hornets,STING,Denver Nuggets (ADMIRAL),Charlotte Hornets (STING),,,,13/08/2026 00:35:00,97,moneyline_1x2,,Charlotte Hornets (STING),1.5,False
2026-08-12T23:32:55.992002+00:00,13673685780,GG League - 4x5 Min de juego,False,Dallas Mavericks,SPARKZ,Orlando Magic,UNDERRATED,Dallas Mavericks (SPARKZ),Orlando Magic (UNDERRATED),,,,12/08/2026 23:51:00,97,moneyline_1x2,,Dallas Mavericks (SPARKZ),1.57,False
2026-08-12T23:32:55.992002+00:00,13673685780,GG League - 4x5 Min de juego,False,Dallas Mavericks,SPARKZ,Orlando Magic,UNDERRATED,Dallas Mavericks (SPARKZ),Orlando Magic (UNDERRATED),,,,12/08/2026 23:51:00,97,moneyline_1x2,,Orlando Magic (UNDERRATED),2.15,False
2026-08-12T23:32:55.992002+00:00,13673664495,GG League - 4x5 Min de juego,False,Dallas Mavericks,JACKAL,Denver Nuggets,CURSE,Dallas Mavericks (JACKAL),Denver Nuggets (CURSE),,,,13/08/2026 00:19:00,97,moneyline_1x2,,Dallas Mavericks (JACKAL),1.62,False
2026-08-12T23:32:55.992002+00:00,13673664495,GG League - 4x5 Min de juego,False,Dallas Mavericks,JACKAL,Denver Nuggets,CURSE,Dallas Mavericks (JACKAL),Denver Nuggets (CURSE),,,,13/08/2026 00:19:00,97,moneyline_1x2,,Denver Nuggets (CURSE),2.05,False
2026-08-12T23:32:55.992002+00:00,13673666929,GG League - 4x5 Min de juego,False,New York Knicks,RADIANT,Oklahoma City Thunder,STING,New York Knicks (RADIANT),Oklahoma City Thunder (STING),,,,13/08/2026 00:03:00,97,moneyline_1x2,,New York Knicks (RADIANT),2.35,False
2026-08-12T23:32:55.992002+00:00,13673666929,GG League - 4x5 Min de juego,False,New York Knicks,RADIANT,Oklahoma City Thunder,STING,New York Knicks (RADIANT),Oklahoma City Thunder (STING),,,,13/08/2026 00:03:00,97,moneyline_1x2,,Oklahoma City Thunder (STING),1.5,False
2026-08-12T23:32:55.992002+00:00,13673664611,GG League - 4x5 Min de juego,False,Phoenix Suns,SIGNAL,Memphis Grizzlies,PHARAOH,Phoenix Suns (SIGNAL),Memphis Grizzlies (PHARAOH),,,,13/08/2026 00:39:00,97,moneyline_1x2,,Phoenix Suns (SIGNAL),1.91,False
2026-08-12T23:32:55.992002+00:00,13673664611,GG League - 4x5 Min de juego,False,Phoenix Suns,SIGNAL,Memphis Grizzlies,PHARAOH,Phoenix Suns (SIGNAL),Memphis Grizzlies (PHARAOH),,,,13/08/2026 00:39:00,97,moneyline_1x2,,Memphis Grizzlies (PHARAOH),1.72,False
2026-08-12T23:32:55.992002+00:00,13673667032,GG League - 4x5 Min de juego,False,Denver Nuggets,DAGGER,Dallas Mavericks,JUGGERNAUT,Denver Nuggets (DAGGER),Dallas Mavericks (JUGGERNAUT),,,,13/08/2026 00:31:00,97,moneyline_1x2,,Denver Nuggets (DAGGER),1.5,False
2026-08-12T23:32:55.992002+00:00,13673667032,GG League - 4x5 Min de juego,False,Denver Nuggets,DAGGER,Dallas Mavericks,JUGGERNAUT,Denver Nuggets (DAGGER),Dallas Mavericks (JUGGERNAUT),,,,13/08/2026 00:31:00,97,moneyline_1x2,,Dallas Mavericks (JUGGERNAUT),2.3,False
2026-08-12T23:32:55.992002+00:00,13673685778,GG League - 4x5 Min de juego,False,Los Angeles Lakers,SIGNAL,New York Knicks,PATIENCE,Los Angeles Lakers (SIGNAL),New York Knicks (PATIENCE),,,,12/08/2026 23:35:00,97,moneyline_1x2,,Los Angeles Lakers (SIGNAL),2.35,False
2026-08-12T23:32:55.992002+00:00,13673685778,GG League - 4x5 Min de juego,False,Los Angeles Lakers,SIGNAL,New York Knicks,PATIENCE,Los Angeles Lakers (SIGNAL),New York Knicks (PATIENCE),,,,12/08/2026 23:35:00,97,moneyline_1x2,,New York Knicks (PATIENCE),1.5,False
2026-08-12T23:32:55.992002+00:00,13673664429,GG League - 4x5 Min de juego,False,New York Knicks,PATIENCE,Oklahoma City Thunder,AZURE,New York Knicks (PATIENCE),Oklahoma City Thunder (AZURE),,,,13/08/2026 00:07:00,97,moneyline_1x2,,New York Knicks (PATIENCE),1.3,False
2026-08-12T23:32:55.992002+00:00,13673664429,GG League - 4x5 Min de juego,False,New York Knicks,PATIENCE,Oklahoma City Thunder,AZURE,New York Knicks (PATIENCE),Oklahoma City Thunder (AZURE),,,,13/08/2026 00:07:00,97,moneyline_1x2,,Oklahoma City Thunder (AZURE),2.95,False
2026-08-12T23:32:55.992002+00:00,13673684715,GG League - 4x5 Min de juego,True,Brooklyn Nets,MARINE,Toronto Raptors,SPARKZ,Brooklyn Nets (MARINE),Toronto Raptors (SPARKZ),3º Cuarto,32,25,12/08/2026 23:19:00,97,moneyline_1x2,,Brooklyn Nets (MARINE),1.17,False
2026-08-12T23:32:55.992002+00:00,13673684715,GG League - 4x5 Min de juego,True,Brooklyn Nets,MARINE,Toronto Raptors,SPARKZ,Brooklyn Nets (MARINE),Toronto Raptors (SPARKZ),3º Cuarto,32,25,12/08/2026 23:19:00,97,moneyline_1x2,,Toronto Raptors (SPARKZ),4.1,False
2026-08-12T23:32:55.992002+00:00,13673685429,GG League - 4x5 Min de juego,True,New York Knicks,RADIANT,Los Angeles Lakers,ADMIRAL,New York Knicks (RADIANT),Los Angeles Lakers (ADMIRAL),1º cuarto,4,2,12/08/2026 23:31:00,97,moneyline_1x2,,New York Knicks (RADIANT),1.3,False
2026-08-12T23:32:55.992002+00:00,13673685429,GG League - 4x5 Min de juego,True,New York Knicks,RADIANT,Los Angeles Lakers,ADMIRAL,New York Knicks (RADIANT),Los Angeles Lakers (ADMIRAL),1º cuarto,4,2,12/08/2026 23:31:00,97,moneyline_1x2,,Los Angeles Lakers (ADMIRAL),3.0,False
2026-08-12T23:32:55.992002+00:00,13673685426,GG League - 4x5 Min de juego,True,Cleveland Cavaliers,DAGGER,Phoenix Suns,NIGHTHAWK,Cleveland Cavaliers (DAGGER),Phoenix Suns (NIGHTHAWK),1º cuarto,14,12,12/08/2026 23:27:00,97,moneyline_1x2,,Cleveland Cavaliers (DAGGER),1.91,False
2026-08-12T23:32:55.992002+00:00,13673685426,GG League - 4x5 Min de juego,True,Cleveland Cavaliers,DAGGER,Phoenix Suns,NIGHTHAWK,Cleveland Cavaliers (DAGGER),Phoenix Suns (NIGHTHAWK),1º cuarto,14,12,12/08/2026 23:27:00,97,moneyline_1x2,,Phoenix Suns (NIGHTHAWK),1.72,False
2026-08-12T23:32:55.992002+00:00,13673684716,GG League - 4x5 Min de juego,True,Miami Heat,MYTH,Brooklyn Nets,KARMA,Miami Heat (MYTH),Brooklyn Nets (KARMA),2º cuarto,20,29,12/08/2026 23:23:00,97,moneyline_1x2,,Miami Heat (MYTH),5.5,False
2026-08-12T23:32:55.992002+00:00,13673684716,GG League - 4x5 Min de juego,True,Miami Heat,MYTH,Brooklyn Nets,KARMA,Miami Heat (MYTH),Brooklyn Nets (KARMA),2º cuarto,20,29,12/08/2026 23:23:00,97,moneyline_1x2,,Brooklyn Nets (KARMA),1.09,False
2026-08-12T23:32:55.992002+00:00,13673685520,GG League - 4x5 Min de juego,False,Phoenix Suns,NIGHTHAWK,Milwaukee Bucks,GENERAL,Phoenix Suns (NIGHTHAWK),Milwaukee Bucks (GENERAL),,,,12/08/2026 23:59:00,97,moneyline_1x2,,Phoenix Suns (NIGHTHAWK),1.35,False
2026-08-12T23:32:55.992002+00:00,13673685520,GG League - 4x5 Min de juego,False,Phoenix Suns,NIGHTHAWK,Milwaukee Bucks,GENERAL,Phoenix Suns (NIGHTHAWK),Milwaukee Bucks (GENERAL),,,,12/08/2026 23:59:00,97,moneyline_1x2,,Milwaukee Bucks (GENERAL),2.8,False
2026-08-12T23:32:55.992002+00:00,13673685720,GG League - 4x5 Min de juego,False,Orlando Magic,HUNCHO,Charlotte Hornets,CALAMITY,Orlando Magic (HUNCHO),Charlotte Hornets (CALAMITY),,,,12/08/2026 23:47:00,97,moneyline_1x2,,Orlando Magic (HUNCHO),1.62,False
2026-08-12T23:32:55.992002+00:00,13673685720,GG League - 4x5 Min de juego,False,Orlando Magic,HUNCHO,Charlotte Hornets,CALAMITY,Orlando Magic (HUNCHO),Charlotte Hornets (CALAMITY),,,,12/08/2026 23:47:00,97,moneyline_1x2,,Charlotte Hornets (CALAMITY),2.05,False
2026-08-12T23:32:55.992002+00:00,13673685454,GG League - 4x5 Min de juego,False,Brooklyn Nets,KARMA,Toronto Raptors,CYPHER,Brooklyn Nets (KARMA),Toronto Raptors (CYPHER),,,,12/08/2026 23:55:00,97,moneyline_1x2,,Brooklyn Nets (KARMA),1.5,False
2026-08-12T23:32:55.992002+00:00,13673685454,GG League - 4x5 Min de juego,False,Brooklyn Nets,KARMA,Toronto Raptors,CYPHER,Brooklyn Nets (KARMA),Toronto Raptors (CYPHER),,,,12/08/2026 23:55:00,97,moneyline_1x2,,Toronto Raptors (CYPHER),2.3,False
2026-08-12T23:34:54.446568+00:00,13673664610,GG League - 4x5 Min de juego,False,Denver Nuggets,ADMIRAL,Charlotte Hornets,STING,Denver Nuggets (ADMIRAL),Charlotte Hornets (STING),,,,13/08/2026 00:35:00,97,moneyline_1x2,,Denver Nuggets (ADMIRAL),2.35,False
2026-08-12T23:34:54.446568+00:00,13673664610,GG League - 4x5 Min de juego,False,Denver Nuggets,ADMIRAL,Charlotte Hornets,STING,Denver Nuggets (ADMIRAL),Charlotte Hornets (STING),,,,13/08/2026 00:35:00,97,moneyline_1x2,,Charlotte Hornets (STING),1.5,False
2026-08-12T23:34:54.446568+00:00,13673685780,GG League - 4x5 Min de juego,False,Dallas Mavericks,SPARKZ,Orlando Magic,UNDERRATED,Dallas Mavericks (SPARKZ),Orlando Magic (UNDERRATED),,,,12/08/2026 23:51:00,97,moneyline_1x2,,Dallas Mavericks (SPARKZ),1.57,False
2026-08-12T23:34:54.446568+00:00,13673685780,GG League - 4x5 Min de juego,False,Dallas Mavericks,SPARKZ,Orlando Magic,UNDERRATED,Dallas Mavericks (SPARKZ),Orlando Magic (UNDERRATED),,,,12/08/2026 23:51:00,97,moneyline_1x2,,Orlando Magic (UNDERRATED),2.15,False
2026-08-12T23:34:54.446568+00:00,13673664495,GG League - 4x5 Min de juego,False,Dallas Mavericks,JACKAL,Denver Nuggets,CURSE,Dallas Mavericks (JACKAL),Denver Nuggets (CURSE),,,,13/08/2026 00:19:00,97,moneyline_1x2,,Dallas Mavericks (JACKAL),1.62,False
2026-08-12T23:34:54.446568+00:00,13673664495,GG League - 4x5 Min de juego,False,Dallas Mavericks,JACKAL,Denver Nuggets,CURSE,Dallas Mavericks (JACKAL),Denver Nuggets (CURSE),,,,13/08/2026 00:19:00,97,moneyline_1x2,,Denver Nuggets (CURSE),2.05,False
2026-08-12T23:34:54.446568+00:00,13673666929,GG League - 4x5 Min de juego,False,New York Knicks,RADIANT,Oklahoma City Thunder,STING,New York Knicks (RADIANT),Oklahoma City Thunder (STING),,,,13/08/2026 00:03:00,97,moneyline_1x2,,New York Knicks (RADIANT),2.35,False
2026-08-12T23:34:54.446568+00:00,13673666929,GG League - 4x5 Min de juego,False,New York Knicks,RADIANT,Oklahoma City Thunder,STING,New York Knicks (RADIANT),Oklahoma City Thunder (STING),,,,13/08/2026 00:03:00,97,moneyline_1x2,,Oklahoma City Thunder (STING),1.5,False
2026-08-12T23:34:54.446568+00:00,13673664611,GG League - 4x5 Min de juego,False,Phoenix Suns,SIGNAL,Memphis Grizzlies,PHARAOH,Phoenix Suns (SIGNAL),Memphis Grizzlies (PHARAOH),,,,13/08/2026 00:39:00,97,moneyline_1x2,,Phoenix Suns (SIGNAL),1.91,False
2026-08-12T23:34:54.446568+00:00,13673664611,GG League - 4x5 Min de juego,False,Phoenix Suns,SIGNAL,Memphis Grizzlies,PHARAOH,Phoenix Suns (SIGNAL),Memphis Grizzlies (PHARAOH),,,,13/08/2026 00:39:00,97,moneyline_1x2,,Memphis Grizzlies (PHARAOH),1.72,False
2026-08-12T23:34:54.446568+00:00,13673667032,GG League - 4x5 Min de juego,False,Denver Nuggets,DAGGER,Dallas Mavericks,JUGGERNAUT,Denver Nuggets (DAGGER),Dallas Mavericks (JUGGERNAUT),,,,13/08/2026 00:31:00,97,moneyline_1x2,,Denver Nuggets (DAGGER),1.5,False
2026-08-12T23:34:54.446568+00:00,13673667032,GG League - 4x5 Min de juego,False,Denver Nuggets,DAGGER,Dallas Mavericks,JUGGERNAUT,Denver Nuggets (DAGGER),Dallas Mavericks (JUGGERNAUT),,,,13/08/2026 00:31:00,97,moneyline_1x2,,Dallas Mavericks (JUGGERNAUT),2.3,False
2026-08-12T23:34:54.446568+00:00,13673685778,GG League - 4x5 Min de juego,False,Los Angeles Lakers,SIGNAL,New York Knicks,PATIENCE,Los Angeles Lakers (SIGNAL),New York Knicks (PATIENCE),,,,12/08/2026 23:35:00,97,moneyline_1x2,,Los Angeles Lakers (SIGNAL),2.35,False
2026-08-12T23:34:54.446568+00:00,13673685778,GG League - 4x5 Min de juego,False,Los Angeles Lakers,SIGNAL,New York Knicks,PATIENCE,Los Angeles Lakers (SIGNAL),New York Knicks (PATIENCE),,,,12/08/2026 23:35:00,97,moneyline_1x2,,New York Knicks (PATIENCE),1.5,False
2026-08-12T23:34:54.446568+00:00,13673664429,GG League - 4x5 Min de juego,False,New York Knicks,PATIENCE,Oklahoma City Thunder,AZURE,New York Knicks (PATIENCE),Oklahoma City Thunder (AZURE),,,,13/08/2026 00:07:00,97,moneyline_1x2,,New York Knicks (PATIENCE),1.3,False
2026-08-12T23:34:54.446568+00:00,13673664429,GG League - 4x5 Min de juego,False,New York Knicks,PATIENCE,Oklahoma City Thunder,AZURE,New York Knicks (PATIENCE),Oklahoma City Thunder (AZURE),,,,13/08/2026 00:07:00,97,moneyline_1x2,,Oklahoma City Thunder (AZURE),2.95,False
2026-08-12T23:34:54.446568+00:00,13673684715,GG League - 4x5 Min de juego,True,Brooklyn Nets,MARINE,Toronto Raptors,SPARKZ,Brooklyn Nets (MARINE),Toronto Raptors (SPARKZ),3º Cuarto,39,29,12/08/2026 23:19:00,97,moneyline_1x2,,Brooklyn Nets (MARINE),1.04,False
2026-08-12T23:34:54.446568+00:00,13673684715,GG League - 4x5 Min de juego,True,Brooklyn Nets,MARINE,Toronto Raptors,SPARKZ,Brooklyn Nets (MARINE),Toronto Raptors (SPARKZ),3º Cuarto,39,29,12/08/2026 23:19:00,97,moneyline_1x2,,Toronto Raptors (SPARKZ),7.25,False
2026-08-12T23:34:54.446568+00:00,13673685429,GG League - 4x5 Min de juego,True,New York Knicks,RADIANT,Los Angeles Lakers,ADMIRAL,New York Knicks (RADIANT),Los Angeles Lakers (ADMIRAL),1º cuarto,9,8,12/08/2026 23:31:00,97,moneyline_1x2,,New York Knicks (RADIANT),1.37,False
2026-08-12T23:34:54.446568+00:00,13673685429,GG League - 4x5 Min de juego,True,New York Knicks,RADIANT,Los Angeles Lakers,ADMIRAL,New York Knicks (RADIANT),Los Angeles Lakers (ADMIRAL),1º cuarto,9,8,12/08/2026 23:31:00,97,moneyline_1x2,,Los Angeles Lakers (ADMIRAL),2.7,False
2026-08-12T23:34:54.446568+00:00,13673684716,GG League - 4x5 Min de juego,True,Miami Heat,MYTH,Brooklyn Nets,KARMA,Miami Heat (MYTH),Brooklyn Nets (KARMA),2º cuarto,25,31,12/08/2026 23:23:00,97,moneyline_1x2,,Miami Heat (MYTH),3.9,False
2026-08-12T23:34:54.446568+00:00,13673684716,GG League - 4x5 Min de juego,True,Miami Heat,MYTH,Brooklyn Nets,KARMA,Miami Heat (MYTH),Brooklyn Nets (KARMA),2º cuarto,25,31,12/08/2026 23:23:00,97,moneyline_1x2,,Brooklyn Nets (KARMA),1.19,False
2026-08-12T23:34:54.446568+00:00,13673685520,GG League - 4x5 Min de juego,False,Phoenix Suns,NIGHTHAWK,Milwaukee Bucks,GENERAL,Phoenix Suns (NIGHTHAWK),Milwaukee Bucks (GENERAL),,,,12/08/2026 23:59:00,97,moneyline_1x2,,Phoenix Suns (NIGHTHAWK),1.35,False
2026-08-12T23:34:54.446568+00:00,13673685520,GG League - 4x5 Min de juego,False,Phoenix Suns,NIGHTHAWK,Milwaukee Bucks,GENERAL,Phoenix Suns (NIGHTHAWK),Milwaukee Bucks (GENERAL),,,,12/08/2026 23:59:00,97,moneyline_1x2,,Milwaukee Bucks (GENERAL),2.8,False
2026-08-12T23:34:54.446568+00:00,13673685720,GG League - 4x5 Min de juego,False,Orlando Magic,HUNCHO,Charlotte Hornets,CALAMITY,Orlando Magic (HUNCHO),Charlotte Hornets (CALAMITY),,,,12/08/2026 23:47:00,97,moneyline_1x2,,Orlando Magic (HUNCHO),1.62,False
2026-08-12T23:34:54.446568+00:00,13673685720,GG League - 4x5 Min de juego,False,Orlando Magic,HUNCHO,Charlotte Hornets,CALAMITY,Orlando Magic (HUNCHO),Charlotte Hornets (CALAMITY),,,,12/08/2026 23:47:00,97,moneyline_1x2,,Charlotte Hornets (CALAMITY),2.05,False
2026-08-12T23:34:54.446568+00:00,13673685454,GG League - 4x5 Min de juego,False,Brooklyn Nets,KARMA,Toronto Raptors,CYPHER,Brooklyn Nets (KARMA),Toronto Raptors (CYPHER),,,,12/08/2026 23:55:00,97,moneyline_1x2,,Brooklyn Nets (KARMA),1.5,False
2026-08-12T23:34:54.446568+00:00,13673685454,GG League - 4x5 Min de juego,False,Brooklyn Nets,KARMA,Toronto Raptors,CYPHER,Brooklyn Nets (KARMA),Toronto Raptors (CYPHER),,,,12/08/2026 23:55:00,97,moneyline_1x2,,Toronto Raptors (CYPHER),2.3,False
2026-08-12T23:36:52.567028+00:00,13673664610,GG League - 4x5 Min de juego,False,Denver Nuggets,ADMIRAL,Charlotte Hornets,STING,Denver Nuggets (ADMIRAL),Charlotte Hornets (STING),,,,13/08/2026 00:35:00,97,moneyline_1x2,,Denver Nuggets (ADMIRAL),2.35,False
2026-08-12T23:36:52.567028+00:00,13673664610,GG League - 4x5 Min de juego,False,Denver Nuggets,ADMIRAL,Charlotte Hornets,STING,Denver Nuggets (ADMIRAL),Charlotte Hornets (STING),,,,13/08/2026 00:35:00,97,moneyline_1x2,,Charlotte Hornets (STING),1.5,False
2026-08-12T23:36:52.567028+00:00,13673685780,GG League - 4x5 Min de juego,False,Dallas Mavericks,SPARKZ,Orlando Magic,UNDERRATED,Dallas Mavericks (SPARKZ),Orlando Magic (UNDERRATED),,,,12/08/2026 23:51:00,97,moneyline_1x2,,Dallas Mavericks (SPARKZ),1.57,False
2026-08-12T23:36:52.567028+00:00,13673685780,GG League - 4x5 Min de juego,False,Dallas Mavericks,SPARKZ,Orlando Magic,UNDERRATED,Dallas Mavericks (SPARKZ),Orlando Magic (UNDERRATED),,,,12/08/2026 23:51:00,97,moneyline_1x2,,Orlando Magic (UNDERRATED),2.15,False
2026-08-12T23:36:52.567028+00:00,13673664495,GG League - 4x5 Min de juego,False,Dallas Mavericks,JACKAL,Denver Nuggets,CURSE,Dallas Mavericks (JACKAL),Denver Nuggets (CURSE),,,,13/08/2026 00:19:00,97,moneyline_1x2,,Dallas Mavericks (JACKAL),1.62,False
2026-08-12T23:36:52.567028+00:00,13673664495,GG League - 4x5 Min de juego,False,Dallas Mavericks,JACKAL,Denver Nuggets,CURSE,Dallas Mavericks (JACKAL),Denver Nuggets (CURSE),,,,13/08/2026 00:19:00,97,moneyline_1x2,,Denver Nuggets (CURSE),2.05,False
2026-08-12T23:36:52.567028+00:00,13673666929,GG League - 4x5 Min de juego,False,New York Knicks,RADIANT,Oklahoma City Thunder,STING,New York Knicks (RADIANT),Oklahoma City Thunder (STING),,,,13/08/2026 00:03:00,97,moneyline_1x2,,New York Knicks (RADIANT),2.35,False
2026-08-12T23:36:52.567028+00:00,13673666929,GG League - 4x5 Min de juego,False,New York Knicks,RADIANT,Oklahoma City Thunder,STING,New York Knicks (RADIANT),Oklahoma City Thunder (STING),,,,13/08/2026 00:03:00,97,moneyline_1x2,,Oklahoma City Thunder (STING),1.5,False
2026-08-12T23:36:52.567028+00:00,13673664611,GG League - 4x5 Min de juego,False,Phoenix Suns,SIGNAL,Memphis Grizzlies,PHARAOH,Phoenix Suns (SIGNAL),Memphis Grizzlies (PHARAOH),,,,13/08/2026 00:39:00,97,moneyline_1x2,,Phoenix Suns (SIGNAL),1.91,False
2026-08-12T23:36:52.567028+00:00,13673664611,GG League - 4x5 Min de juego,False,Phoenix Suns,SIGNAL,Memphis Grizzlies,PHARAOH,Phoenix Suns (SIGNAL),Memphis Grizzlies (PHARAOH),,,,13/08/2026 00:39:00,97,moneyline_1x2,,Memphis Grizzlies (PHARAOH),1.72,False
2026-08-12T23:36:52.567028+00:00,13673667032,GG League - 4x5 Min de juego,False,Denver Nuggets,DAGGER,Dallas Mavericks,JUGGERNAUT,Denver Nuggets (DAGGER),Dallas Mavericks (JUGGERNAUT),,,,13/08/2026 00:31:00,97,moneyline_1x2,,Denver Nuggets (DAGGER),1.5,False
2026-08-12T23:36:52.567028+00:00,13673667032,GG League - 4x5 Min de juego,False,Denver Nuggets,DAGGER,Dallas Mavericks,JUGGERNAUT,Denver Nuggets (DAGGER),Dallas Mavericks (JUGGERNAUT),,,,13/08/2026 00:31:00,97,moneyline_1x2,,Dallas Mavericks (JUGGERNAUT),2.3,False
2026-08-12T23:36:52.567028+00:00,13673664429,GG League - 4x5 Min de juego,False,New York Knicks,PATIENCE,Oklahoma City Thunder,AZURE,New York Knicks (PATIENCE),Oklahoma City Thunder (AZURE),,,,13/08/2026 00:07:00,97,moneyline_1x2,,New York Knicks (PATIENCE),1.3,False
2026-08-12T23:36:52.567028+00:00,13673664429,GG League - 4x5 Min de juego,False,New York Knicks,PATIENCE,Oklahoma City Thunder,AZURE,New York Knicks (PATIENCE),Oklahoma City Thunder (AZURE),,,,13/08/2026 00:07:00,97,moneyline_1x2,,Oklahoma City Thunder (AZURE),2.95,False
2026-08-12T23:36:52.567028+00:00,13673684715,GG League - 4x5 Min de juego,True,Brooklyn Nets,MARINE,Toronto Raptors,SPARKZ,Brooklyn Nets (MARINE),Toronto Raptors (SPARKZ),3º Cuarto,43,35,12/08/2026 23:19:00,97,moneyline_1x2,,Brooklyn Nets (MARINE),1.05,False
2026-08-12T23:36:52.567028+00:00,13673684715,GG League - 4x5 Min de juego,True,Brooklyn Nets,MARINE,Toronto Raptors,SPARKZ,Brooklyn Nets (MARINE),Toronto Raptors (SPARKZ),3º Cuarto,43,35,12/08/2026 23:19:00,97,moneyline_1x2,,Toronto Raptors (SPARKZ),6.75,False
2026-08-12T23:36:52.567028+00:00,13673685429,GG League - 4x5 Min de juego,True,New York Knicks,RADIANT,Los Angeles Lakers,ADMIRAL,New York Knicks (RADIANT),Los Angeles Lakers (ADMIRAL),2º cuarto,11,12,12/08/2026 23:31:00,97,moneyline_1x2,,New York Knicks (RADIANT),1.55,False
2026-08-12T23:36:52.567028+00:00,13673685429,GG League - 4x5 Min de juego,True,New York Knicks,RADIANT,Los Angeles Lakers,ADMIRAL,New York Knicks (RADIANT),Los Angeles Lakers (ADMIRAL),2º cuarto,11,12,12/08/2026 23:31:00,97,moneyline_1x2,,Los Angeles Lakers (ADMIRAL),2.2,False
2026-08-12T23:36:52.567028+00:00,13673685426,GG League - 4x5 Min de juego,True,Cleveland Cavaliers,DAGGER,Phoenix Suns,NIGHTHAWK,Cleveland Cavaliers (DAGGER),Phoenix Suns (NIGHTHAWK),2º cuarto,22,22,12/08/2026 23:27:00,97,moneyline_1x2,,Cleveland Cavaliers (DAGGER),2.7,False
2026-08-12T23:36:52.567028+00:00,13673685426,GG League - 4x5 Min de juego,True,Cleveland Cavaliers,DAGGER,Phoenix Suns,NIGHTHAWK,Cleveland Cavaliers (DAGGER),Phoenix Suns (NIGHTHAWK),2º cuarto,22,22,12/08/2026 23:27:00,97,moneyline_1x2,,Phoenix Suns (NIGHTHAWK),1.37,False
2026-08-12T23:36:52.567028+00:00,13673684716,GG League - 4x5 Min de juego,True,Miami Heat,MYTH,Brooklyn Nets,KARMA,Miami Heat (MYTH),Brooklyn Nets (KARMA),3º Cuarto,27,33,12/08/2026 23:23:00,97,moneyline_1x2,,Miami Heat (MYTH),4.1,False
2026-08-12T23:36:52.567028+00:00,13673684716,GG League - 4x5 Min de juego,True,Miami Heat,MYTH,Brooklyn Nets,KARMA,Miami Heat (MYTH),Brooklyn Nets (KARMA),3º Cuarto,27,33,12/08/2026 23:23:00,97,moneyline_1x2,,Brooklyn Nets (KARMA),1.17,False
2026-08-12T23:36:52.567028+00:00,13673685520,GG League - 4x5 Min de juego,False,Phoenix Suns,NIGHTHAWK,Milwaukee Bucks,GENERAL,Phoenix Suns (NIGHTHAWK),Milwaukee Bucks (GENERAL),,,,12/08/2026 23:59:00,97,moneyline_1x2,,Phoenix Suns (NIGHTHAWK),1.35,False
2026-08-12T23:36:52.567028+00:00,13673685520,GG League - 4x5 Min de juego,False,Phoenix Suns,NIGHTHAWK,Milwaukee Bucks,GENERAL,Phoenix Suns (NIGHTHAWK),Milwaukee Bucks (GENERAL),,,,12/08/2026 23:59:00,97,moneyline_1x2,,Milwaukee Bucks (GENERAL),2.8,False
2026-08-12T23:36:52.567028+00:00,13673685720,GG League - 4x5 Min de juego,False,Orlando Magic,HUNCHO,Charlotte Hornets,CALAMITY,Orlando Magic (HUNCHO),Charlotte Hornets (CALAMITY),,,,12/08/2026 23:47:00,97,moneyline_1x2,,Orlando Magic (HUNCHO),1.62,False
2026-08-12T23:36:52.567028+00:00,13673685720,GG League - 4x5 Min de juego,False,Orlando Magic,HUNCHO,Charlotte Hornets,CALAMITY,Orlando Magic (HUNCHO),Charlotte Hornets (CALAMITY),,,,12/08/2026 23:47:00,97,moneyline_1x2,,Charlotte Hornets (CALAMITY),2.05,False
2026-08-12T23:36:52.567028+00:00,13673685454,GG League - 4x5 Min de juego,False,Brooklyn Nets,KARMA,Toronto Raptors,CYPHER,Brooklyn Nets (KARMA),Toronto Raptors (CYPHER),,,,12/08/2026 23:55:00,97,moneyline_1x2,,Brooklyn Nets (KARMA),1.5,False
2026-08-12T23:36:52.567028+00:00,13673685454,GG League - 4x5 Min de juego,False,Brooklyn Nets,KARMA,Toronto Raptors,CYPHER,Brooklyn Nets (KARMA),Toronto Raptors (CYPHER),,,,12/08/2026 23:55:00,97,moneyline_1x2,,Toronto Raptors (CYPHER),2.3,False
2026-08-12T23:38:55.298461+00:00,13673664610,GG League - 4x5 Min de juego,False,Denver Nuggets,ADMIRAL,Charlotte Hornets,STING,Denver Nuggets (ADMIRAL),Charlotte Hornets (STING),,,,13/08/2026 00:35:00,97,moneyline_1x2,,Denver Nuggets (ADMIRAL),2.35,False
2026-08-12T23:38:55.298461+00:00,13673664610,GG League - 4x5 Min de juego,False,Denver Nuggets,ADMIRAL,Charlotte Hornets,STING,Denver Nuggets (ADMIRAL),Charlotte Hornets (STING),,,,13/08/2026 00:35:00,97,moneyline_1x2,,Charlotte Hornets (STING),1.5,False
2026-08-12T23:38:55.298461+00:00,13673685780,GG League - 4x5 Min de juego,False,Dallas Mavericks,SPARKZ,Orlando Magic,UNDERRATED,Dallas Mavericks (SPARKZ),Orlando Magic (UNDERRATED),,,,12/08/2026 23:51:00,97,moneyline_1x2,,Dallas Mavericks (SPARKZ),1.57,False
2026-08-12T23:38:55.298461+00:00,13673685780,GG League - 4x5 Min de juego,False,Dallas Mavericks,SPARKZ,Orlando Magic,UNDERRATED,Dallas Mavericks (SPARKZ),Orlando Magic (UNDERRATED),,,,12/08/2026 23:51:00,97,moneyline_1x2,,Orlando Magic (UNDERRATED),2.15,False
2026-08-12T23:38:55.298461+00:00,13673664495,GG League - 4x5 Min de juego,False,Dallas Mavericks,JACKAL,Denver Nuggets,CURSE,Dallas Mavericks (JACKAL),Denver Nuggets (CURSE),,,,13/08/2026 00:19:00,97,moneyline_1x2,,Dallas Mavericks (JACKAL),1.62,False
2026-08-12T23:38:55.298461+00:00,13673664495,GG League - 4x5 Min de juego,False,Dallas Mavericks,JACKAL,Denver Nuggets,CURSE,Dallas Mavericks (JACKAL),Denver Nuggets (CURSE),,,,13/08/2026 00:19:00,97,moneyline_1x2,,Denver Nuggets (CURSE),2.05,False
2026-08-12T23:38:55.298461+00:00,13673666929,GG League - 4x5 Min de juego,False,New York Knicks,RADIANT,Oklahoma City Thunder,STING,New York Knicks (RADIANT),Oklahoma City Thunder (STING),,,,13/08/2026 00:03:00,97,moneyline_1x2,,New York Knicks (RADIANT),2.35,False
2026-08-12T23:38:55.298461+00:00,13673666929,GG League - 4x5 Min de juego,False,New York Knicks,RADIANT,Oklahoma City Thunder,STING,New York Knicks (RADIANT),Oklahoma City Thunder (STING),,,,13/08/2026 00:03:00,97,moneyline_1x2,,Oklahoma City Thunder (STING),1.5,False
2026-08-12T23:38:55.298461+00:00,13673664611,GG League - 4x5 Min de juego,False,Phoenix Suns,SIGNAL,Memphis Grizzlies,PHARAOH,Phoenix Suns (SIGNAL),Memphis Grizzlies (PHARAOH),,,,13/08/2026 00:39:00,97,moneyline_1x2,,Phoenix Suns (SIGNAL),1.91,False
2026-08-12T23:38:55.298461+00:00,13673664611,GG League - 4x5 Min de juego,False,Phoenix Suns,SIGNAL,Memphis Grizzlies,PHARAOH,Phoenix Suns (SIGNAL),Memphis Grizzlies (PHARAOH),,,,13/08/2026 00:39:00,97,moneyline_1x2,,Memphis Grizzlies (PHARAOH),1.72,False
2026-08-12T23:38:55.298461+00:00,13673667032,GG League - 4x5 Min de juego,False,Denver Nuggets,DAGGER,Dallas Mavericks,JUGGERNAUT,Denver Nuggets (DAGGER),Dallas Mavericks (JUGGERNAUT),,,,13/08/2026 00:31:00,97,moneyline_1x2,,Denver Nuggets (DAGGER),1.5,False
2026-08-12T23:38:55.298461+00:00,13673667032,GG League - 4x5 Min de juego,False,Denver Nuggets,DAGGER,Dallas Mavericks,JUGGERNAUT,Denver Nuggets (DAGGER),Dallas Mavericks (JUGGERNAUT),,,,13/08/2026 00:31:00,97,moneyline_1x2,,Dallas Mavericks (JUGGERNAUT),2.3,False
2026-08-12T23:38:55.298461+00:00,13673685778,GG League - 4x5 Min de juego,True,Los Angeles Lakers,SIGNAL,New York Knicks,PATIENCE,Los Angeles Lakers (SIGNAL),New York Knicks (PATIENCE),1º cuarto,8,7,12/08/2026 23:35:00,97,moneyline_1x2,,Los Angeles Lakers (SIGNAL),2.05,False
2026-08-12T23:38:55.298461+00:00,13673685778,GG League - 4x5 Min de juego,True,Los Angeles Lakers,SIGNAL,New York Knicks,PATIENCE,Los Angeles Lakers (SIGNAL),New York Knicks (PATIENCE),1º cuarto,8,7,12/08/2026 23:35:00,97,moneyline_1x2,,New York Knicks (PATIENCE),1.62,False
2026-08-12T23:38:55.298461+00:00,13673664429,GG League - 4x5 Min de juego,False,New York Knicks,PATIENCE,Oklahoma City Thunder,AZURE,New York Knicks (PATIENCE),Oklahoma City Thunder (AZURE),,,,13/08/2026 00:07:00,97,moneyline_1x2,,New York Knicks (PATIENCE),1.3,False
2026-08-12T23:38:55.298461+00:00,13673664429,GG League - 4x5 Min de juego,False,New York Knicks,PATIENCE,Oklahoma City Thunder,AZURE,New York Knicks (PATIENCE),Oklahoma City Thunder (AZURE),,,,13/08/2026 00:07:00,97,moneyline_1x2,,Oklahoma City Thunder (AZURE),2.95,False
2026-08-12T23:38:55.298461+00:00,13673685429,GG League - 4x5 Min de juego,True,New York Knicks,RADIANT,Los Angeles Lakers,ADMIRAL,New York Knicks (RADIANT),Los Angeles Lakers (ADMIRAL),2º cuarto,14,21,12/08/2026 23:31:00,97,moneyline_1x2,,New York Knicks (RADIANT),2.7,False
2026-08-12T23:38:55.298461+00:00,13673685429,GG League - 4x5 Min de juego,True,New York Knicks,RADIANT,Los Angeles Lakers,ADMIRAL,New York Knicks (RADIANT),Los Angeles Lakers (ADMIRAL),2º cuarto,14,21,12/08/2026 23:31:00,97,moneyline_1x2,,Los Angeles Lakers (ADMIRAL),1.37,False
2026-08-12T23:38:55.298461+00:00,13673685426,GG League - 4x5 Min de juego,True,Cleveland Cavaliers,DAGGER,Phoenix Suns,NIGHTHAWK,Cleveland Cavaliers (DAGGER),Phoenix Suns (NIGHTHAWK),2º cuarto,26,26,12/08/2026 23:27:00,97,moneyline_1x2,,Cleveland Cavaliers (DAGGER),2.15,False
2026-08-12T23:38:55.298461+00:00,13673685426,GG League - 4x5 Min de juego,True,Cleveland Cavaliers,DAGGER,Phoenix Suns,NIGHTHAWK,Cleveland Cavaliers (DAGGER),Phoenix Suns (NIGHTHAWK),2º cuarto,26,26,12/08/2026 23:27:00,97,moneyline_1x2,,Phoenix Suns (NIGHTHAWK),1.57,False
2026-08-12T23:38:55.298461+00:00,13673684716,GG League - 4x5 Min de juego,True,Miami Heat,MYTH,Brooklyn Nets,KARMA,Miami Heat (MYTH),Brooklyn Nets (KARMA),3º Cuarto,32,40,12/08/2026 23:23:00,97,moneyline_1x2,,Miami Heat (MYTH),6.5,False
2026-08-12T23:38:55.298461+00:00,13673684716,GG League - 4x5 Min de juego,True,Miami Heat,MYTH,Brooklyn Nets,KARMA,Miami Heat (MYTH),Brooklyn Nets (KARMA),3º Cuarto,32,40,12/08/2026 23:23:00,97,moneyline_1x2,,Brooklyn Nets (KARMA),1.06,False
2026-08-12T23:38:55.298461+00:00,13673685520,GG League - 4x5 Min de juego,False,Phoenix Suns,NIGHTHAWK,Milwaukee Bucks,GENERAL,Phoenix Suns (NIGHTHAWK),Milwaukee Bucks (GENERAL),,,,12/08/2026 23:59:00,97,moneyline_1x2,,Phoenix Suns (NIGHTHAWK),1.35,False
2026-08-12T23:38:55.298461+00:00,13673685520,GG League - 4x5 Min de juego,False,Phoenix Suns,NIGHTHAWK,Milwaukee Bucks,GENERAL,Phoenix Suns (NIGHTHAWK),Milwaukee Bucks (GENERAL),,,,12/08/2026 23:59:00,97,moneyline_1x2,,Milwaukee Bucks (GENERAL),2.8,False
2026-08-12T23:38:55.298461+00:00,13673685720,GG League - 4x5 Min de juego,False,Orlando Magic,HUNCHO,Charlotte Hornets,CALAMITY,Orlando Magic (HUNCHO),Charlotte Hornets (CALAMITY),,,,12/08/2026 23:47:00,97,moneyline_1x2,,Orlando Magic (HUNCHO),1.62,False
2026-08-12T23:38:55.298461+00:00,13673685720,GG League - 4x5 Min de juego,False,Orlando Magic,HUNCHO,Charlotte Hornets,CALAMITY,Orlando Magic (HUNCHO),Charlotte Hornets (CALAMITY),,,,12/08/2026 23:47:00,97,moneyline_1x2,,Charlotte Hornets (CALAMITY),2.05,False
2026-08-12T23:38:55.298461+00:00,13673685454,GG League - 4x5 Min de juego,False,Brooklyn Nets,KARMA,Toronto Raptors,CYPHER,Brooklyn Nets (KARMA),Toronto Raptors (CYPHER),,,,12/08/2026 23:55:00,97,moneyline_1x2,,Brooklyn Nets (KARMA),1.5,False
2026-08-12T23:38:55.298461+00:00,13673685454,GG League - 4x5 Min de juego,False,Brooklyn Nets,KARMA,Toronto Raptors,CYPHER,Brooklyn Nets (KARMA),Toronto Raptors (CYPHER),,,,12/08/2026 23:55:00,97,moneyline_1x2,,Toronto Raptors (CYPHER),2.3,False
2026-08-12T23:41:12.235386+00:00,13673664610,GG League - 4x5 Min de juego,False,Denver Nuggets,ADMIRAL,Charlotte Hornets,STING,Denver Nuggets (ADMIRAL),Charlotte Hornets (STING),,,,13/08/2026 00:35:00,97,moneyline_1x2,,Denver Nuggets (ADMIRAL),2.35,False
2026-08-12T23:41:12.235386+00:00,13673664610,GG League - 4x5 Min de juego,False,Denver Nuggets,ADMIRAL,Charlotte Hornets,STING,Denver Nuggets (ADMIRAL),Charlotte Hornets (STING),,,,13/08/2026 00:35:00,97,moneyline_1x2,,Charlotte Hornets (STING),1.5,False
2026-08-12T23:41:12.235386+00:00,13673685780,GG League - 4x5 Min de juego,False,Dallas Mavericks,SPARKZ,Orlando Magic,UNDERRATED,Dallas Mavericks (SPARKZ),Orlando Magic (UNDERRATED),,,,12/08/2026 23:51:00,97,moneyline_1x2,,Dallas Mavericks (SPARKZ),1.57,False
2026-08-12T23:41:12.235386+00:00,13673685780,GG League - 4x5 Min de juego,False,Dallas Mavericks,SPARKZ,Orlando Magic,UNDERRATED,Dallas Mavericks (SPARKZ),Orlando Magic (UNDERRATED),,,,12/08/2026 23:51:00,97,moneyline_1x2,,Orlando Magic (UNDERRATED),2.15,False
2026-08-12T23:41:12.235386+00:00,13673664495,GG League - 4x5 Min de juego,False,Dallas Mavericks,JACKAL,Denver Nuggets,CURSE,Dallas Mavericks (JACKAL),Denver Nuggets (CURSE),,,,13/08/2026 00:19:00,97,moneyline_1x2,,Dallas Mavericks (JACKAL),1.62,False
2026-08-12T23:41:12.235386+00:00,13673664495,GG League - 4x5 Min de juego,False,Dallas Mavericks,JACKAL,Denver Nuggets,CURSE,Dallas Mavericks (JACKAL),Denver Nuggets (CURSE),,,,13/08/2026 00:19:00,97,moneyline_1x2,,Denver Nuggets (CURSE),2.05,False
2026-08-12T23:41:12.235386+00:00,13673666929,GG League - 4x5 Min de juego,False,New York Knicks,RADIANT,Oklahoma City Thunder,STING,New York Knicks (RADIANT),Oklahoma City Thunder (STING),,,,13/08/2026 00:03:00,97,moneyline_1x2,,New York Knicks (RADIANT),2.35,False
2026-08-12T23:41:12.235386+00:00,13673666929,GG League - 4x5 Min de juego,False,New York Knicks,RADIANT,Oklahoma City Thunder,STING,New York Knicks (RADIANT),Oklahoma City Thunder (STING),,,,13/08/2026 00:03:00,97,moneyline_1x2,,Oklahoma City Thunder (STING),1.5,False
2026-08-12T23:41:12.235386+00:00,13673664611,GG League - 4x5 Min de juego,False,Phoenix Suns,SIGNAL,Memphis Grizzlies,PHARAOH,Phoenix Suns (SIGNAL),Memphis Grizzlies (PHARAOH),,,,13/08/2026 00:39:00,97,moneyline_1x2,,Phoenix Suns (SIGNAL),1.91,False
2026-08-12T23:41:12.235386+00:00,13673664611,GG League - 4x5 Min de juego,False,Phoenix Suns,SIGNAL,Memphis Grizzlies,PHARAOH,Phoenix Suns (SIGNAL),Memphis Grizzlies (PHARAOH),,,,13/08/2026 00:39:00,97,moneyline_1x2,,Memphis Grizzlies (PHARAOH),1.72,False
2026-08-12T23:41:12.235386+00:00,13673667032,GG League - 4x5 Min de juego,False,Denver Nuggets,DAGGER,Dallas Mavericks,JUGGERNAUT,Denver Nuggets (DAGGER),Dallas Mavericks (JUGGERNAUT),,,,13/08/2026 00:31:00,97,moneyline_1x2,,Denver Nuggets (DAGGER),1.5,False
2026-08-12T23:41:12.235386+00:00,13673667032,GG League - 4x5 Min de juego,False,Denver Nuggets,DAGGER,Dallas Mavericks,JUGGERNAUT,Denver Nuggets (DAGGER),Dallas Mavericks (JUGGERNAUT),,,,13/08/2026 00:31:00,97,moneyline_1x2,,Dallas Mavericks (JUGGERNAUT),2.3,False
2026-08-12T23:41:12.235386+00:00,13673685778,GG League - 4x5 Min de juego,True,Los Angeles Lakers,SIGNAL,New York Knicks,PATIENCE,Los Angeles Lakers (SIGNAL),New York Knicks (PATIENCE),2º cuarto,14,12,12/08/2026 23:35:00,97,moneyline_1x2,,Los Angeles Lakers (SIGNAL),1.91,False
2026-08-12T23:41:12.235386+00:00,13673685778,GG League - 4x5 Min de juego,True,Los Angeles Lakers,SIGNAL,New York Knicks,PATIENCE,Los Angeles Lakers (SIGNAL),New York Knicks (PATIENCE),2º cuarto,14,12,12/08/2026 23:35:00,97,moneyline_1x2,,New York Knicks (PATIENCE),1.72,False
2026-08-12T23:41:12.235386+00:00,13673664429,GG League - 4x5 Min de juego,False,New York Knicks,PATIENCE,Oklahoma City Thunder,AZURE,New York Knicks (PATIENCE),Oklahoma City Thunder (AZURE),,,,13/08/2026 00:07:00,97,moneyline_1x2,,New York Knicks (PATIENCE),1.3,False
2026-08-12T23:41:12.235386+00:00,13673664429,GG League - 4x5 Min de juego,False,New York Knicks,PATIENCE,Oklahoma City Thunder,AZURE,New York Knicks (PATIENCE),Oklahoma City Thunder (AZURE),,,,13/08/2026 00:07:00,97,moneyline_1x2,,Oklahoma City Thunder (AZURE),2.95,False
2026-08-12T23:41:12.235386+00:00,13673684715,GG League - 4x5 Min de juego,True,Brooklyn Nets,MARINE,Toronto Raptors,SPARKZ,Brooklyn Nets (MARINE),Toronto Raptors (SPARKZ),4º cuarto,56,48,12/08/2026 23:19:00,97,moneyline_1x2,,Brooklyn Nets (MARINE),1.01,False
2026-08-12T23:41:12.235386+00:00,13673684715,GG League - 4x5 Min de juego,True,Brooklyn Nets,MARINE,Toronto Raptors,SPARKZ,Brooklyn Nets (MARINE),Toronto Raptors (SPARKZ),4º cuarto,56,48,12/08/2026 23:19:00,97,moneyline_1x2,,Toronto Raptors (SPARKZ),9.0,False
2026-08-12T23:41:12.235386+00:00,13673685429,GG League - 4x5 Min de juego,True,New York Knicks,RADIANT,Los Angeles Lakers,ADMIRAL,New York Knicks (RADIANT),Los Angeles Lakers (ADMIRAL),2º cuarto,18,29,12/08/2026 23:31:00,97,moneyline_1x2,,New York Knicks (RADIANT),5.0,False
2026-08-12T23:41:12.235386+00:00,13673685429,GG League - 4x5 Min de juego,True,New York Knicks,RADIANT,Los Angeles Lakers,ADMIRAL,New York Knicks (RADIANT),Los Angeles Lakers (ADMIRAL),2º cuarto,18,29,12/08/2026 23:31:00,97,moneyline_1x2,,Los Angeles Lakers (ADMIRAL),1.11,False
2026-08-12T23:41:12.235386+00:00,13673685426,GG League - 4x5 Min de juego,True,Cleveland Cavaliers,DAGGER,Phoenix Suns,NIGHTHAWK,Cleveland Cavaliers (DAGGER),Phoenix Suns (NIGHTHAWK),3º Cuarto,28,30,12/08/2026 23:27:00,97,moneyline_1x2,,Cleveland Cavaliers (DAGGER),2.7,False
2026-08-12T23:41:12.235386+00:00,13673685426,GG League - 4x5 Min de juego,True,Cleveland Cavaliers,DAGGER,Phoenix Suns,NIGHTHAWK,Cleveland Cavaliers (DAGGER),Phoenix Suns (NIGHTHAWK),3º Cuarto,28,30,12/08/2026 23:27:00,97,moneyline_1x2,,Phoenix Suns (NIGHTHAWK),1.37,False
2026-08-12T23:41:12.235386+00:00,13673684716,GG League - 4x5 Min de juego,True,Miami Heat,MYTH,Brooklyn Nets,KARMA,Miami Heat (MYTH),Brooklyn Nets (KARMA),3º Cuarto,38,44,12/08/2026 23:23:00,97,moneyline_1x2,,Miami Heat (MYTH),5.5,False
2026-08-12T23:41:12.235386+00:00,13673684716,GG League - 4x5 Min de juego,True,Miami Heat,MYTH,Brooklyn Nets,KARMA,Miami Heat (MYTH),Brooklyn Nets (KARMA),3º Cuarto,38,44,12/08/2026 23:23:00,97,moneyline_1x2,,Brooklyn Nets (KARMA),1.09,False
2026-08-12T23:41:12.235386+00:00,13673685520,GG League - 4x5 Min de juego,False,Phoenix Suns,NIGHTHAWK,Milwaukee Bucks,GENERAL,Phoenix Suns (NIGHTHAWK),Milwaukee Bucks (GENERAL),,,,12/08/2026 23:59:00,97,moneyline_1x2,,Phoenix Suns (NIGHTHAWK),1.35,False
2026-08-12T23:41:12.235386+00:00,13673685520,GG League - 4x5 Min de juego,False,Phoenix Suns,NIGHTHAWK,Milwaukee Bucks,GENERAL,Phoenix Suns (NIGHTHAWK),Milwaukee Bucks (GENERAL),,,,12/08/2026 23:59:00,97,moneyline_1x2,,Milwaukee Bucks (GENERAL),2.8,False
2026-08-12T23:41:12.235386+00:00,13673685720,GG League - 4x5 Min de juego,False,Orlando Magic,HUNCHO,Charlotte Hornets,CALAMITY,Orlando Magic (HUNCHO),Charlotte Hornets (CALAMITY),,,,12/08/2026 23:47:00,97,moneyline_1x2,,Orlando Magic (HUNCHO),1.62,False
2026-08-12T23:41:12.235386+00:00,13673685720,GG League - 4x5 Min de juego,False,Orlando Magic,HUNCHO,Charlotte Hornets,CALAMITY,Orlando Magic (HUNCHO),Charlotte Hornets (CALAMITY),,,,12/08/2026 23:47:00,97,moneyline_1x2,,Charlotte Hornets (CALAMITY),2.05,False
2026-08-12T23:41:12.235386+00:00,13673685454,GG League - 4x5 Min de juego,False,Brooklyn Nets,KARMA,Toronto Raptors,CYPHER,Brooklyn Nets (KARMA),Toronto Raptors (CYPHER),,,,12/08/2026 23:55:00,97,moneyline_1x2,,Brooklyn Nets (KARMA),1.5,False
2026-08-12T23:41:12.235386+00:00,13673685454,GG League - 4x5 Min de juego,False,Brooklyn Nets,KARMA,Toronto Raptors,CYPHER,Brooklyn Nets (KARMA),Toronto Raptors (CYPHER),,,,12/08/2026 23:55:00,97,moneyline_1x2,,Toronto Raptors (CYPHER),2.3,False
2026-08-12T23:42:53.167929+00:00,13673664610,GG League - 4x5 Min de juego,False,Denver Nuggets,ADMIRAL,Charlotte Hornets,STING,Denver Nuggets (ADMIRAL),Charlotte Hornets (STING),,,,13/08/2026 00:35:00,97,moneyline_1x2,,Denver Nuggets (ADMIRAL),2.35,False
2026-08-12T23:42:53.167929+00:00,13673664610,GG League - 4x5 Min de juego,False,Denver Nuggets,ADMIRAL,Charlotte Hornets,STING,Denver Nuggets (ADMIRAL),Charlotte Hornets (STING),,,,13/08/2026 00:35:00,97,moneyline_1x2,,Charlotte Hornets (STING),1.5,False
2026-08-12T23:42:53.167929+00:00,13673685780,GG League - 4x5 Min de juego,False,Dallas Mavericks,SPARKZ,Orlando Magic,UNDERRATED,Dallas Mavericks (SPARKZ),Orlando Magic (UNDERRATED),,,,12/08/2026 23:51:00,97,moneyline_1x2,,Dallas Mavericks (SPARKZ),1.57,False
2026-08-12T23:42:53.167929+00:00,13673685780,GG League - 4x5 Min de juego,False,Dallas Mavericks,SPARKZ,Orlando Magic,UNDERRATED,Dallas Mavericks (SPARKZ),Orlando Magic (UNDERRATED),,,,12/08/2026 23:51:00,97,moneyline_1x2,,Orlando Magic (UNDERRATED),2.15,False
2026-08-12T23:42:53.167929+00:00,13673664495,GG League - 4x5 Min de juego,False,Dallas Mavericks,JACKAL,Denver Nuggets,CURSE,Dallas Mavericks (JACKAL),Denver Nuggets (CURSE),,,,13/08/2026 00:19:00,97,moneyline_1x2,,Dallas Mavericks (JACKAL),1.62,False
2026-08-12T23:42:53.167929+00:00,13673664495,GG League - 4x5 Min de juego,False,Dallas Mavericks,JACKAL,Denver Nuggets,CURSE,Dallas Mavericks (JACKAL),Denver Nuggets (CURSE),,,,13/08/2026 00:19:00,97,moneyline_1x2,,Denver Nuggets (CURSE),2.05,False
2026-08-12T23:42:53.167929+00:00,13673666929,GG League - 4x5 Min de juego,False,New York Knicks,RADIANT,Oklahoma City Thunder,STING,New York Knicks (RADIANT),Oklahoma City Thunder (STING),,,,13/08/2026 00:03:00,97,moneyline_1x2,,New York Knicks (RADIANT),2.35,False
2026-08-12T23:42:53.167929+00:00,13673666929,GG League - 4x5 Min de juego,False,New York Knicks,RADIANT,Oklahoma City Thunder,STING,New York Knicks (RADIANT),Oklahoma City Thunder (STING),,,,13/08/2026 00:03:00,97,moneyline_1x2,,Oklahoma City Thunder (STING),1.5,False
2026-08-12T23:42:53.167929+00:00,13673664611,GG League - 4x5 Min de juego,False,Phoenix Suns,SIGNAL,Memphis Grizzlies,PHARAOH,Phoenix Suns (SIGNAL),Memphis Grizzlies (PHARAOH),,,,13/08/2026 00:39:00,97,moneyline_1x2,,Phoenix Suns (SIGNAL),1.91,False
2026-08-12T23:42:53.167929+00:00,13673664611,GG League - 4x5 Min de juego,False,Phoenix Suns,SIGNAL,Memphis Grizzlies,PHARAOH,Phoenix Suns (SIGNAL),Memphis Grizzlies (PHARAOH),,,,13/08/2026 00:39:00,97,moneyline_1x2,,Memphis Grizzlies (PHARAOH),1.72,False
2026-08-12T23:42:53.167929+00:00,13673667032,GG League - 4x5 Min de juego,False,Denver Nuggets,DAGGER,Dallas Mavericks,JUGGERNAUT,Denver Nuggets (DAGGER),Dallas Mavericks (JUGGERNAUT),,,,13/08/2026 00:31:00,97,moneyline_1x2,,Denver Nuggets (DAGGER),1.5,False
2026-08-12T23:42:53.167929+00:00,13673667032,GG League - 4x5 Min de juego,False,Denver Nuggets,DAGGER,Dallas Mavericks,JUGGERNAUT,Denver Nuggets (DAGGER),Dallas Mavericks (JUGGERNAUT),,,,13/08/2026 00:31:00,97,moneyline_1x2,,Dallas Mavericks (JUGGERNAUT),2.3,False
2026-08-12T23:42:53.167929+00:00,13673685778,GG League - 4x5 Min de juego,True,Los Angeles Lakers,SIGNAL,New York Knicks,PATIENCE,Los Angeles Lakers (SIGNAL),New York Knicks (PATIENCE),2º cuarto,14,12,12/08/2026 23:35:00,97,moneyline_1x2,,Los Angeles Lakers (SIGNAL),1.9,False
2026-08-12T23:42:53.167929+00:00,13673685778,GG League - 4x5 Min de juego,True,Los Angeles Lakers,SIGNAL,New York Knicks,PATIENCE,Los Angeles Lakers (SIGNAL),New York Knicks (PATIENCE),2º cuarto,14,12,12/08/2026 23:35:00,97,moneyline_1x2,,New York Knicks (PATIENCE),1.75,False
2026-08-12T23:42:53.167929+00:00,13673664429,GG League - 4x5 Min de juego,False,New York Knicks,PATIENCE,Oklahoma City Thunder,AZURE,New York Knicks (PATIENCE),Oklahoma City Thunder (AZURE),,,,13/08/2026 00:07:00,97,moneyline_1x2,,New York Knicks (PATIENCE),1.3,False
2026-08-12T23:42:53.167929+00:00,13673664429,GG League - 4x5 Min de juego,False,New York Knicks,PATIENCE,Oklahoma City Thunder,AZURE,New York Knicks (PATIENCE),Oklahoma City Thunder (AZURE),,,,13/08/2026 00:07:00,97,moneyline_1x2,,Oklahoma City Thunder (AZURE),2.95,False
2026-08-12T23:42:53.167929+00:00,13673685429,GG League - 4x5 Min de juego,True,New York Knicks,RADIANT,Los Angeles Lakers,ADMIRAL,New York Knicks (RADIANT),Los Angeles Lakers (ADMIRAL),2º cuarto,18,33,12/08/2026 23:31:00,97,moneyline_1x2,,New York Knicks (RADIANT),8.0,False
2026-08-12T23:42:53.167929+00:00,13673685429,GG League - 4x5 Min de juego,True,New York Knicks,RADIANT,Los Angeles Lakers,ADMIRAL,New York Knicks (RADIANT),Los Angeles Lakers (ADMIRAL),2º cuarto,18,33,12/08/2026 23:31:00,97,moneyline_1x2,,Los Angeles Lakers (ADMIRAL),1.03,False
2026-08-12T23:42:53.167929+00:00,13673685426,GG League - 4x5 Min de juego,True,Cleveland Cavaliers,DAGGER,Phoenix Suns,NIGHTHAWK,Cleveland Cavaliers (DAGGER),Phoenix Suns (NIGHTHAWK),3º Cuarto,33,37,12/08/2026 23:27:00,97,moneyline_1x2,,Cleveland Cavaliers (DAGGER),3.7,False
2026-08-12T23:42:53.167929+00:00,13673685426,GG League - 4x5 Min de juego,True,Cleveland Cavaliers,DAGGER,Phoenix Suns,NIGHTHAWK,Cleveland Cavaliers (DAGGER),Phoenix Suns (NIGHTHAWK),3º Cuarto,33,37,12/08/2026 23:27:00,97,moneyline_1x2,,Phoenix Suns (NIGHTHAWK),1.21,False
2026-08-12T23:42:53.167929+00:00,13673684716,GG League - 4x5 Min de juego,True,Miami Heat,MYTH,Brooklyn Nets,KARMA,Miami Heat (MYTH),Brooklyn Nets (KARMA),4º cuarto,41,44,12/08/2026 23:23:00,97,moneyline_1x2,,Miami Heat (MYTH),3.2,False
2026-08-12T23:42:53.167929+00:00,13673684716,GG League - 4x5 Min de juego,True,Miami Heat,MYTH,Brooklyn Nets,KARMA,Miami Heat (MYTH),Brooklyn Nets (KARMA),4º cuarto,41,44,12/08/2026 23:23:00,97,moneyline_1x2,,Brooklyn Nets (KARMA),1.28,False
2026-08-12T23:42:53.167929+00:00,13673685520,GG League - 4x5 Min de juego,False,Phoenix Suns,NIGHTHAWK,Milwaukee Bucks,GENERAL,Phoenix Suns (NIGHTHAWK),Milwaukee Bucks (GENERAL),,,,12/08/2026 23:59:00,97,moneyline_1x2,,Phoenix Suns (NIGHTHAWK),1.35,False
2026-08-12T23:42:53.167929+00:00,13673685520,GG League - 4x5 Min de juego,False,Phoenix Suns,NIGHTHAWK,Milwaukee Bucks,GENERAL,Phoenix Suns (NIGHTHAWK),Milwaukee Bucks (GENERAL),,,,12/08/2026 23:59:00,97,moneyline_1x2,,Milwaukee Bucks (GENERAL),2.8,False
2026-08-12T23:42:53.167929+00:00,13673685720,GG League - 4x5 Min de juego,False,Orlando Magic,HUNCHO,Charlotte Hornets,CALAMITY,Orlando Magic (HUNCHO),Charlotte Hornets (CALAMITY),,,,12/08/2026 23:47:00,97,moneyline_1x2,,Orlando Magic (HUNCHO),1.62,False
2026-08-12T23:42:53.167929+00:00,13673685720,GG League - 4x5 Min de juego,False,Orlando Magic,HUNCHO,Charlotte Hornets,CALAMITY,Orlando Magic (HUNCHO),Charlotte Hornets (CALAMITY),,,,12/08/2026 23:47:00,97,moneyline_1x2,,Charlotte Hornets (CALAMITY),2.05,False
2026-08-12T23:42:53.167929+00:00,13673685454,GG League - 4x5 Min de juego,False,Brooklyn Nets,KARMA,Toronto Raptors,CYPHER,Brooklyn Nets (KARMA),Toronto Raptors (CYPHER),,,,12/08/2026 23:55:00,97,moneyline_1x2,,Brooklyn Nets (KARMA),1.5,False
2026-08-12T23:42:53.167929+00:00,13673685454,GG League - 4x5 Min de juego,False,Brooklyn Nets,KARMA,Toronto Raptors,CYPHER,Brooklyn Nets (KARMA),Toronto Raptors (CYPHER),,,,12/08/2026 23:55:00,97,moneyline_1x2,,Toronto Raptors (CYPHER),2.3,False
2026-08-12T23:44:51.611516+00:00,13673664610,GG League - 4x5 Min de juego,False,Denver Nuggets,ADMIRAL,Charlotte Hornets,STING,Denver Nuggets (ADMIRAL),Charlotte Hornets (STING),,,,13/08/2026 00:35:00,97,moneyline_1x2,,Denver Nuggets (ADMIRAL),2.35,False
2026-08-12T23:44:51.611516+00:00,13673664610,GG League - 4x5 Min de juego,False,Denver Nuggets,ADMIRAL,Charlotte Hornets,STING,Denver Nuggets (ADMIRAL),Charlotte Hornets (STING),,,,13/08/2026 00:35:00,97,moneyline_1x2,,Charlotte Hornets (STING),1.5,False
2026-08-12T23:44:51.611516+00:00,13673685780,GG League - 4x5 Min de juego,False,Dallas Mavericks,SPARKZ,Orlando Magic,UNDERRATED,Dallas Mavericks (SPARKZ),Orlando Magic (UNDERRATED),,,,12/08/2026 23:51:00,97,moneyline_1x2,,Dallas Mavericks (SPARKZ),1.57,False
2026-08-12T23:44:51.611516+00:00,13673685780,GG League - 4x5 Min de juego,False,Dallas Mavericks,SPARKZ,Orlando Magic,UNDERRATED,Dallas Mavericks (SPARKZ),Orlando Magic (UNDERRATED),,,,12/08/2026 23:51:00,97,moneyline_1x2,,Orlando Magic (UNDERRATED),2.15,False
2026-08-12T23:44:51.611516+00:00,13673664495,GG League - 4x5 Min de juego,False,Dallas Mavericks,JACKAL,Denver Nuggets,CURSE,Dallas Mavericks (JACKAL),Denver Nuggets (CURSE),,,,13/08/2026 00:19:00,97,moneyline_1x2,,Dallas Mavericks (JACKAL),1.62,False
2026-08-12T23:44:51.611516+00:00,13673664495,GG League - 4x5 Min de juego,False,Dallas Mavericks,JACKAL,Denver Nuggets,CURSE,Dallas Mavericks (JACKAL),Denver Nuggets (CURSE),,,,13/08/2026 00:19:00,97,moneyline_1x2,,Denver Nuggets (CURSE),2.05,False
2026-08-12T23:44:51.611516+00:00,13673666929,GG League - 4x5 Min de juego,False,New York Knicks,RADIANT,Oklahoma City Thunder,STING,New York Knicks (RADIANT),Oklahoma City Thunder (STING),,,,13/08/2026 00:03:00,97,moneyline_1x2,,New York Knicks (RADIANT),2.35,False
2026-08-12T23:44:51.611516+00:00,13673666929,GG League - 4x5 Min de juego,False,New York Knicks,RADIANT,Oklahoma City Thunder,STING,New York Knicks (RADIANT),Oklahoma City Thunder (STING),,,,13/08/2026 00:03:00,97,moneyline_1x2,,Oklahoma City Thunder (STING),1.5,False
2026-08-12T23:44:51.611516+00:00,13673664611,GG League - 4x5 Min de juego,False,Phoenix Suns,SIGNAL,Memphis Grizzlies,PHARAOH,Phoenix Suns (SIGNAL),Memphis Grizzlies (PHARAOH),,,,13/08/2026 00:39:00,97,moneyline_1x2,,Phoenix Suns (SIGNAL),1.91,False
2026-08-12T23:44:51.611516+00:00,13673664611,GG League - 4x5 Min de juego,False,Phoenix Suns,SIGNAL,Memphis Grizzlies,PHARAOH,Phoenix Suns (SIGNAL),Memphis Grizzlies (PHARAOH),,,,13/08/2026 00:39:00,97,moneyline_1x2,,Memphis Grizzlies (PHARAOH),1.72,False
2026-08-12T23:44:51.611516+00:00,13673667032,GG League - 4x5 Min de juego,False,Denver Nuggets,DAGGER,Dallas Mavericks,JUGGERNAUT,Denver Nuggets (DAGGER),Dallas Mavericks (JUGGERNAUT),,,,13/08/2026 00:31:00,97,moneyline_1x2,,Denver Nuggets (DAGGER),1.5,False
2026-08-12T23:44:51.611516+00:00,13673667032,GG League - 4x5 Min de juego,False,Denver Nuggets,DAGGER,Dallas Mavericks,JUGGERNAUT,Denver Nuggets (DAGGER),Dallas Mavericks (JUGGERNAUT),,,,13/08/2026 00:31:00,97,moneyline_1x2,,Dallas Mavericks (JUGGERNAUT),2.3,False
2026-08-12T23:44:51.611516+00:00,13673685778,GG League - 4x5 Min de juego,True,Los Angeles Lakers,SIGNAL,New York Knicks,PATIENCE,Los Angeles Lakers (SIGNAL),New York Knicks (PATIENCE),2º cuarto,17,16,12/08/2026 23:35:00,97,moneyline_1x2,,Los Angeles Lakers (SIGNAL),1.9,False
2026-08-12T23:44:51.611516+00:00,13673685778,GG League - 4x5 Min de juego,True,Los Angeles Lakers,SIGNAL,New York Knicks,PATIENCE,Los Angeles Lakers (SIGNAL),New York Knicks (PATIENCE),2º cuarto,17,16,12/08/2026 23:35:00,97,moneyline_1x2,,New York Knicks (PATIENCE),1.75,False
2026-08-12T23:44:51.611516+00:00,13673664429,GG League - 4x5 Min de juego,False,New York Knicks,PATIENCE,Oklahoma City Thunder,AZURE,New York Knicks (PATIENCE),Oklahoma City Thunder (AZURE),,,,13/08/2026 00:07:00,97,moneyline_1x2,,New York Knicks (PATIENCE),1.3,False
2026-08-12T23:44:51.611516+00:00,13673664429,GG League - 4x5 Min de juego,False,New York Knicks,PATIENCE,Oklahoma City Thunder,AZURE,New York Knicks (PATIENCE),Oklahoma City Thunder (AZURE),,,,13/08/2026 00:07:00,97,moneyline_1x2,,Oklahoma City Thunder (AZURE),2.95,False
2026-08-12T23:44:51.611516+00:00,13673685429,GG League - 4x5 Min de juego,True,New York Knicks,RADIANT,Los Angeles Lakers,ADMIRAL,New York Knicks (RADIANT),Los Angeles Lakers (ADMIRAL),3º Cuarto,22,37,12/08/2026 23:31:00,97,moneyline_1x2,,New York Knicks (RADIANT),8.0,False
2026-08-12T23:44:51.611516+00:00,13673685429,GG League - 4x5 Min de juego,True,New York Knicks,RADIANT,Los Angeles Lakers,ADMIRAL,New York Knicks (RADIANT),Los Angeles Lakers (ADMIRAL),3º Cuarto,22,37,12/08/2026 23:31:00,97,moneyline_1x2,,Los Angeles Lakers (ADMIRAL),1.03,False
2026-08-12T23:44:51.611516+00:00,13673685426,GG League - 4x5 Min de juego,True,Cleveland Cavaliers,DAGGER,Phoenix Suns,NIGHTHAWK,Cleveland Cavaliers (DAGGER),Phoenix Suns (NIGHTHAWK),3º Cuarto,38,43,12/08/2026 23:27:00,97,moneyline_1x2,,Cleveland Cavaliers (DAGGER),3.7,False
2026-08-12T23:44:51.611516+00:00,13673685426,GG League - 4x5 Min de juego,True,Cleveland Cavaliers,DAGGER,Phoenix Suns,NIGHTHAWK,Cleveland Cavaliers (DAGGER),Phoenix Suns (NIGHTHAWK),3º Cuarto,38,43,12/08/2026 23:27:00,97,moneyline_1x2,,Phoenix Suns (NIGHTHAWK),1.21,False
2026-08-12T23:44:51.611516+00:00,13673684716,GG League - 4x5 Min de juego,True,Miami Heat,MYTH,Brooklyn Nets,KARMA,Miami Heat (MYTH),Brooklyn Nets (KARMA),4º cuarto,45,48,12/08/2026 23:23:00,97,moneyline_1x2,,Miami Heat (MYTH),3.2,False
2026-08-12T23:44:51.611516+00:00,13673684716,GG League - 4x5 Min de juego,True,Miami Heat,MYTH,Brooklyn Nets,KARMA,Miami Heat (MYTH),Brooklyn Nets (KARMA),4º cuarto,45,48,12/08/2026 23:23:00,97,moneyline_1x2,,Brooklyn Nets (KARMA),1.28,False
2026-08-12T23:44:51.611516+00:00,13673685520,GG League - 4x5 Min de juego,False,Phoenix Suns,NIGHTHAWK,Milwaukee Bucks,GENERAL,Phoenix Suns (NIGHTHAWK),Milwaukee Bucks (GENERAL),,,,12/08/2026 23:59:00,97,moneyline_1x2,,Phoenix Suns (NIGHTHAWK),1.35,False
2026-08-12T23:44:51.611516+00:00,13673685520,GG League - 4x5 Min de juego,False,Phoenix Suns,NIGHTHAWK,Milwaukee Bucks,GENERAL,Phoenix Suns (NIGHTHAWK),Milwaukee Bucks (GENERAL),,,,12/08/2026 23:59:00,97,moneyline_1x2,,Milwaukee Bucks (GENERAL),2.8,False
2026-08-12T23:44:51.611516+00:00,13673685720,GG League - 4x5 Min de juego,False,Orlando Magic,HUNCHO,Charlotte Hornets,CALAMITY,Orlando Magic (HUNCHO),Charlotte Hornets (CALAMITY),,,,12/08/2026 23:47:00,97,moneyline_1x2,,Orlando Magic (HUNCHO),1.62,False
2026-08-12T23:44:51.611516+00:00,13673685720,GG League - 4x5 Min de juego,False,Orlando Magic,HUNCHO,Charlotte Hornets,CALAMITY,Orlando Magic (HUNCHO),Charlotte Hornets (CALAMITY),,,,12/08/2026 23:47:00,97,moneyline_1x2,,Charlotte Hornets (CALAMITY),2.05,False
2026-08-12T23:44:51.611516+00:00,13673685454,GG League - 4x5 Min de juego,False,Brooklyn Nets,KARMA,Toronto Raptors,CYPHER,Brooklyn Nets (KARMA),Toronto Raptors (CYPHER),,,,12/08/2026 23:55:00,97,moneyline_1x2,,Brooklyn Nets (KARMA),1.5,False
2026-08-12T23:44:51.611516+00:00,13673685454,GG League - 4x5 Min de juego,False,Brooklyn Nets,KARMA,Toronto Raptors,CYPHER,Brooklyn Nets (KARMA),Toronto Raptors (CYPHER),,,,12/08/2026 23:55:00,97,moneyline_1x2,,Toronto Raptors (CYPHER),2.3,False
2026-08-12T23:46:49.602556+00:00,13673664610,GG League - 4x5 Min de juego,False,Denver Nuggets,ADMIRAL,Charlotte Hornets,STING,Denver Nuggets (ADMIRAL),Charlotte Hornets (STING),,,,13/08/2026 00:35:00,97,moneyline_1x2,,Denver Nuggets (ADMIRAL),2.35,False
2026-08-12T23:46:49.602556+00:00,13673664610,GG League - 4x5 Min de juego,False,Denver Nuggets,ADMIRAL,Charlotte Hornets,STING,Denver Nuggets (ADMIRAL),Charlotte Hornets (STING),,,,13/08/2026 00:35:00,97,moneyline_1x2,,Charlotte Hornets (STING),1.5,False
2026-08-12T23:46:49.602556+00:00,13673685780,GG League - 4x5 Min de juego,False,Dallas Mavericks,SPARKZ,Orlando Magic,UNDERRATED,Dallas Mavericks (SPARKZ),Orlando Magic (UNDERRATED),,,,12/08/2026 23:51:00,97,moneyline_1x2,,Dallas Mavericks (SPARKZ),1.57,False
2026-08-12T23:46:49.602556+00:00,13673685780,GG League - 4x5 Min de juego,False,Dallas Mavericks,SPARKZ,Orlando Magic,UNDERRATED,Dallas Mavericks (SPARKZ),Orlando Magic (UNDERRATED),,,,12/08/2026 23:51:00,97,moneyline_1x2,,Orlando Magic (UNDERRATED),2.15,False
2026-08-12T23:46:49.602556+00:00,13673664495,GG League - 4x5 Min de juego,False,Dallas Mavericks,JACKAL,Denver Nuggets,CURSE,Dallas Mavericks (JACKAL),Denver Nuggets (CURSE),,,,13/08/2026 00:19:00,97,moneyline_1x2,,Dallas Mavericks (JACKAL),1.62,False
2026-08-12T23:46:49.602556+00:00,13673664495,GG League - 4x5 Min de juego,False,Dallas Mavericks,JACKAL,Denver Nuggets,CURSE,Dallas Mavericks (JACKAL),Denver Nuggets (CURSE),,,,13/08/2026 00:19:00,97,moneyline_1x2,,Denver Nuggets (CURSE),2.05,False
2026-08-12T23:46:49.602556+00:00,13673666929,GG League - 4x5 Min de juego,False,New York Knicks,RADIANT,Oklahoma City Thunder,STING,New York Knicks (RADIANT),Oklahoma City Thunder (STING),,,,13/08/2026 00:03:00,97,moneyline_1x2,,New York Knicks (RADIANT),2.35,False
2026-08-12T23:46:49.602556+00:00,13673666929,GG League - 4x5 Min de juego,False,New York Knicks,RADIANT,Oklahoma City Thunder,STING,New York Knicks (RADIANT),Oklahoma City Thunder (STING),,,,13/08/2026 00:03:00,97,moneyline_1x2,,Oklahoma City Thunder (STING),1.5,False
2026-08-12T23:46:49.602556+00:00,13673664611,GG League - 4x5 Min de juego,False,Phoenix Suns,SIGNAL,Memphis Grizzlies,PHARAOH,Phoenix Suns (SIGNAL),Memphis Grizzlies (PHARAOH),,,,13/08/2026 00:39:00,97,moneyline_1x2,,Phoenix Suns (SIGNAL),1.91,False
2026-08-12T23:46:49.602556+00:00,13673664611,GG League - 4x5 Min de juego,False,Phoenix Suns,SIGNAL,Memphis Grizzlies,PHARAOH,Phoenix Suns (SIGNAL),Memphis Grizzlies (PHARAOH),,,,13/08/2026 00:39:00,97,moneyline_1x2,,Memphis Grizzlies (PHARAOH),1.72,False
2026-08-12T23:46:49.602556+00:00,13673667032,GG League - 4x5 Min de juego,False,Denver Nuggets,DAGGER,Dallas Mavericks,JUGGERNAUT,Denver Nuggets (DAGGER),Dallas Mavericks (JUGGERNAUT),,,,13/08/2026 00:31:00,97,moneyline_1x2,,Denver Nuggets (DAGGER),1.5,False
2026-08-12T23:46:49.602556+00:00,13673667032,GG League - 4x5 Min de juego,False,Denver Nuggets,DAGGER,Dallas Mavericks,JUGGERNAUT,Denver Nuggets (DAGGER),Dallas Mavericks (JUGGERNAUT),,,,13/08/2026 00:31:00,97,moneyline_1x2,,Dallas Mavericks (JUGGERNAUT),2.3,False
2026-08-12T23:46:49.602556+00:00,13673685778,GG League - 4x5 Min de juego,True,Los Angeles Lakers,SIGNAL,New York Knicks,PATIENCE,Los Angeles Lakers (SIGNAL),New York Knicks (PATIENCE),2º cuarto,21,21,12/08/2026 23:35:00,97,moneyline_1x2,,Los Angeles Lakers (SIGNAL),1.67,False
2026-08-12T23:46:49.602556+00:00,13673685778,GG League - 4x5 Min de juego,True,Los Angeles Lakers,SIGNAL,New York Knicks,PATIENCE,Los Angeles Lakers (SIGNAL),New York Knicks (PATIENCE),2º cuarto,21,21,12/08/2026 23:35:00,97,moneyline_1x2,,New York Knicks (PATIENCE),2.0,False
2026-08-12T23:46:49.602556+00:00,13673664429,GG League - 4x5 Min de juego,False,New York Knicks,PATIENCE,Oklahoma City Thunder,AZURE,New York Knicks (PATIENCE),Oklahoma City Thunder (AZURE),,,,13/08/2026 00:07:00,97,moneyline_1x2,,New York Knicks (PATIENCE),1.3,False
2026-08-12T23:46:49.602556+00:00,13673664429,GG League - 4x5 Min de juego,False,New York Knicks,PATIENCE,Oklahoma City Thunder,AZURE,New York Knicks (PATIENCE),Oklahoma City Thunder (AZURE),,,,13/08/2026 00:07:00,97,moneyline_1x2,,Oklahoma City Thunder (AZURE),2.95,False
2026-08-12T23:46:49.602556+00:00,13673685426,GG League - 4x5 Min de juego,True,Cleveland Cavaliers,DAGGER,Phoenix Suns,NIGHTHAWK,Cleveland Cavaliers (DAGGER),Phoenix Suns (NIGHTHAWK),3º Cuarto,42,47,12/08/2026 23:27:00,97,moneyline_1x2,,Cleveland Cavaliers (DAGGER),7.25,False
2026-08-12T23:46:49.602556+00:00,13673685426,GG League - 4x5 Min de juego,True,Cleveland Cavaliers,DAGGER,Phoenix Suns,NIGHTHAWK,Cleveland Cavaliers (DAGGER),Phoenix Suns (NIGHTHAWK),3º Cuarto,42,47,12/08/2026 23:27:00,97,moneyline_1x2,,Phoenix Suns (NIGHTHAWK),1.04,False
2026-08-12T23:46:49.602556+00:00,13673685520,GG League - 4x5 Min de juego,False,Phoenix Suns,NIGHTHAWK,Milwaukee Bucks,GENERAL,Phoenix Suns (NIGHTHAWK),Milwaukee Bucks (GENERAL),,,,12/08/2026 23:59:00,97,moneyline_1x2,,Phoenix Suns (NIGHTHAWK),1.35,False
2026-08-12T23:46:49.602556+00:00,13673685520,GG League - 4x5 Min de juego,False,Phoenix Suns,NIGHTHAWK,Milwaukee Bucks,GENERAL,Phoenix Suns (NIGHTHAWK),Milwaukee Bucks (GENERAL),,,,12/08/2026 23:59:00,97,moneyline_1x2,,Milwaukee Bucks (GENERAL),2.8,False
2026-08-12T23:46:49.602556+00:00,13673685720,GG League - 4x5 Min de juego,False,Orlando Magic,HUNCHO,Charlotte Hornets,CALAMITY,Orlando Magic (HUNCHO),Charlotte Hornets (CALAMITY),,,,12/08/2026 23:47:00,97,moneyline_1x2,,Orlando Magic (HUNCHO),1.62,False
2026-08-12T23:46:49.602556+00:00,13673685720,GG League - 4x5 Min de juego,False,Orlando Magic,HUNCHO,Charlotte Hornets,CALAMITY,Orlando Magic (HUNCHO),Charlotte Hornets (CALAMITY),,,,12/08/2026 23:47:00,97,moneyline_1x2,,Charlotte Hornets (CALAMITY),2.05,False
2026-08-12T23:46:49.602556+00:00,13673685454,GG League - 4x5 Min de juego,False,Brooklyn Nets,KARMA,Toronto Raptors,CYPHER,Brooklyn Nets (KARMA),Toronto Raptors (CYPHER),,,,12/08/2026 23:55:00,97,moneyline_1x2,,Brooklyn Nets (KARMA),1.5,False
2026-08-12T23:46:49.602556+00:00,13673685454,GG League - 4x5 Min de juego,False,Brooklyn Nets,KARMA,Toronto Raptors,CYPHER,Brooklyn Nets (KARMA),Toronto Raptors (CYPHER),,,,12/08/2026 23:55:00,97,moneyline_1x2,,Toronto Raptors (CYPHER),2.3,False
2026-08-12T23:48:55.217767+00:00,13673664610,GG League - 4x5 Min de juego,False,Denver Nuggets,ADMIRAL,Charlotte Hornets,STING,Denver Nuggets (ADMIRAL),Charlotte Hornets (STING),,,,13/08/2026 00:35:00,97,moneyline_1x2,,Denver Nuggets (ADMIRAL),2.35,False
2026-08-12T23:48:55.217767+00:00,13673664610,GG League - 4x5 Min de juego,False,Denver Nuggets,ADMIRAL,Charlotte Hornets,STING,Denver Nuggets (ADMIRAL),Charlotte Hornets (STING),,,,13/08/2026 00:35:00,97,moneyline_1x2,,Charlotte Hornets (STING),1.5,False
2026-08-12T23:48:55.217767+00:00,13673685780,GG League - 4x5 Min de juego,False,Dallas Mavericks,SPARKZ,Orlando Magic,UNDERRATED,Dallas Mavericks (SPARKZ),Orlando Magic (UNDERRATED),,,,12/08/2026 23:51:00,97,moneyline_1x2,,Dallas Mavericks (SPARKZ),1.57,False
2026-08-12T23:48:55.217767+00:00,13673685780,GG League - 4x5 Min de juego,False,Dallas Mavericks,SPARKZ,Orlando Magic,UNDERRATED,Dallas Mavericks (SPARKZ),Orlando Magic (UNDERRATED),,,,12/08/2026 23:51:00,97,moneyline_1x2,,Orlando Magic (UNDERRATED),2.15,False
2026-08-12T23:48:55.217767+00:00,13673664495,GG League - 4x5 Min de juego,False,Dallas Mavericks,JACKAL,Denver Nuggets,CURSE,Dallas Mavericks (JACKAL),Denver Nuggets (CURSE),,,,13/08/2026 00:19:00,97,moneyline_1x2,,Dallas Mavericks (JACKAL),1.62,False
2026-08-12T23:48:55.217767+00:00,13673664495,GG League - 4x5 Min de juego,False,Dallas Mavericks,JACKAL,Denver Nuggets,CURSE,Dallas Mavericks (JACKAL),Denver Nuggets (CURSE),,,,13/08/2026 00:19:00,97,moneyline_1x2,,Denver Nuggets (CURSE),2.05,False
2026-08-12T23:48:55.217767+00:00,13673666929,GG League - 4x5 Min de juego,False,New York Knicks,RADIANT,Oklahoma City Thunder,STING,New York Knicks (RADIANT),Oklahoma City Thunder (STING),,,,13/08/2026 00:03:00,97,moneyline_1x2,,New York Knicks (RADIANT),2.35,False
2026-08-12T23:48:55.217767+00:00,13673666929,GG League - 4x5 Min de juego,False,New York Knicks,RADIANT,Oklahoma City Thunder,STING,New York Knicks (RADIANT),Oklahoma City Thunder (STING),,,,13/08/2026 00:03:00,97,moneyline_1x2,,Oklahoma City Thunder (STING),1.5,False
2026-08-12T23:48:55.217767+00:00,13673664611,GG League - 4x5 Min de juego,False,Phoenix Suns,SIGNAL,Memphis Grizzlies,PHARAOH,Phoenix Suns (SIGNAL),Memphis Grizzlies (PHARAOH),,,,13/08/2026 00:39:00,97,moneyline_1x2,,Phoenix Suns (SIGNAL),1.91,False
2026-08-12T23:48:55.217767+00:00,13673664611,GG League - 4x5 Min de juego,False,Phoenix Suns,SIGNAL,Memphis Grizzlies,PHARAOH,Phoenix Suns (SIGNAL),Memphis Grizzlies (PHARAOH),,,,13/08/2026 00:39:00,97,moneyline_1x2,,Memphis Grizzlies (PHARAOH),1.72,False
2026-08-12T23:48:55.217767+00:00,13673667032,GG League - 4x5 Min de juego,False,Denver Nuggets,DAGGER,Dallas Mavericks,JUGGERNAUT,Denver Nuggets (DAGGER),Dallas Mavericks (JUGGERNAUT),,,,13/08/2026 00:31:00,97,moneyline_1x2,,Denver Nuggets (DAGGER),1.5,False
2026-08-12T23:48:55.217767+00:00,13673667032,GG League - 4x5 Min de juego,False,Denver Nuggets,DAGGER,Dallas Mavericks,JUGGERNAUT,Denver Nuggets (DAGGER),Dallas Mavericks (JUGGERNAUT),,,,13/08/2026 00:31:00,97,moneyline_1x2,,Dallas Mavericks (JUGGERNAUT),2.3,False
2026-08-12T23:48:55.217767+00:00,13673685778,GG League - 4x5 Min de juego,True,Los Angeles Lakers,SIGNAL,New York Knicks,PATIENCE,Los Angeles Lakers (SIGNAL),New York Knicks (PATIENCE),3º Cuarto,21,21,12/08/2026 23:35:00,97,moneyline_1x2,,Los Angeles Lakers (SIGNAL),2.2,False
2026-08-12T23:48:55.217767+00:00,13673685778,GG League - 4x5 Min de juego,True,Los Angeles Lakers,SIGNAL,New York Knicks,PATIENCE,Los Angeles Lakers (SIGNAL),New York Knicks (PATIENCE),3º Cuarto,21,21,12/08/2026 23:35:00,97,moneyline_1x2,,New York Knicks (PATIENCE),1.55,False
2026-08-12T23:48:55.217767+00:00,13673664429,GG League - 4x5 Min de juego,False,New York Knicks,PATIENCE,Oklahoma City Thunder,AZURE,New York Knicks (PATIENCE),Oklahoma City Thunder (AZURE),,,,13/08/2026 00:07:00,97,moneyline_1x2,,New York Knicks (PATIENCE),1.3,False
2026-08-12T23:48:55.217767+00:00,13673664429,GG League - 4x5 Min de juego,False,New York Knicks,PATIENCE,Oklahoma City Thunder,AZURE,New York Knicks (PATIENCE),Oklahoma City Thunder (AZURE),,,,13/08/2026 00:07:00,97,moneyline_1x2,,Oklahoma City Thunder (AZURE),2.95,False
2026-08-12T23:48:55.217767+00:00,13673685426,GG League - 4x5 Min de juego,True,Cleveland Cavaliers,DAGGER,Phoenix Suns,NIGHTHAWK,Cleveland Cavaliers (DAGGER),Phoenix Suns (NIGHTHAWK),4º cuarto,42,50,12/08/2026 23:27:00,97,moneyline_1x2,,Cleveland Cavaliers (DAGGER),7.5,False
2026-08-12T23:48:55.217767+00:00,13673685426,GG League - 4x5 Min de juego,True,Cleveland Cavaliers,DAGGER,Phoenix Suns,NIGHTHAWK,Cleveland Cavaliers (DAGGER),Phoenix Suns (NIGHTHAWK),4º cuarto,42,50,12/08/2026 23:27:00,97,moneyline_1x2,,Phoenix Suns (NIGHTHAWK),1.03,False
2026-08-12T23:48:55.217767+00:00,13673685520,GG League - 4x5 Min de juego,False,Phoenix Suns,NIGHTHAWK,Milwaukee Bucks,GENERAL,Phoenix Suns (NIGHTHAWK),Milwaukee Bucks (GENERAL),,,,12/08/2026 23:59:00,97,moneyline_1x2,,Phoenix Suns (NIGHTHAWK),1.35,False
2026-08-12T23:48:55.217767+00:00,13673685520,GG League - 4x5 Min de juego,False,Phoenix Suns,NIGHTHAWK,Milwaukee Bucks,GENERAL,Phoenix Suns (NIGHTHAWK),Milwaukee Bucks (GENERAL),,,,12/08/2026 23:59:00,97,moneyline_1x2,,Milwaukee Bucks (GENERAL),2.8,False
2026-08-12T23:48:55.217767+00:00,13673685454,GG League - 4x5 Min de juego,False,Brooklyn Nets,KARMA,Toronto Raptors,CYPHER,Brooklyn Nets (KARMA),Toronto Raptors (CYPHER),,,,12/08/2026 23:55:00,97,moneyline_1x2,,Brooklyn Nets (KARMA),1.5,False
2026-08-12T23:48:55.217767+00:00,13673685454,GG League - 4x5 Min de juego,False,Brooklyn Nets,KARMA,Toronto Raptors,CYPHER,Brooklyn Nets (KARMA),Toronto Raptors (CYPHER),,,,12/08/2026 23:55:00,97,moneyline_1x2,,Toronto Raptors (CYPHER),2.3,False
2026-08-12T23:51:06.859503+00:00,13673664610,GG League - 4x5 Min de juego,False,Denver Nuggets,ADMIRAL,Charlotte Hornets,STING,Denver Nuggets (ADMIRAL),Charlotte Hornets (STING),,,,13/08/2026 00:35:00,97,moneyline_1x2,,Denver Nuggets (ADMIRAL),2.35,False
2026-08-12T23:51:06.859503+00:00,13673664610,GG League - 4x5 Min de juego,False,Denver Nuggets,ADMIRAL,Charlotte Hornets,STING,Denver Nuggets (ADMIRAL),Charlotte Hornets (STING),,,,13/08/2026 00:35:00,97,moneyline_1x2,,Charlotte Hornets (STING),1.5,False
2026-08-12T23:51:06.859503+00:00,13673664495,GG League - 4x5 Min de juego,False,Dallas Mavericks,JACKAL,Denver Nuggets,CURSE,Dallas Mavericks (JACKAL),Denver Nuggets (CURSE),,,,13/08/2026 00:19:00,97,moneyline_1x2,,Dallas Mavericks (JACKAL),1.62,False
2026-08-12T23:51:06.859503+00:00,13673664495,GG League - 4x5 Min de juego,False,Dallas Mavericks,JACKAL,Denver Nuggets,CURSE,Dallas Mavericks (JACKAL),Denver Nuggets (CURSE),,,,13/08/2026 00:19:00,97,moneyline_1x2,,Denver Nuggets (CURSE),2.05,False
2026-08-12T23:51:06.859503+00:00,13673666929,GG League - 4x5 Min de juego,False,New York Knicks,RADIANT,Oklahoma City Thunder,STING,New York Knicks (RADIANT),Oklahoma City Thunder (STING),,,,13/08/2026 00:03:00,97,moneyline_1x2,,New York Knicks (RADIANT),2.35,False
2026-08-12T23:51:06.859503+00:00,13673666929,GG League - 4x5 Min de juego,False,New York Knicks,RADIANT,Oklahoma City Thunder,STING,New York Knicks (RADIANT),Oklahoma City Thunder (STING),,,,13/08/2026 00:03:00,97,moneyline_1x2,,Oklahoma City Thunder (STING),1.5,False
2026-08-12T23:51:06.859503+00:00,13673664611,GG League - 4x5 Min de juego,False,Phoenix Suns,SIGNAL,Memphis Grizzlies,PHARAOH,Phoenix Suns (SIGNAL),Memphis Grizzlies (PHARAOH),,,,13/08/2026 00:39:00,97,moneyline_1x2,,Phoenix Suns (SIGNAL),1.91,False
2026-08-12T23:51:06.859503+00:00,13673664611,GG League - 4x5 Min de juego,False,Phoenix Suns,SIGNAL,Memphis Grizzlies,PHARAOH,Phoenix Suns (SIGNAL),Memphis Grizzlies (PHARAOH),,,,13/08/2026 00:39:00,97,moneyline_1x2,,Memphis Grizzlies (PHARAOH),1.72,False
2026-08-12T23:51:06.859503+00:00,13673667032,GG League - 4x5 Min de juego,False,Denver Nuggets,DAGGER,Dallas Mavericks,JUGGERNAUT,Denver Nuggets (DAGGER),Dallas Mavericks (JUGGERNAUT),,,,13/08/2026 00:31:00,97,moneyline_1x2,,Denver Nuggets (DAGGER),1.5,False
2026-08-12T23:51:06.859503+00:00,13673667032,GG League - 4x5 Min de juego,False,Denver Nuggets,DAGGER,Dallas Mavericks,JUGGERNAUT,Denver Nuggets (DAGGER),Dallas Mavericks (JUGGERNAUT),,,,13/08/2026 00:31:00,97,moneyline_1x2,,Dallas Mavericks (JUGGERNAUT),2.3,False
2026-08-12T23:51:06.859503+00:00,13673685778,GG League - 4x5 Min de juego,True,Los Angeles Lakers,SIGNAL,New York Knicks,PATIENCE,Los Angeles Lakers (SIGNAL),New York Knicks (PATIENCE),3º Cuarto,27,28,12/08/2026 23:35:00,97,moneyline_1x2,,Los Angeles Lakers (SIGNAL),2.4,False
2026-08-12T23:51:06.859503+00:00,13673685778,GG League - 4x5 Min de juego,True,Los Angeles Lakers,SIGNAL,New York Knicks,PATIENCE,Los Angeles Lakers (SIGNAL),New York Knicks (PATIENCE),3º Cuarto,27,28,12/08/2026 23:35:00,97,moneyline_1x2,,New York Knicks (PATIENCE),1.45,False
2026-08-12T23:51:06.859503+00:00,13673664429,GG League - 4x5 Min de juego,False,New York Knicks,PATIENCE,Oklahoma City Thunder,AZURE,New York Knicks (PATIENCE),Oklahoma City Thunder (AZURE),,,,13/08/2026 00:07:00,97,moneyline_1x2,,New York Knicks (PATIENCE),1.3,False
2026-08-12T23:51:06.859503+00:00,13673664429,GG League - 4x5 Min de juego,False,New York Knicks,PATIENCE,Oklahoma City Thunder,AZURE,New York Knicks (PATIENCE),Oklahoma City Thunder (AZURE),,,,13/08/2026 00:07:00,97,moneyline_1x2,,Oklahoma City Thunder (AZURE),2.95,False
2026-08-12T23:51:06.859503+00:00,13673685429,GG League - 4x5 Min de juego,True,New York Knicks,RADIANT,Los Angeles Lakers,ADMIRAL,New York Knicks (RADIANT),Los Angeles Lakers (ADMIRAL),4º cuarto,37,47,12/08/2026 23:31:00,97,moneyline_1x2,,New York Knicks (RADIANT),9.0,False
2026-08-12T23:51:06.859503+00:00,13673685429,GG League - 4x5 Min de juego,True,New York Knicks,RADIANT,Los Angeles Lakers,ADMIRAL,New York Knicks (RADIANT),Los Angeles Lakers (ADMIRAL),4º cuarto,37,47,12/08/2026 23:31:00,97,moneyline_1x2,,Los Angeles Lakers (ADMIRAL),1.01,False
2026-08-12T23:51:06.859503+00:00,13673685520,GG League - 4x5 Min de juego,False,Phoenix Suns,NIGHTHAWK,Milwaukee Bucks,GENERAL,Phoenix Suns (NIGHTHAWK),Milwaukee Bucks (GENERAL),,,,12/08/2026 23:59:00,97,moneyline_1x2,,Phoenix Suns (NIGHTHAWK),1.35,False
2026-08-12T23:51:06.859503+00:00,13673685520,GG League - 4x5 Min de juego,False,Phoenix Suns,NIGHTHAWK,Milwaukee Bucks,GENERAL,Phoenix Suns (NIGHTHAWK),Milwaukee Bucks (GENERAL),,,,12/08/2026 23:59:00,97,moneyline_1x2,,Milwaukee Bucks (GENERAL),2.8,False
2026-08-12T23:51:06.859503+00:00,13673685720,GG League - 4x5 Min de juego,True,Orlando Magic,HUNCHO,Charlotte Hornets,CALAMITY,Orlando Magic (HUNCHO),Charlotte Hornets (CALAMITY),1º cuarto,6,16,12/08/2026 23:47:00,97,moneyline_1x2,,Orlando Magic (HUNCHO),3.9,False
2026-08-12T23:51:06.859503+00:00,13673685720,GG League - 4x5 Min de juego,True,Orlando Magic,HUNCHO,Charlotte Hornets,CALAMITY,Orlando Magic (HUNCHO),Charlotte Hornets (CALAMITY),1º cuarto,6,16,12/08/2026 23:47:00,97,moneyline_1x2,,Charlotte Hornets (CALAMITY),1.19,False
2026-08-12T23:51:06.859503+00:00,13673685454,GG League - 4x5 Min de juego,False,Brooklyn Nets,KARMA,Toronto Raptors,CYPHER,Brooklyn Nets (KARMA),Toronto Raptors (CYPHER),,,,12/08/2026 23:55:00,97,moneyline_1x2,,Brooklyn Nets (KARMA),1.5,False
2026-08-12T23:51:06.859503+00:00,13673685454,GG League - 4x5 Min de juego,False,Brooklyn Nets,KARMA,Toronto Raptors,CYPHER,Brooklyn Nets (KARMA),Toronto Raptors (CYPHER),,,,12/08/2026 23:55:00,97,moneyline_1x2,,Toronto Raptors (CYPHER),2.3,False
2026-08-12T23:52:50.401133+00:00,13673664610,GG League - 4x5 Min de juego,False,Denver Nuggets,ADMIRAL,Charlotte Hornets,STING,Denver Nuggets (ADMIRAL),Charlotte Hornets (STING),,,,13/08/2026 00:35:00,97,moneyline_1x2,,Denver Nuggets (ADMIRAL),2.35,False
2026-08-12T23:52:50.401133+00:00,13673664610,GG League - 4x5 Min de juego,False,Denver Nuggets,ADMIRAL,Charlotte Hornets,STING,Denver Nuggets (ADMIRAL),Charlotte Hornets (STING),,,,13/08/2026 00:35:00,97,moneyline_1x2,,Charlotte Hornets (STING),1.5,False
2026-08-12T23:52:50.401133+00:00,13673685780,GG League - 4x5 Min de juego,True,Dallas Mavericks,SPARKZ,Orlando Magic,UNDERRATED,Dallas Mavericks (SPARKZ),Orlando Magic (UNDERRATED),1º cuarto,5,0,12/08/2026 23:51:00,97,moneyline_1x2,,Dallas Mavericks (SPARKZ),1.25,False
2026-08-12T23:52:50.401133+00:00,13673685780,GG League - 4x5 Min de juego,True,Dallas Mavericks,SPARKZ,Orlando Magic,UNDERRATED,Dallas Mavericks (SPARKZ),Orlando Magic (UNDERRATED),1º cuarto,5,0,12/08/2026 23:51:00,97,moneyline_1x2,,Orlando Magic (UNDERRATED),3.3,False
2026-08-12T23:52:50.401133+00:00,13673664495,GG League - 4x5 Min de juego,False,Dallas Mavericks,JACKAL,Denver Nuggets,CURSE,Dallas Mavericks (JACKAL),Denver Nuggets (CURSE),,,,13/08/2026 00:19:00,97,moneyline_1x2,,Dallas Mavericks (JACKAL),1.62,False
2026-08-12T23:52:50.401133+00:00,13673664495,GG League - 4x5 Min de juego,False,Dallas Mavericks,JACKAL,Denver Nuggets,CURSE,Dallas Mavericks (JACKAL),Denver Nuggets (CURSE),,,,13/08/2026 00:19:00,97,moneyline_1x2,,Denver Nuggets (CURSE),2.05,False
2026-08-12T23:52:50.401133+00:00,13673666929,GG League - 4x5 Min de juego,False,New York Knicks,RADIANT,Oklahoma City Thunder,STING,New York Knicks (RADIANT),Oklahoma City Thunder (STING),,,,13/08/2026 00:03:00,97,moneyline_1x2,,New York Knicks (RADIANT),2.35,False
2026-08-12T23:52:50.401133+00:00,13673666929,GG League - 4x5 Min de juego,False,New York Knicks,RADIANT,Oklahoma City Thunder,STING,New York Knicks (RADIANT),Oklahoma City Thunder (STING),,,,13/08/2026 00:03:00,97,moneyline_1x2,,Oklahoma City Thunder (STING),1.5,False
2026-08-12T23:52:50.401133+00:00,13673664611,GG League - 4x5 Min de juego,False,Phoenix Suns,SIGNAL,Memphis Grizzlies,PHARAOH,Phoenix Suns (SIGNAL),Memphis Grizzlies (PHARAOH),,,,13/08/2026 00:39:00,97,moneyline_1x2,,Phoenix Suns (SIGNAL),1.91,False
2026-08-12T23:52:50.401133+00:00,13673664611,GG League - 4x5 Min de juego,False,Phoenix Suns,SIGNAL,Memphis Grizzlies,PHARAOH,Phoenix Suns (SIGNAL),Memphis Grizzlies (PHARAOH),,,,13/08/2026 00:39:00,97,moneyline_1x2,,Memphis Grizzlies (PHARAOH),1.72,False
2026-08-12T23:52:50.401133+00:00,13673667032,GG League - 4x5 Min de juego,False,Denver Nuggets,DAGGER,Dallas Mavericks,JUGGERNAUT,Denver Nuggets (DAGGER),Dallas Mavericks (JUGGERNAUT),,,,13/08/2026 00:31:00,97,moneyline_1x2,,Denver Nuggets (DAGGER),1.5,False
2026-08-12T23:52:50.401133+00:00,13673667032,GG League - 4x5 Min de juego,False,Denver Nuggets,DAGGER,Dallas Mavericks,JUGGERNAUT,Denver Nuggets (DAGGER),Dallas Mavericks (JUGGERNAUT),,,,13/08/2026 00:31:00,97,moneyline_1x2,,Dallas Mavericks (JUGGERNAUT),2.3,False
2026-08-12T23:52:50.401133+00:00,13673685778,GG League - 4x5 Min de juego,True,Los Angeles Lakers,SIGNAL,New York Knicks,PATIENCE,Los Angeles Lakers (SIGNAL),New York Knicks (PATIENCE),3º Cuarto,30,31,12/08/2026 23:35:00,97,moneyline_1x2,,Los Angeles Lakers (SIGNAL),2.5,False
2026-08-12T23:52:50.401133+00:00,13673685778,GG League - 4x5 Min de juego,True,Los Angeles Lakers,SIGNAL,New York Knicks,PATIENCE,Los Angeles Lakers (SIGNAL),New York Knicks (PATIENCE),3º Cuarto,30,31,12/08/2026 23:35:00,97,moneyline_1x2,,New York Knicks (PATIENCE),1.43,False
2026-08-12T23:52:50.401133+00:00,13673664429,GG League - 4x5 Min de juego,False,New York Knicks,PATIENCE,Oklahoma City Thunder,AZURE,New York Knicks (PATIENCE),Oklahoma City Thunder (AZURE),,,,13/08/2026 00:07:00,97,moneyline_1x2,,New York Knicks (PATIENCE),1.3,False
2026-08-12T23:52:50.401133+00:00,13673664429,GG League - 4x5 Min de juego,False,New York Knicks,PATIENCE,Oklahoma City Thunder,AZURE,New York Knicks (PATIENCE),Oklahoma City Thunder (AZURE),,,,13/08/2026 00:07:00,97,moneyline_1x2,,Oklahoma City Thunder (AZURE),2.95,False
2026-08-12T23:52:50.401133+00:00,13673685520,GG League - 4x5 Min de juego,False,Phoenix Suns,NIGHTHAWK,Milwaukee Bucks,GENERAL,Phoenix Suns (NIGHTHAWK),Milwaukee Bucks (GENERAL),,,,12/08/2026 23:59:00,97,moneyline_1x2,,Phoenix Suns (NIGHTHAWK),1.35,False
2026-08-12T23:52:50.401133+00:00,13673685520,GG League - 4x5 Min de juego,False,Phoenix Suns,NIGHTHAWK,Milwaukee Bucks,GENERAL,Phoenix Suns (NIGHTHAWK),Milwaukee Bucks (GENERAL),,,,12/08/2026 23:59:00,97,moneyline_1x2,,Milwaukee Bucks (GENERAL),2.8,False
2026-08-12T23:52:50.401133+00:00,13673685720,GG League - 4x5 Min de juego,True,Orlando Magic,HUNCHO,Charlotte Hornets,CALAMITY,Orlando Magic (HUNCHO),Charlotte Hornets (CALAMITY),1º cuarto,8,20,12/08/2026 23:47:00,97,moneyline_1x2,,Orlando Magic (HUNCHO),5.0,False
2026-08-12T23:52:50.401133+00:00,13673685720,GG League - 4x5 Min de juego,True,Orlando Magic,HUNCHO,Charlotte Hornets,CALAMITY,Orlando Magic (HUNCHO),Charlotte Hornets (CALAMITY),1º cuarto,8,20,12/08/2026 23:47:00,97,moneyline_1x2,,Charlotte Hornets (CALAMITY),1.11,False
2026-08-12T23:52:50.401133+00:00,13673685454,GG League - 4x5 Min de juego,False,Brooklyn Nets,KARMA,Toronto Raptors,CYPHER,Brooklyn Nets (KARMA),Toronto Raptors (CYPHER),,,,12/08/2026 23:55:00,97,moneyline_1x2,,Brooklyn Nets (KARMA),1.5,False
2026-08-12T23:52:50.401133+00:00,13673685454,GG League - 4x5 Min de juego,False,Brooklyn Nets,KARMA,Toronto Raptors,CYPHER,Brooklyn Nets (KARMA),Toronto Raptors (CYPHER),,,,12/08/2026 23:55:00,97,moneyline_1x2,,Toronto Raptors (CYPHER),2.3,False
2026-08-12T23:54:56.076027+00:00,13673664610,GG League - 4x5 Min de juego,False,Denver Nuggets,ADMIRAL,Charlotte Hornets,STING,Denver Nuggets (ADMIRAL),Charlotte Hornets (STING),,,,13/08/2026 00:35:00,97,moneyline_1x2,,Denver Nuggets (ADMIRAL),2.35,False
2026-08-12T23:54:56.076027+00:00,13673664610,GG League - 4x5 Min de juego,False,Denver Nuggets,ADMIRAL,Charlotte Hornets,STING,Denver Nuggets (ADMIRAL),Charlotte Hornets (STING),,,,13/08/2026 00:35:00,97,moneyline_1x2,,Charlotte Hornets (STING),1.5,False
2026-08-12T23:54:56.076027+00:00,13673685780,GG League - 4x5 Min de juego,True,Dallas Mavericks,SPARKZ,Orlando Magic,UNDERRATED,Dallas Mavericks (SPARKZ),Orlando Magic (UNDERRATED),1º cuarto,10,6,12/08/2026 23:51:00,97,moneyline_1x2,,Dallas Mavericks (SPARKZ),1.3,False
2026-08-12T23:54:56.076027+00:00,13673685780,GG League - 4x5 Min de juego,True,Dallas Mavericks,SPARKZ,Orlando Magic,UNDERRATED,Dallas Mavericks (SPARKZ),Orlando Magic (UNDERRATED),1º cuarto,10,6,12/08/2026 23:51:00,97,moneyline_1x2,,Orlando Magic (UNDERRATED),3.0,False
2026-08-12T23:54:56.076027+00:00,13673664495,GG League - 4x5 Min de juego,False,Dallas Mavericks,JACKAL,Denver Nuggets,CURSE,Dallas Mavericks (JACKAL),Denver Nuggets (CURSE),,,,13/08/2026 00:19:00,97,moneyline_1x2,,Dallas Mavericks (JACKAL),1.62,False
2026-08-12T23:54:56.076027+00:00,13673664495,GG League - 4x5 Min de juego,False,Dallas Mavericks,JACKAL,Denver Nuggets,CURSE,Dallas Mavericks (JACKAL),Denver Nuggets (CURSE),,,,13/08/2026 00:19:00,97,moneyline_1x2,,Denver Nuggets (CURSE),2.05,False
2026-08-12T23:54:56.076027+00:00,13673666929,GG League - 4x5 Min de juego,False,New York Knicks,RADIANT,Oklahoma City Thunder,STING,New York Knicks (RADIANT),Oklahoma City Thunder (STING),,,,13/08/2026 00:03:00,97,moneyline_1x2,,New York Knicks (RADIANT),2.35,False
2026-08-12T23:54:56.076027+00:00,13673666929,GG League - 4x5 Min de juego,False,New York Knicks,RADIANT,Oklahoma City Thunder,STING,New York Knicks (RADIANT),Oklahoma City Thunder (STING),,,,13/08/2026 00:03:00,97,moneyline_1x2,,Oklahoma City Thunder (STING),1.5,False
2026-08-12T23:54:56.076027+00:00,13673664611,GG League - 4x5 Min de juego,False,Phoenix Suns,SIGNAL,Memphis Grizzlies,PHARAOH,Phoenix Suns (SIGNAL),Memphis Grizzlies (PHARAOH),,,,13/08/2026 00:39:00,97,moneyline_1x2,,Phoenix Suns (SIGNAL),1.91,False
2026-08-12T23:54:56.076027+00:00,13673664611,GG League - 4x5 Min de juego,False,Phoenix Suns,SIGNAL,Memphis Grizzlies,PHARAOH,Phoenix Suns (SIGNAL),Memphis Grizzlies (PHARAOH),,,,13/08/2026 00:39:00,97,moneyline_1x2,,Memphis Grizzlies (PHARAOH),1.72,False
2026-08-12T23:54:56.076027+00:00,13673667032,GG League - 4x5 Min de juego,False,Denver Nuggets,DAGGER,Dallas Mavericks,JUGGERNAUT,Denver Nuggets (DAGGER),Dallas Mavericks (JUGGERNAUT),,,,13/08/2026 00:31:00,97,moneyline_1x2,,Denver Nuggets (DAGGER),1.5,False
2026-08-12T23:54:56.076027+00:00,13673667032,GG League - 4x5 Min de juego,False,Denver Nuggets,DAGGER,Dallas Mavericks,JUGGERNAUT,Denver Nuggets (DAGGER),Dallas Mavericks (JUGGERNAUT),,,,13/08/2026 00:31:00,97,moneyline_1x2,,Dallas Mavericks (JUGGERNAUT),2.3,False
2026-08-12T23:54:56.076027+00:00,13673685778,GG League - 4x5 Min de juego,True,Los Angeles Lakers,SIGNAL,New York Knicks,PATIENCE,Los Angeles Lakers (SIGNAL),New York Knicks (PATIENCE),4º cuarto,34,34,12/08/2026 23:35:00,97,moneyline_1x2,,Los Angeles Lakers (SIGNAL),2.0,False
2026-08-12T23:54:56.076027+00:00,13673685778,GG League - 4x5 Min de juego,True,Los Angeles Lakers,SIGNAL,New York Knicks,PATIENCE,Los Angeles Lakers (SIGNAL),New York Knicks (PATIENCE),4º cuarto,34,34,12/08/2026 23:35:00,97,moneyline_1x2,,New York Knicks (PATIENCE),1.67,False
2026-08-12T23:54:56.076027+00:00,13673664429,GG League - 4x5 Min de juego,False,New York Knicks,PATIENCE,Oklahoma City Thunder,AZURE,New York Knicks (PATIENCE),Oklahoma City Thunder (AZURE),,,,13/08/2026 00:07:00,97,moneyline_1x2,,New York Knicks (PATIENCE),1.3,False
2026-08-12T23:54:56.076027+00:00,13673664429,GG League - 4x5 Min de juego,False,New York Knicks,PATIENCE,Oklahoma City Thunder,AZURE,New York Knicks (PATIENCE),Oklahoma City Thunder (AZURE),,,,13/08/2026 00:07:00,97,moneyline_1x2,,Oklahoma City Thunder (AZURE),2.95,False
2026-08-12T23:54:56.076027+00:00,13673685520,GG League - 4x5 Min de juego,False,Phoenix Suns,NIGHTHAWK,Milwaukee Bucks,GENERAL,Phoenix Suns (NIGHTHAWK),Milwaukee Bucks (GENERAL),,,,12/08/2026 23:59:00,97,moneyline_1x2,,Phoenix Suns (NIGHTHAWK),1.35,False
2026-08-12T23:54:56.076027+00:00,13673685520,GG League - 4x5 Min de juego,False,Phoenix Suns,NIGHTHAWK,Milwaukee Bucks,GENERAL,Phoenix Suns (NIGHTHAWK),Milwaukee Bucks (GENERAL),,,,12/08/2026 23:59:00,97,moneyline_1x2,,Milwaukee Bucks (GENERAL),2.8,False
2026-08-12T23:54:56.076027+00:00,13673685720,GG League - 4x5 Min de juego,True,Orlando Magic,HUNCHO,Charlotte Hornets,CALAMITY,Orlando Magic (HUNCHO),Charlotte Hornets (CALAMITY),2º cuarto,11,20,12/08/2026 23:47:00,97,moneyline_1x2,,Orlando Magic (HUNCHO),3.9,False
2026-08-12T23:54:56.076027+00:00,13673685720,GG League - 4x5 Min de juego,True,Orlando Magic,HUNCHO,Charlotte Hornets,CALAMITY,Orlando Magic (HUNCHO),Charlotte Hornets (CALAMITY),2º cuarto,11,20,12/08/2026 23:47:00,97,moneyline_1x2,,Charlotte Hornets (CALAMITY),1.19,False
2026-08-12T23:54:56.076027+00:00,13673685454,GG League - 4x5 Min de juego,False,Brooklyn Nets,KARMA,Toronto Raptors,CYPHER,Brooklyn Nets (KARMA),Toronto Raptors (CYPHER),,,,12/08/2026 23:55:00,97,moneyline_1x2,,Brooklyn Nets (KARMA),1.5,False
2026-08-12T23:54:56.076027+00:00,13673685454,GG League - 4x5 Min de juego,False,Brooklyn Nets,KARMA,Toronto Raptors,CYPHER,Brooklyn Nets (KARMA),Toronto Raptors (CYPHER),,,,12/08/2026 23:55:00,97,moneyline_1x2,,Toronto Raptors (CYPHER),2.3,False
2026-08-12T23:56:54.493159+00:00,13673664610,GG League - 4x5 Min de juego,False,Denver Nuggets,ADMIRAL,Charlotte Hornets,STING,Denver Nuggets (ADMIRAL),Charlotte Hornets (STING),,,,13/08/2026 00:35:00,97,moneyline_1x2,,Denver Nuggets (ADMIRAL),2.35,False
2026-08-12T23:56:54.493159+00:00,13673664610,GG League - 4x5 Min de juego,False,Denver Nuggets,ADMIRAL,Charlotte Hornets,STING,Denver Nuggets (ADMIRAL),Charlotte Hornets (STING),,,,13/08/2026 00:35:00,97,moneyline_1x2,,Charlotte Hornets (STING),1.5,False
2026-08-12T23:56:54.493159+00:00,13673685780,GG League - 4x5 Min de juego,True,Dallas Mavericks,SPARKZ,Orlando Magic,UNDERRATED,Dallas Mavericks (SPARKZ),Orlando Magic (UNDERRATED),1º cuarto,19,12,12/08/2026 23:51:00,97,moneyline_1x2,,Dallas Mavericks (SPARKZ),1.15,False
2026-08-12T23:56:54.493159+00:00,13673685780,GG League - 4x5 Min de juego,True,Dallas Mavericks,SPARKZ,Orlando Magic,UNDERRATED,Dallas Mavericks (SPARKZ),Orlando Magic (UNDERRATED),1º cuarto,19,12,12/08/2026 23:51:00,97,moneyline_1x2,,Orlando Magic (UNDERRATED),4.3,False
2026-08-12T23:56:54.493159+00:00,13673664495,GG League - 4x5 Min de juego,False,Dallas Mavericks,JACKAL,Denver Nuggets,CURSE,Dallas Mavericks (JACKAL),Denver Nuggets (CURSE),,,,13/08/2026 00:19:00,97,moneyline_1x2,,Dallas Mavericks (JACKAL),1.62,False
2026-08-12T23:56:54.493159+00:00,13673664495,GG League - 4x5 Min de juego,False,Dallas Mavericks,JACKAL,Denver Nuggets,CURSE,Dallas Mavericks (JACKAL),Denver Nuggets (CURSE),,,,13/08/2026 00:19:00,97,moneyline_1x2,,Denver Nuggets (CURSE),2.05,False
2026-08-12T23:56:54.493159+00:00,13673666929,GG League - 4x5 Min de juego,False,New York Knicks,RADIANT,Oklahoma City Thunder,STING,New York Knicks (RADIANT),Oklahoma City Thunder (STING),,,,13/08/2026 00:03:00,97,moneyline_1x2,,New York Knicks (RADIANT),2.35,False
2026-08-12T23:56:54.493159+00:00,13673666929,GG League - 4x5 Min de juego,False,New York Knicks,RADIANT,Oklahoma City Thunder,STING,New York Knicks (RADIANT),Oklahoma City Thunder (STING),,,,13/08/2026 00:03:00,97,moneyline_1x2,,Oklahoma City Thunder (STING),1.5,False
2026-08-12T23:56:54.493159+00:00,13673664611,GG League - 4x5 Min de juego,False,Phoenix Suns,SIGNAL,Memphis Grizzlies,PHARAOH,Phoenix Suns (SIGNAL),Memphis Grizzlies (PHARAOH),,,,13/08/2026 00:39:00,97,moneyline_1x2,,Phoenix Suns (SIGNAL),1.91,False
2026-08-12T23:56:54.493159+00:00,13673664611,GG League - 4x5 Min de juego,False,Phoenix Suns,SIGNAL,Memphis Grizzlies,PHARAOH,Phoenix Suns (SIGNAL),Memphis Grizzlies (PHARAOH),,,,13/08/2026 00:39:00,97,moneyline_1x2,,Memphis Grizzlies (PHARAOH),1.72,False
2026-08-12T23:56:54.493159+00:00,13673667032,GG League - 4x5 Min de juego,False,Denver Nuggets,DAGGER,Dallas Mavericks,JUGGERNAUT,Denver Nuggets (DAGGER),Dallas Mavericks (JUGGERNAUT),,,,13/08/2026 00:31:00,97,moneyline_1x2,,Denver Nuggets (DAGGER),1.5,False
2026-08-12T23:56:54.493159+00:00,13673667032,GG League - 4x5 Min de juego,False,Denver Nuggets,DAGGER,Dallas Mavericks,JUGGERNAUT,Denver Nuggets (DAGGER),Dallas Mavericks (JUGGERNAUT),,,,13/08/2026 00:31:00,97,moneyline_1x2,,Dallas Mavericks (JUGGERNAUT),2.3,False
2026-08-12T23:56:54.493159+00:00,13673685778,GG League - 4x5 Min de juego,True,Los Angeles Lakers,SIGNAL,New York Knicks,PATIENCE,Los Angeles Lakers (SIGNAL),New York Knicks (PATIENCE),4º cuarto,37,34,12/08/2026 23:35:00,97,moneyline_1x2,,Los Angeles Lakers (SIGNAL),1.15,False
2026-08-12T23:56:54.493159+00:00,13673685778,GG League - 4x5 Min de juego,True,Los Angeles Lakers,SIGNAL,New York Knicks,PATIENCE,Los Angeles Lakers (SIGNAL),New York Knicks (PATIENCE),4º cuarto,37,34,12/08/2026 23:35:00,97,moneyline_1x2,,New York Knicks (PATIENCE),4.3,False
2026-08-12T23:56:54.493159+00:00,13673664429,GG League - 4x5 Min de juego,False,New York Knicks,PATIENCE,Oklahoma City Thunder,AZURE,New York Knicks (PATIENCE),Oklahoma City Thunder (AZURE),,,,13/08/2026 00:07:00,97,moneyline_1x2,,New York Knicks (PATIENCE),1.3,False
2026-08-12T23:56:54.493159+00:00,13673664429,GG League - 4x5 Min de juego,False,New York Knicks,PATIENCE,Oklahoma City Thunder,AZURE,New York Knicks (PATIENCE),Oklahoma City Thunder (AZURE),,,,13/08/2026 00:07:00,97,moneyline_1x2,,Oklahoma City Thunder (AZURE),2.95,False
2026-08-12T23:56:54.493159+00:00,13673685520,GG League - 4x5 Min de juego,False,Phoenix Suns,NIGHTHAWK,Milwaukee Bucks,GENERAL,Phoenix Suns (NIGHTHAWK),Milwaukee Bucks (GENERAL),,,,12/08/2026 23:59:00,97,moneyline_1x2,,Phoenix Suns (NIGHTHAWK),1.35,False
2026-08-12T23:56:54.493159+00:00,13673685520,GG League - 4x5 Min de juego,False,Phoenix Suns,NIGHTHAWK,Milwaukee Bucks,GENERAL,Phoenix Suns (NIGHTHAWK),Milwaukee Bucks (GENERAL),,,,12/08/2026 23:59:00,97,moneyline_1x2,,Milwaukee Bucks (GENERAL),2.8,False
2026-08-12T23:56:54.493159+00:00,13673685720,GG League - 4x5 Min de juego,True,Orlando Magic,HUNCHO,Charlotte Hornets,CALAMITY,Orlando Magic (HUNCHO),Charlotte Hornets (CALAMITY),2º cuarto,17,22,12/08/2026 23:47:00,97,moneyline_1x2,,Orlando Magic (HUNCHO),2.6,False
2026-08-12T23:56:54.493159+00:00,13673685720,GG League - 4x5 Min de juego,True,Orlando Magic,HUNCHO,Charlotte Hornets,CALAMITY,Orlando Magic (HUNCHO),Charlotte Hornets (CALAMITY),2º cuarto,17,22,12/08/2026 23:47:00,97,moneyline_1x2,,Charlotte Hornets (CALAMITY),1.4,False
2026-08-12T23:56:54.493159+00:00,13673685454,GG League - 4x5 Min de juego,True,Brooklyn Nets,KARMA,Toronto Raptors,CYPHER,Brooklyn Nets (KARMA),Toronto Raptors (CYPHER),1º cuarto,2,2,12/08/2026 23:55:00,97,moneyline_1x2,,Brooklyn Nets (KARMA),1.5,False
2026-08-12T23:56:54.493159+00:00,13673685454,GG League - 4x5 Min de juego,True,Brooklyn Nets,KARMA,Toronto Raptors,CYPHER,Brooklyn Nets (KARMA),Toronto Raptors (CYPHER),1º cuarto,2,2,12/08/2026 23:55:00,97,moneyline_1x2,,Toronto Raptors (CYPHER),2.3,False
2026-08-12T23:58:49.130191+00:00,13673664610,GG League - 4x5 Min de juego,False,Denver Nuggets,ADMIRAL,Charlotte Hornets,STING,Denver Nuggets (ADMIRAL),Charlotte Hornets (STING),,,,13/08/2026 00:35:00,97,moneyline_1x2,,Denver Nuggets (ADMIRAL),2.35,False
2026-08-12T23:58:49.130191+00:00,13673664610,GG League - 4x5 Min de juego,False,Denver Nuggets,ADMIRAL,Charlotte Hornets,STING,Denver Nuggets (ADMIRAL),Charlotte Hornets (STING),,,,13/08/2026 00:35:00,97,moneyline_1x2,,Charlotte Hornets (STING),1.5,False
2026-08-12T23:58:49.130191+00:00,13673685780,GG League - 4x5 Min de juego,True,Dallas Mavericks,SPARKZ,Orlando Magic,UNDERRATED,Dallas Mavericks (SPARKZ),Orlando Magic (UNDERRATED),2º cuarto,21,16,12/08/2026 23:51:00,97,moneyline_1x2,,Dallas Mavericks (SPARKZ),1.22,False
2026-08-12T23:58:49.130191+00:00,13673685780,GG League - 4x5 Min de juego,True,Dallas Mavericks,SPARKZ,Orlando Magic,UNDERRATED,Dallas Mavericks (SPARKZ),Orlando Magic (UNDERRATED),2º cuarto,21,16,12/08/2026 23:51:00,97,moneyline_1x2,,Orlando Magic (UNDERRATED),3.45,False
2026-08-12T23:58:49.130191+00:00,13673664495,GG League - 4x5 Min de juego,False,Dallas Mavericks,JACKAL,Denver Nuggets,CURSE,Dallas Mavericks (JACKAL),Denver Nuggets (CURSE),,,,13/08/2026 00:19:00,97,moneyline_1x2,,Dallas Mavericks (JACKAL),1.62,False
2026-08-12T23:58:49.130191+00:00,13673664495,GG League - 4x5 Min de juego,False,Dallas Mavericks,JACKAL,Denver Nuggets,CURSE,Dallas Mavericks (JACKAL),Denver Nuggets (CURSE),,,,13/08/2026 00:19:00,97,moneyline_1x2,,Denver Nuggets (CURSE),2.05,False
2026-08-12T23:58:49.130191+00:00,13673666929,GG League - 4x5 Min de juego,False,New York Knicks,RADIANT,Oklahoma City Thunder,STING,New York Knicks (RADIANT),Oklahoma City Thunder (STING),,,,13/08/2026 00:03:00,97,moneyline_1x2,,New York Knicks (RADIANT),2.35,False
2026-08-12T23:58:49.130191+00:00,13673666929,GG League - 4x5 Min de juego,False,New York Knicks,RADIANT,Oklahoma City Thunder,STING,New York Knicks (RADIANT),Oklahoma City Thunder (STING),,,,13/08/2026 00:03:00,97,moneyline_1x2,,Oklahoma City Thunder (STING),1.5,False
2026-08-12T23:58:49.130191+00:00,13673664611,GG League - 4x5 Min de juego,False,Phoenix Suns,SIGNAL,Memphis Grizzlies,PHARAOH,Phoenix Suns (SIGNAL),Memphis Grizzlies (PHARAOH),,,,13/08/2026 00:39:00,97,moneyline_1x2,,Phoenix Suns (SIGNAL),1.91,False
2026-08-12T23:58:49.130191+00:00,13673664611,GG League - 4x5 Min de juego,False,Phoenix Suns,SIGNAL,Memphis Grizzlies,PHARAOH,Phoenix Suns (SIGNAL),Memphis Grizzlies (PHARAOH),,,,13/08/2026 00:39:00,97,moneyline_1x2,,Memphis Grizzlies (PHARAOH),1.72,False
2026-08-12T23:58:49.130191+00:00,13673667032,GG League - 4x5 Min de juego,False,Denver Nuggets,DAGGER,Dallas Mavericks,JUGGERNAUT,Denver Nuggets (DAGGER),Dallas Mavericks (JUGGERNAUT),,,,13/08/2026 00:31:00,97,moneyline_1x2,,Denver Nuggets (DAGGER),1.5,False
2026-08-12T23:58:49.130191+00:00,13673667032,GG League - 4x5 Min de juego,False,Denver Nuggets,DAGGER,Dallas Mavericks,JUGGERNAUT,Denver Nuggets (DAGGER),Dallas Mavericks (JUGGERNAUT),,,,13/08/2026 00:31:00,97,moneyline_1x2,,Dallas Mavericks (JUGGERNAUT),2.3,False
2026-08-12T23:58:49.130191+00:00,13673664429,GG League - 4x5 Min de juego,False,New York Knicks,PATIENCE,Oklahoma City Thunder,AZURE,New York Knicks (PATIENCE),Oklahoma City Thunder (AZURE),,,,13/08/2026 00:07:00,97,moneyline_1x2,,New York Knicks (PATIENCE),1.3,False
2026-08-12T23:58:49.130191+00:00,13673664429,GG League - 4x5 Min de juego,False,New York Knicks,PATIENCE,Oklahoma City Thunder,AZURE,New York Knicks (PATIENCE),Oklahoma City Thunder (AZURE),,,,13/08/2026 00:07:00,97,moneyline_1x2,,Oklahoma City Thunder (AZURE),2.95,False
2026-08-12T23:58:49.130191+00:00,13673685520,GG League - 4x5 Min de juego,False,Phoenix Suns,NIGHTHAWK,Milwaukee Bucks,GENERAL,Phoenix Suns (NIGHTHAWK),Milwaukee Bucks (GENERAL),,,,12/08/2026 23:59:00,97,moneyline_1x2,,Phoenix Suns (NIGHTHAWK),1.35,False
2026-08-12T23:58:49.130191+00:00,13673685520,GG League - 4x5 Min de juego,False,Phoenix Suns,NIGHTHAWK,Milwaukee Bucks,GENERAL,Phoenix Suns (NIGHTHAWK),Milwaukee Bucks (GENERAL),,,,12/08/2026 23:59:00,97,moneyline_1x2,,Milwaukee Bucks (GENERAL),2.8,False
2026-08-12T23:58:49.130191+00:00,13673685720,GG League - 4x5 Min de juego,True,Orlando Magic,HUNCHO,Charlotte Hornets,CALAMITY,Orlando Magic (HUNCHO),Charlotte Hornets (CALAMITY),2º cuarto,21,25,12/08/2026 23:47:00,97,moneyline_1x2,,Orlando Magic (HUNCHO),2.4,False
2026-08-12T23:58:49.130191+00:00,13673685720,GG League - 4x5 Min de juego,True,Orlando Magic,HUNCHO,Charlotte Hornets,CALAMITY,Orlando Magic (HUNCHO),Charlotte Hornets (CALAMITY),2º cuarto,21,25,12/08/2026 23:47:00,97,moneyline_1x2,,Charlotte Hornets (CALAMITY),1.45,False
2026-08-12T23:58:49.130191+00:00,13673685454,GG League - 4x5 Min de juego,True,Brooklyn Nets,KARMA,Toronto Raptors,CYPHER,Brooklyn Nets (KARMA),Toronto Raptors (CYPHER),1º cuarto,9,7,12/08/2026 23:55:00,97,moneyline_1x2,,Brooklyn Nets (KARMA),1.37,False
2026-08-12T23:58:49.130191+00:00,13673685454,GG League - 4x5 Min de juego,True,Brooklyn Nets,KARMA,Toronto Raptors,CYPHER,Brooklyn Nets (KARMA),Toronto Raptors (CYPHER),1º cuarto,9,7,12/08/2026 23:55:00,97,moneyline_1x2,,Toronto Raptors (CYPHER),2.7,False
2026-08-13T00:01:35.186052+00:00,13673664610,GG League - 4x5 Min de juego,False,Denver Nuggets,ADMIRAL,Charlotte Hornets,STING,Denver Nuggets (ADMIRAL),Charlotte Hornets (STING),,,,13/08/2026 00:35:00,97,moneyline_1x2,,Denver Nuggets (ADMIRAL),2.35,False
2026-08-13T00:01:35.186052+00:00,13673664610,GG League - 4x5 Min de juego,False,Denver Nuggets,ADMIRAL,Charlotte Hornets,STING,Denver Nuggets (ADMIRAL),Charlotte Hornets (STING),,,,13/08/2026 00:35:00,97,moneyline_1x2,,Charlotte Hornets (STING),1.5,False
2026-08-13T00:01:35.186052+00:00,13673685780,GG League - 4x5 Min de juego,True,Dallas Mavericks,SPARKZ,Orlando Magic,UNDERRATED,Dallas Mavericks (SPARKZ),Orlando Magic (UNDERRATED),2º cuarto,23,18,12/08/2026 23:51:00,97,moneyline_1x2,,Dallas Mavericks (SPARKZ),1.22,False
2026-08-13T00:01:35.186052+00:00,13673685780,GG League - 4x5 Min de juego,True,Dallas Mavericks,SPARKZ,Orlando Magic,UNDERRATED,Dallas Mavericks (SPARKZ),Orlando Magic (UNDERRATED),2º cuarto,23,18,12/08/2026 23:51:00,97,moneyline_1x2,,Orlando Magic (UNDERRATED),3.5,False
2026-08-13T00:01:35.186052+00:00,13673664495,GG League - 4x5 Min de juego,False,Dallas Mavericks,JACKAL,Denver Nuggets,CURSE,Dallas Mavericks (JACKAL),Denver Nuggets (CURSE),,,,13/08/2026 00:19:00,97,moneyline_1x2,,Dallas Mavericks (JACKAL),1.62,False
2026-08-13T00:01:35.186052+00:00,13673664495,GG League - 4x5 Min de juego,False,Dallas Mavericks,JACKAL,Denver Nuggets,CURSE,Dallas Mavericks (JACKAL),Denver Nuggets (CURSE),,,,13/08/2026 00:19:00,97,moneyline_1x2,,Denver Nuggets (CURSE),2.05,False
2026-08-13T00:01:35.186052+00:00,13673666929,GG League - 4x5 Min de juego,False,New York Knicks,RADIANT,Oklahoma City Thunder,STING,New York Knicks (RADIANT),Oklahoma City Thunder (STING),,,,13/08/2026 00:03:00,97,moneyline_1x2,,New York Knicks (RADIANT),2.35,False
2026-08-13T00:01:35.186052+00:00,13673666929,GG League - 4x5 Min de juego,False,New York Knicks,RADIANT,Oklahoma City Thunder,STING,New York Knicks (RADIANT),Oklahoma City Thunder (STING),,,,13/08/2026 00:03:00,97,moneyline_1x2,,Oklahoma City Thunder (STING),1.5,False
2026-08-13T00:01:35.186052+00:00,13673664611,GG League - 4x5 Min de juego,False,Phoenix Suns,SIGNAL,Memphis Grizzlies,PHARAOH,Phoenix Suns (SIGNAL),Memphis Grizzlies (PHARAOH),,,,13/08/2026 00:39:00,97,moneyline_1x2,,Phoenix Suns (SIGNAL),1.91,False
2026-08-13T00:01:35.186052+00:00,13673664611,GG League - 4x5 Min de juego,False,Phoenix Suns,SIGNAL,Memphis Grizzlies,PHARAOH,Phoenix Suns (SIGNAL),Memphis Grizzlies (PHARAOH),,,,13/08/2026 00:39:00,97,moneyline_1x2,,Memphis Grizzlies (PHARAOH),1.72,False
2026-08-13T00:01:35.186052+00:00,13673667032,GG League - 4x5 Min de juego,False,Denver Nuggets,DAGGER,Dallas Mavericks,JUGGERNAUT,Denver Nuggets (DAGGER),Dallas Mavericks (JUGGERNAUT),,,,13/08/2026 00:31:00,97,moneyline_1x2,,Denver Nuggets (DAGGER),1.5,False
2026-08-13T00:01:35.186052+00:00,13673667032,GG League - 4x5 Min de juego,False,Denver Nuggets,DAGGER,Dallas Mavericks,JUGGERNAUT,Denver Nuggets (DAGGER),Dallas Mavericks (JUGGERNAUT),,,,13/08/2026 00:31:00,97,moneyline_1x2,,Dallas Mavericks (JUGGERNAUT),2.3,False
2026-08-13T00:01:35.186052+00:00,13673664429,GG League - 4x5 Min de juego,False,New York Knicks,PATIENCE,Oklahoma City Thunder,AZURE,New York Knicks (PATIENCE),Oklahoma City Thunder (AZURE),,,,13/08/2026 00:07:00,97,moneyline_1x2,,New York Knicks (PATIENCE),1.3,False
2026-08-13T00:01:35.186052+00:00,13673664429,GG League - 4x5 Min de juego,False,New York Knicks,PATIENCE,Oklahoma City Thunder,AZURE,New York Knicks (PATIENCE),Oklahoma City Thunder (AZURE),,,,13/08/2026 00:07:00,97,moneyline_1x2,,Oklahoma City Thunder (AZURE),2.95,False
2026-08-13T00:01:35.186052+00:00,13673685720,GG League - 4x5 Min de juego,True,Orlando Magic,HUNCHO,Charlotte Hornets,CALAMITY,Orlando Magic (HUNCHO),Charlotte Hornets (CALAMITY),2º cuarto,25,31,12/08/2026 23:47:00,97,moneyline_1x2,,Orlando Magic (HUNCHO),3.15,False
2026-08-13T00:01:35.186052+00:00,13673685720,GG League - 4x5 Min de juego,True,Orlando Magic,HUNCHO,Charlotte Hornets,CALAMITY,Orlando Magic (HUNCHO),Charlotte Hornets (CALAMITY),2º cuarto,25,31,12/08/2026 23:47:00,97,moneyline_1x2,,Charlotte Hornets (CALAMITY),1.28,False
2026-08-13T00:01:35.186052+00:00,13673685454,GG League - 4x5 Min de juego,True,Brooklyn Nets,KARMA,Toronto Raptors,CYPHER,Brooklyn Nets (KARMA),Toronto Raptors (CYPHER),1º cuarto,11,9,12/08/2026 23:55:00,97,moneyline_1x2,,Brooklyn Nets (KARMA),1.37,False
2026-08-13T00:01:35.186052+00:00,13673685454,GG League - 4x5 Min de juego,True,Brooklyn Nets,KARMA,Toronto Raptors,CYPHER,Brooklyn Nets (KARMA),Toronto Raptors (CYPHER),1º cuarto,11,9,12/08/2026 23:55:00,97,moneyline_1x2,,Toronto Raptors (CYPHER),2.7,False
2026-08-13T00:02:53.223887+00:00,13673664610,GG League - 4x5 Min de juego,False,Denver Nuggets,ADMIRAL,Charlotte Hornets,STING,Denver Nuggets (ADMIRAL),Charlotte Hornets (STING),,,,13/08/2026 00:35:00,97,moneyline_1x2,,Denver Nuggets (ADMIRAL),2.35,False
2026-08-13T00:02:53.223887+00:00,13673664610,GG League - 4x5 Min de juego,False,Denver Nuggets,ADMIRAL,Charlotte Hornets,STING,Denver Nuggets (ADMIRAL),Charlotte Hornets (STING),,,,13/08/2026 00:35:00,97,moneyline_1x2,,Charlotte Hornets (STING),1.5,False
2026-08-13T00:02:53.223887+00:00,13673685780,GG League - 4x5 Min de juego,True,Dallas Mavericks,SPARKZ,Orlando Magic,UNDERRATED,Dallas Mavericks (SPARKZ),Orlando Magic (UNDERRATED),2º cuarto,23,23,12/08/2026 23:51:00,97,moneyline_1x2,,Dallas Mavericks (SPARKZ),1.57,False
2026-08-13T00:02:53.223887+00:00,13673685780,GG League - 4x5 Min de juego,True,Dallas Mavericks,SPARKZ,Orlando Magic,UNDERRATED,Dallas Mavericks (SPARKZ),Orlando Magic (UNDERRATED),2º cuarto,23,23,12/08/2026 23:51:00,97,moneyline_1x2,,Orlando Magic (UNDERRATED),2.15,False
2026-08-13T00:02:53.223887+00:00,13673664495,GG League - 4x5 Min de juego,False,Dallas Mavericks,JACKAL,Denver Nuggets,CURSE,Dallas Mavericks (JACKAL),Denver Nuggets (CURSE),,,,13/08/2026 00:19:00,97,moneyline_1x2,,Dallas Mavericks (JACKAL),1.62,False
2026-08-13T00:02:53.223887+00:00,13673664495,GG League - 4x5 Min de juego,False,Dallas Mavericks,JACKAL,Denver Nuggets,CURSE,Dallas Mavericks (JACKAL),Denver Nuggets (CURSE),,,,13/08/2026 00:19:00,97,moneyline_1x2,,Denver Nuggets (CURSE),2.05,False
2026-08-13T00:02:53.223887+00:00,13673666929,GG League - 4x5 Min de juego,False,New York Knicks,RADIANT,Oklahoma City Thunder,STING,New York Knicks (RADIANT),Oklahoma City Thunder (STING),,,,13/08/2026 00:03:00,97,moneyline_1x2,,New York Knicks (RADIANT),2.35,False
2026-08-13T00:02:53.223887+00:00,13673666929,GG League - 4x5 Min de juego,False,New York Knicks,RADIANT,Oklahoma City Thunder,STING,New York Knicks (RADIANT),Oklahoma City Thunder (STING),,,,13/08/2026 00:03:00,97,moneyline_1x2,,Oklahoma City Thunder (STING),1.5,False
2026-08-13T00:02:53.223887+00:00,13673664611,GG League - 4x5 Min de juego,False,Phoenix Suns,SIGNAL,Memphis Grizzlies,PHARAOH,Phoenix Suns (SIGNAL),Memphis Grizzlies (PHARAOH),,,,13/08/2026 00:39:00,97,moneyline_1x2,,Phoenix Suns (SIGNAL),1.91,False
2026-08-13T00:02:53.223887+00:00,13673664611,GG League - 4x5 Min de juego,False,Phoenix Suns,SIGNAL,Memphis Grizzlies,PHARAOH,Phoenix Suns (SIGNAL),Memphis Grizzlies (PHARAOH),,,,13/08/2026 00:39:00,97,moneyline_1x2,,Memphis Grizzlies (PHARAOH),1.72,False
2026-08-13T00:02:53.223887+00:00,13673667032,GG League - 4x5 Min de juego,False,Denver Nuggets,DAGGER,Dallas Mavericks,JUGGERNAUT,Denver Nuggets (DAGGER),Dallas Mavericks (JUGGERNAUT),,,,13/08/2026 00:31:00,97,moneyline_1x2,,Denver Nuggets (DAGGER),1.5,False
2026-08-13T00:02:53.223887+00:00,13673667032,GG League - 4x5 Min de juego,False,Denver Nuggets,DAGGER,Dallas Mavericks,JUGGERNAUT,Denver Nuggets (DAGGER),Dallas Mavericks (JUGGERNAUT),,,,13/08/2026 00:31:00,97,moneyline_1x2,,Dallas Mavericks (JUGGERNAUT),2.3,False
2026-08-13T00:02:53.223887+00:00,13673685778,GG League - 4x5 Min de juego,True,Los Angeles Lakers,SIGNAL,New York Knicks,PATIENCE,Los Angeles Lakers (SIGNAL),New York Knicks (PATIENCE),1ª prórroga,41,41,12/08/2026 23:35:00,97,moneyline_1x2,,Los Angeles Lakers (SIGNAL),2.05,False
2026-08-13T00:02:53.223887+00:00,13673685778,GG League - 4x5 Min de juego,True,Los Angeles Lakers,SIGNAL,New York Knicks,PATIENCE,Los Angeles Lakers (SIGNAL),New York Knicks (PATIENCE),1ª prórroga,41,41,12/08/2026 23:35:00,97,moneyline_1x2,,New York Knicks (PATIENCE),1.62,False
2026-08-13T00:02:53.223887+00:00,13673664429,GG League - 4x5 Min de juego,False,New York Knicks,PATIENCE,Oklahoma City Thunder,AZURE,New York Knicks (PATIENCE),Oklahoma City Thunder (AZURE),,,,13/08/2026 00:07:00,97,moneyline_1x2,,New York Knicks (PATIENCE),1.3,False
2026-08-13T00:02:53.223887+00:00,13673664429,GG League - 4x5 Min de juego,False,New York Knicks,PATIENCE,Oklahoma City Thunder,AZURE,New York Knicks (PATIENCE),Oklahoma City Thunder (AZURE),,,,13/08/2026 00:07:00,97,moneyline_1x2,,Oklahoma City Thunder (AZURE),2.95,False
2026-08-13T00:02:53.223887+00:00,13673685720,GG League - 4x5 Min de juego,True,Orlando Magic,HUNCHO,Charlotte Hornets,CALAMITY,Orlando Magic (HUNCHO),Charlotte Hornets (CALAMITY),3º Cuarto,28,33,12/08/2026 23:47:00,97,moneyline_1x2,,Orlando Magic (HUNCHO),2.8,False
2026-08-13T00:02:53.223887+00:00,13673685720,GG League - 4x5 Min de juego,True,Orlando Magic,HUNCHO,Charlotte Hornets,CALAMITY,Orlando Magic (HUNCHO),Charlotte Hornets (CALAMITY),3º Cuarto,28,33,12/08/2026 23:47:00,97,moneyline_1x2,,Charlotte Hornets (CALAMITY),1.35,False
2026-08-13T00:04:45.681120+00:00,13673664610,GG League - 4x5 Min de juego,False,Denver Nuggets,ADMIRAL,Charlotte Hornets,STING,Denver Nuggets (ADMIRAL),Charlotte Hornets (STING),,,,13/08/2026 00:35:00,97,moneyline_1x2,,Denver Nuggets (ADMIRAL),2.35,False
2026-08-13T00:04:45.681120+00:00,13673664610,GG League - 4x5 Min de juego,False,Denver Nuggets,ADMIRAL,Charlotte Hornets,STING,Denver Nuggets (ADMIRAL),Charlotte Hornets (STING),,,,13/08/2026 00:35:00,97,moneyline_1x2,,Charlotte Hornets (STING),1.5,False
2026-08-13T00:04:45.681120+00:00,13673685780,GG League - 4x5 Min de juego,True,Dallas Mavericks,SPARKZ,Orlando Magic,UNDERRATED,Dallas Mavericks (SPARKZ),Orlando Magic (UNDERRATED),2º cuarto,27,23,12/08/2026 23:51:00,97,moneyline_1x2,,Dallas Mavericks (SPARKZ),1.28,False
2026-08-13T00:04:45.681120+00:00,13673685780,GG League - 4x5 Min de juego,True,Dallas Mavericks,SPARKZ,Orlando Magic,UNDERRATED,Dallas Mavericks (SPARKZ),Orlando Magic (UNDERRATED),2º cuarto,27,23,12/08/2026 23:51:00,97,moneyline_1x2,,Orlando Magic (UNDERRATED),3.2,False
2026-08-13T00:04:45.681120+00:00,13673664495,GG League - 4x5 Min de juego,False,Dallas Mavericks,JACKAL,Denver Nuggets,CURSE,Dallas Mavericks (JACKAL),Denver Nuggets (CURSE),,,,13/08/2026 00:19:00,97,moneyline_1x2,,Dallas Mavericks (JACKAL),1.62,False
2026-08-13T00:04:45.681120+00:00,13673664495,GG League - 4x5 Min de juego,False,Dallas Mavericks,JACKAL,Denver Nuggets,CURSE,Dallas Mavericks (JACKAL),Denver Nuggets (CURSE),,,,13/08/2026 00:19:00,97,moneyline_1x2,,Denver Nuggets (CURSE),2.05,False
2026-08-13T00:04:45.681120+00:00,13673666929,GG League - 4x5 Min de juego,False,New York Knicks,RADIANT,Oklahoma City Thunder,STING,New York Knicks (RADIANT),Oklahoma City Thunder (STING),,,,13/08/2026 00:03:00,97,moneyline_1x2,,New York Knicks (RADIANT),2.35,False
2026-08-13T00:04:45.681120+00:00,13673666929,GG League - 4x5 Min de juego,False,New York Knicks,RADIANT,Oklahoma City Thunder,STING,New York Knicks (RADIANT),Oklahoma City Thunder (STING),,,,13/08/2026 00:03:00,97,moneyline_1x2,,Oklahoma City Thunder (STING),1.5,False
2026-08-13T00:04:45.681120+00:00,13673664611,GG League - 4x5 Min de juego,False,Phoenix Suns,SIGNAL,Memphis Grizzlies,PHARAOH,Phoenix Suns (SIGNAL),Memphis Grizzlies (PHARAOH),,,,13/08/2026 00:39:00,97,moneyline_1x2,,Phoenix Suns (SIGNAL),1.91,False
2026-08-13T00:04:45.681120+00:00,13673664611,GG League - 4x5 Min de juego,False,Phoenix Suns,SIGNAL,Memphis Grizzlies,PHARAOH,Phoenix Suns (SIGNAL),Memphis Grizzlies (PHARAOH),,,,13/08/2026 00:39:00,97,moneyline_1x2,,Memphis Grizzlies (PHARAOH),1.72,False
2026-08-13T00:04:45.681120+00:00,13673667032,GG League - 4x5 Min de juego,False,Denver Nuggets,DAGGER,Dallas Mavericks,JUGGERNAUT,Denver Nuggets (DAGGER),Dallas Mavericks (JUGGERNAUT),,,,13/08/2026 00:31:00,97,moneyline_1x2,,Denver Nuggets (DAGGER),1.5,False
2026-08-13T00:04:45.681120+00:00,13673667032,GG League - 4x5 Min de juego,False,Denver Nuggets,DAGGER,Dallas Mavericks,JUGGERNAUT,Denver Nuggets (DAGGER),Dallas Mavericks (JUGGERNAUT),,,,13/08/2026 00:31:00,97,moneyline_1x2,,Dallas Mavericks (JUGGERNAUT),2.3,False
2026-08-13T00:04:45.681120+00:00,13673664429,GG League - 4x5 Min de juego,False,New York Knicks,PATIENCE,Oklahoma City Thunder,AZURE,New York Knicks (PATIENCE),Oklahoma City Thunder (AZURE),,,,13/08/2026 00:07:00,97,moneyline_1x2,,New York Knicks (PATIENCE),1.3,False
2026-08-13T00:04:45.681120+00:00,13673664429,GG League - 4x5 Min de juego,False,New York Knicks,PATIENCE,Oklahoma City Thunder,AZURE,New York Knicks (PATIENCE),Oklahoma City Thunder (AZURE),,,,13/08/2026 00:07:00,97,moneyline_1x2,,Oklahoma City Thunder (AZURE),2.95,False
2026-08-13T00:04:45.681120+00:00,13673685720,GG League - 4x5 Min de juego,True,Orlando Magic,HUNCHO,Charlotte Hornets,CALAMITY,Orlando Magic (HUNCHO),Charlotte Hornets (CALAMITY),3º Cuarto,28,33,12/08/2026 23:47:00,97,moneyline_1x2,,Orlando Magic (HUNCHO),2.8,False
2026-08-13T00:04:45.681120+00:00,13673685720,GG League - 4x5 Min de juego,True,Orlando Magic,HUNCHO,Charlotte Hornets,CALAMITY,Orlando Magic (HUNCHO),Charlotte Hornets (CALAMITY),3º Cuarto,28,33,12/08/2026 23:47:00,97,moneyline_1x2,,Charlotte Hornets (CALAMITY),1.35,False
2026-08-13T00:06:47.919740+00:00,13673664610,GG League - 4x5 Min de juego,False,Denver Nuggets,ADMIRAL,Charlotte Hornets,STING,Denver Nuggets (ADMIRAL),Charlotte Hornets (STING),,,,13/08/2026 00:35:00,97,moneyline_1x2,,Denver Nuggets (ADMIRAL),2.35,False
2026-08-13T00:06:47.919740+00:00,13673664610,GG League - 4x5 Min de juego,False,Denver Nuggets,ADMIRAL,Charlotte Hornets,STING,Denver Nuggets (ADMIRAL),Charlotte Hornets (STING),,,,13/08/2026 00:35:00,97,moneyline_1x2,,Charlotte Hornets (STING),1.5,False
2026-08-13T00:06:47.919740+00:00,13673685780,GG League - 4x5 Min de juego,True,Dallas Mavericks,SPARKZ,Orlando Magic,UNDERRATED,Dallas Mavericks (SPARKZ),Orlando Magic (UNDERRATED),2º cuarto,31,25,12/08/2026 23:51:00,97,moneyline_1x2,,Dallas Mavericks (SPARKZ),1.15,False
2026-08-13T00:06:47.919740+00:00,13673685780,GG League - 4x5 Min de juego,True,Dallas Mavericks,SPARKZ,Orlando Magic,UNDERRATED,Dallas Mavericks (SPARKZ),Orlando Magic (UNDERRATED),2º cuarto,31,25,12/08/2026 23:51:00,97,moneyline_1x2,,Orlando Magic (UNDERRATED),4.3,False
2026-08-13T00:06:47.919740+00:00,13673664495,GG League - 4x5 Min de juego,False,Dallas Mavericks,JACKAL,Denver Nuggets,CURSE,Dallas Mavericks (JACKAL),Denver Nuggets (CURSE),,,,13/08/2026 00:19:00,97,moneyline_1x2,,Dallas Mavericks (JACKAL),1.62,False
2026-08-13T00:06:47.919740+00:00,13673664495,GG League - 4x5 Min de juego,False,Dallas Mavericks,JACKAL,Denver Nuggets,CURSE,Dallas Mavericks (JACKAL),Denver Nuggets (CURSE),,,,13/08/2026 00:19:00,97,moneyline_1x2,,Denver Nuggets (CURSE),2.05,False
2026-08-13T00:06:47.919740+00:00,13673666929,GG League - 4x5 Min de juego,False,New York Knicks,RADIANT,Oklahoma City Thunder,STING,New York Knicks (RADIANT),Oklahoma City Thunder (STING),,,,13/08/2026 00:03:00,97,moneyline_1x2,,New York Knicks (RADIANT),2.35,False
2026-08-13T00:06:47.919740+00:00,13673666929,GG League - 4x5 Min de juego,False,New York Knicks,RADIANT,Oklahoma City Thunder,STING,New York Knicks (RADIANT),Oklahoma City Thunder (STING),,,,13/08/2026 00:03:00,97,moneyline_1x2,,Oklahoma City Thunder (STING),1.5,False
2026-08-13T00:06:47.919740+00:00,13673664611,GG League - 4x5 Min de juego,False,Phoenix Suns,SIGNAL,Memphis Grizzlies,PHARAOH,Phoenix Suns (SIGNAL),Memphis Grizzlies (PHARAOH),,,,13/08/2026 00:39:00,97,moneyline_1x2,,Phoenix Suns (SIGNAL),1.91,False
2026-08-13T00:06:47.919740+00:00,13673664611,GG League - 4x5 Min de juego,False,Phoenix Suns,SIGNAL,Memphis Grizzlies,PHARAOH,Phoenix Suns (SIGNAL),Memphis Grizzlies (PHARAOH),,,,13/08/2026 00:39:00,97,moneyline_1x2,,Memphis Grizzlies (PHARAOH),1.72,False
2026-08-13T00:06:47.919740+00:00,13673667032,GG League - 4x5 Min de juego,False,Denver Nuggets,DAGGER,Dallas Mavericks,JUGGERNAUT,Denver Nuggets (DAGGER),Dallas Mavericks (JUGGERNAUT),,,,13/08/2026 00:31:00,97,moneyline_1x2,,Denver Nuggets (DAGGER),1.5,False
2026-08-13T00:06:47.919740+00:00,13673667032,GG League - 4x5 Min de juego,False,Denver Nuggets,DAGGER,Dallas Mavericks,JUGGERNAUT,Denver Nuggets (DAGGER),Dallas Mavericks (JUGGERNAUT),,,,13/08/2026 00:31:00,97,moneyline_1x2,,Dallas Mavericks (JUGGERNAUT),2.3,False
2026-08-13T00:06:47.919740+00:00,13673664429,GG League - 4x5 Min de juego,False,New York Knicks,PATIENCE,Oklahoma City Thunder,AZURE,New York Knicks (PATIENCE),Oklahoma City Thunder (AZURE),,,,13/08/2026 00:07:00,97,moneyline_1x2,,New York Knicks (PATIENCE),1.3,False
2026-08-13T00:06:47.919740+00:00,13673664429,GG League - 4x5 Min de juego,False,New York Knicks,PATIENCE,Oklahoma City Thunder,AZURE,New York Knicks (PATIENCE),Oklahoma City Thunder (AZURE),,,,13/08/2026 00:07:00,97,moneyline_1x2,,Oklahoma City Thunder (AZURE),2.95,False
2026-08-13T00:06:47.919740+00:00,13673685720,GG League - 4x5 Min de juego,True,Orlando Magic,HUNCHO,Charlotte Hornets,CALAMITY,Orlando Magic (HUNCHO),Charlotte Hornets (CALAMITY),3º Cuarto,30,33,12/08/2026 23:47:00,97,moneyline_1x2,,Orlando Magic (HUNCHO),2.3,False
2026-08-13T00:06:47.919740+00:00,13673685720,GG League - 4x5 Min de juego,True,Orlando Magic,HUNCHO,Charlotte Hornets,CALAMITY,Orlando Magic (HUNCHO),Charlotte Hornets (CALAMITY),3º Cuarto,30,33,12/08/2026 23:47:00,97,moneyline_1x2,,Charlotte Hornets (CALAMITY),1.5,False
2026-08-13T00:08:47.132741+00:00,13673664610,GG League - 4x5 Min de juego,False,Denver Nuggets,ADMIRAL,Charlotte Hornets,STING,Denver Nuggets (ADMIRAL),Charlotte Hornets (STING),,,,13/08/2026 00:35:00,97,moneyline_1x2,,Denver Nuggets (ADMIRAL),2.35,False
2026-08-13T00:08:47.132741+00:00,13673664610,GG League - 4x5 Min de juego,False,Denver Nuggets,ADMIRAL,Charlotte Hornets,STING,Denver Nuggets (ADMIRAL),Charlotte Hornets (STING),,,,13/08/2026 00:35:00,97,moneyline_1x2,,Charlotte Hornets (STING),1.5,False
2026-08-13T00:08:47.132741+00:00,13673664495,GG League - 4x5 Min de juego,False,Dallas Mavericks,JACKAL,Denver Nuggets,CURSE,Dallas Mavericks (JACKAL),Denver Nuggets (CURSE),,,,13/08/2026 00:19:00,97,moneyline_1x2,,Dallas Mavericks (JACKAL),1.62,False
2026-08-13T00:08:47.132741+00:00,13673664495,GG League - 4x5 Min de juego,False,Dallas Mavericks,JACKAL,Denver Nuggets,CURSE,Dallas Mavericks (JACKAL),Denver Nuggets (CURSE),,,,13/08/2026 00:19:00,97,moneyline_1x2,,Denver Nuggets (CURSE),2.05,False
2026-08-13T00:08:47.132741+00:00,13673666929,GG League - 4x5 Min de juego,True,New York Knicks,RADIANT,Oklahoma City Thunder,STING,New York Knicks (RADIANT),Oklahoma City Thunder (STING),1º cuarto,2,0,13/08/2026 00:03:00,97,moneyline_1x2,,New York Knicks (RADIANT),1.91,False
2026-08-13T00:08:47.132741+00:00,13673666929,GG League - 4x5 Min de juego,True,New York Knicks,RADIANT,Oklahoma City Thunder,STING,New York Knicks (RADIANT),Oklahoma City Thunder (STING),1º cuarto,2,0,13/08/2026 00:03:00,97,moneyline_1x2,,Oklahoma City Thunder (STING),1.72,False
2026-08-13T00:08:47.132741+00:00,13673664611,GG League - 4x5 Min de juego,False,Phoenix Suns,SIGNAL,Memphis Grizzlies,PHARAOH,Phoenix Suns (SIGNAL),Memphis Grizzlies (PHARAOH),,,,13/08/2026 00:39:00,97,moneyline_1x2,,Phoenix Suns (SIGNAL),1.91,False
2026-08-13T00:08:47.132741+00:00,13673664611,GG League - 4x5 Min de juego,False,Phoenix Suns,SIGNAL,Memphis Grizzlies,PHARAOH,Phoenix Suns (SIGNAL),Memphis Grizzlies (PHARAOH),,,,13/08/2026 00:39:00,97,moneyline_1x2,,Memphis Grizzlies (PHARAOH),1.72,False
2026-08-13T00:08:47.132741+00:00,13673667032,GG League - 4x5 Min de juego,False,Denver Nuggets,DAGGER,Dallas Mavericks,JUGGERNAUT,Denver Nuggets (DAGGER),Dallas Mavericks (JUGGERNAUT),,,,13/08/2026 00:31:00,97,moneyline_1x2,,Denver Nuggets (DAGGER),1.5,False
2026-08-13T00:08:47.132741+00:00,13673667032,GG League - 4x5 Min de juego,False,Denver Nuggets,DAGGER,Dallas Mavericks,JUGGERNAUT,Denver Nuggets (DAGGER),Dallas Mavericks (JUGGERNAUT),,,,13/08/2026 00:31:00,97,moneyline_1x2,,Dallas Mavericks (JUGGERNAUT),2.3,False
2026-08-13T00:08:47.132741+00:00,13673664429,GG League - 4x5 Min de juego,False,New York Knicks,PATIENCE,Oklahoma City Thunder,AZURE,New York Knicks (PATIENCE),Oklahoma City Thunder (AZURE),,,,13/08/2026 00:07:00,97,moneyline_1x2,,New York Knicks (PATIENCE),1.3,False
2026-08-13T00:08:47.132741+00:00,13673664429,GG League - 4x5 Min de juego,False,New York Knicks,PATIENCE,Oklahoma City Thunder,AZURE,New York Knicks (PATIENCE),Oklahoma City Thunder (AZURE),,,,13/08/2026 00:07:00,97,moneyline_1x2,,Oklahoma City Thunder (AZURE),2.95,False
2026-08-13T00:11:06.190912+00:00,13673664610,GG League - 4x5 Min de juego,False,Denver Nuggets,ADMIRAL,Charlotte Hornets,STING,Denver Nuggets (ADMIRAL),Charlotte Hornets (STING),,,,13/08/2026 00:35:00,97,moneyline_1x2,,Denver Nuggets (ADMIRAL),2.35,False
2026-08-13T00:11:06.190912+00:00,13673664610,GG League - 4x5 Min de juego,False,Denver Nuggets,ADMIRAL,Charlotte Hornets,STING,Denver Nuggets (ADMIRAL),Charlotte Hornets (STING),,,,13/08/2026 00:35:00,97,moneyline_1x2,,Charlotte Hornets (STING),1.5,False
2026-08-13T00:11:06.190912+00:00,13673664495,GG League - 4x5 Min de juego,False,Dallas Mavericks,JACKAL,Denver Nuggets,CURSE,Dallas Mavericks (JACKAL),Denver Nuggets (CURSE),,,,13/08/2026 00:19:00,97,moneyline_1x2,,Dallas Mavericks (JACKAL),1.62,False
2026-08-13T00:11:06.190912+00:00,13673664495,GG League - 4x5 Min de juego,False,Dallas Mavericks,JACKAL,Denver Nuggets,CURSE,Dallas Mavericks (JACKAL),Denver Nuggets (CURSE),,,,13/08/2026 00:19:00,97,moneyline_1x2,,Denver Nuggets (CURSE),2.05,False
2026-08-13T00:11:06.190912+00:00,13673664611,GG League - 4x5 Min de juego,False,Phoenix Suns,SIGNAL,Memphis Grizzlies,PHARAOH,Phoenix Suns (SIGNAL),Memphis Grizzlies (PHARAOH),,,,13/08/2026 00:39:00,97,moneyline_1x2,,Phoenix Suns (SIGNAL),1.91,False
2026-08-13T00:11:06.190912+00:00,13673664611,GG League - 4x5 Min de juego,False,Phoenix Suns,SIGNAL,Memphis Grizzlies,PHARAOH,Phoenix Suns (SIGNAL),Memphis Grizzlies (PHARAOH),,,,13/08/2026 00:39:00,97,moneyline_1x2,,Memphis Grizzlies (PHARAOH),1.72,False
2026-08-13T00:11:06.190912+00:00,13673667032,GG League - 4x5 Min de juego,False,Denver Nuggets,DAGGER,Dallas Mavericks,JUGGERNAUT,Denver Nuggets (DAGGER),Dallas Mavericks (JUGGERNAUT),,,,13/08/2026 00:31:00,97,moneyline_1x2,,Denver Nuggets (DAGGER),1.5,False
2026-08-13T00:11:06.190912+00:00,13673667032,GG League - 4x5 Min de juego,False,Denver Nuggets,DAGGER,Dallas Mavericks,JUGGERNAUT,Denver Nuggets (DAGGER),Dallas Mavericks (JUGGERNAUT),,,,13/08/2026 00:31:00,97,moneyline_1x2,,Dallas Mavericks (JUGGERNAUT),2.3,False
2026-08-13T00:12:58.700338+00:00,13673664610,GG League - 4x5 Min de juego,False,Denver Nuggets,ADMIRAL,Charlotte Hornets,STING,Denver Nuggets (ADMIRAL),Charlotte Hornets (STING),,,,13/08/2026 00:35:00,97,moneyline_1x2,,Denver Nuggets (ADMIRAL),2.35,False
2026-08-13T00:12:58.700338+00:00,13673664610,GG League - 4x5 Min de juego,False,Denver Nuggets,ADMIRAL,Charlotte Hornets,STING,Denver Nuggets (ADMIRAL),Charlotte Hornets (STING),,,,13/08/2026 00:35:00,97,moneyline_1x2,,Charlotte Hornets (STING),1.5,False
2026-08-13T00:12:58.700338+00:00,13673664495,GG League - 4x5 Min de juego,False,Dallas Mavericks,JACKAL,Denver Nuggets,CURSE,Dallas Mavericks (JACKAL),Denver Nuggets (CURSE),,,,13/08/2026 00:19:00,97,moneyline_1x2,,Dallas Mavericks (JACKAL),1.62,False
2026-08-13T00:12:58.700338+00:00,13673664495,GG League - 4x5 Min de juego,False,Dallas Mavericks,JACKAL,Denver Nuggets,CURSE,Dallas Mavericks (JACKAL),Denver Nuggets (CURSE),,,,13/08/2026 00:19:00,97,moneyline_1x2,,Denver Nuggets (CURSE),2.05,False
2026-08-13T00:12:58.700338+00:00,13673664611,GG League - 4x5 Min de juego,False,Phoenix Suns,SIGNAL,Memphis Grizzlies,PHARAOH,Phoenix Suns (SIGNAL),Memphis Grizzlies (PHARAOH),,,,13/08/2026 00:39:00,97,moneyline_1x2,,Phoenix Suns (SIGNAL),1.91,False
2026-08-13T00:12:58.700338+00:00,13673664611,GG League - 4x5 Min de juego,False,Phoenix Suns,SIGNAL,Memphis Grizzlies,PHARAOH,Phoenix Suns (SIGNAL),Memphis Grizzlies (PHARAOH),,,,13/08/2026 00:39:00,97,moneyline_1x2,,Memphis Grizzlies (PHARAOH),1.72,False
2026-08-13T00:12:58.700338+00:00,13673667032,GG League - 4x5 Min de juego,False,Denver Nuggets,DAGGER,Dallas Mavericks,JUGGERNAUT,Denver Nuggets (DAGGER),Dallas Mavericks (JUGGERNAUT),,,,13/08/2026 00:31:00,97,moneyline_1x2,,Denver Nuggets (DAGGER),1.5,False
2026-08-13T00:12:58.700338+00:00,13673667032,GG League - 4x5 Min de juego,False,Denver Nuggets,DAGGER,Dallas Mavericks,JUGGERNAUT,Denver Nuggets (DAGGER),Dallas Mavericks (JUGGERNAUT),,,,13/08/2026 00:31:00,97,moneyline_1x2,,Dallas Mavericks (JUGGERNAUT),2.3,False
2026-08-13T00:14:51.100829+00:00,13673664610,GG League - 4x5 Min de juego,False,Denver Nuggets,ADMIRAL,Charlotte Hornets,STING,Denver Nuggets (ADMIRAL),Charlotte Hornets (STING),,,,13/08/2026 00:35:00,97,moneyline_1x2,,Denver Nuggets (ADMIRAL),2.35,False
2026-08-13T00:14:51.100829+00:00,13673664610,GG League - 4x5 Min de juego,False,Denver Nuggets,ADMIRAL,Charlotte Hornets,STING,Denver Nuggets (ADMIRAL),Charlotte Hornets (STING),,,,13/08/2026 00:35:00,97,moneyline_1x2,,Charlotte Hornets (STING),1.5,False
2026-08-13T00:14:51.100829+00:00,13673664495,GG League - 4x5 Min de juego,False,Dallas Mavericks,JACKAL,Denver Nuggets,CURSE,Dallas Mavericks (JACKAL),Denver Nuggets (CURSE),,,,13/08/2026 00:19:00,97,moneyline_1x2,,Dallas Mavericks (JACKAL),1.62,False
2026-08-13T00:14:51.100829+00:00,13673664495,GG League - 4x5 Min de juego,False,Dallas Mavericks,JACKAL,Denver Nuggets,CURSE,Dallas Mavericks (JACKAL),Denver Nuggets (CURSE),,,,13/08/2026 00:19:00,97,moneyline_1x2,,Denver Nuggets (CURSE),2.05,False
2026-08-13T00:14:51.100829+00:00,13673664611,GG League - 4x5 Min de juego,False,Phoenix Suns,SIGNAL,Memphis Grizzlies,PHARAOH,Phoenix Suns (SIGNAL),Memphis Grizzlies (PHARAOH),,,,13/08/2026 00:39:00,97,moneyline_1x2,,Phoenix Suns (SIGNAL),1.91,False
2026-08-13T00:14:51.100829+00:00,13673664611,GG League - 4x5 Min de juego,False,Phoenix Suns,SIGNAL,Memphis Grizzlies,PHARAOH,Phoenix Suns (SIGNAL),Memphis Grizzlies (PHARAOH),,,,13/08/2026 00:39:00,97,moneyline_1x2,,Memphis Grizzlies (PHARAOH),1.72,False
2026-08-13T00:14:51.100829+00:00,13673667032,GG League - 4x5 Min de juego,False,Denver Nuggets,DAGGER,Dallas Mavericks,JUGGERNAUT,Denver Nuggets (DAGGER),Dallas Mavericks (JUGGERNAUT),,,,13/08/2026 00:31:00,97,moneyline_1x2,,Denver Nuggets (DAGGER),1.5,False
2026-08-13T00:14:51.100829+00:00,13673667032,GG League - 4x5 Min de juego,False,Denver Nuggets,DAGGER,Dallas Mavericks,JUGGERNAUT,Denver Nuggets (DAGGER),Dallas Mavericks (JUGGERNAUT),,,,13/08/2026 00:31:00,97,moneyline_1x2,,Dallas Mavericks (JUGGERNAUT),2.3,False
2026-08-13T00:16:53.411782+00:00,13673664610,GG League - 4x5 Min de juego,False,Denver Nuggets,ADMIRAL,Charlotte Hornets,STING,Denver Nuggets (ADMIRAL),Charlotte Hornets (STING),,,,13/08/2026 00:35:00,97,moneyline_1x2,,Denver Nuggets (ADMIRAL),2.35,False
2026-08-13T00:16:53.411782+00:00,13673664610,GG League - 4x5 Min de juego,False,Denver Nuggets,ADMIRAL,Charlotte Hornets,STING,Denver Nuggets (ADMIRAL),Charlotte Hornets (STING),,,,13/08/2026 00:35:00,97,moneyline_1x2,,Charlotte Hornets (STING),1.5,False
2026-08-13T00:16:53.411782+00:00,13673664495,GG League - 4x5 Min de juego,False,Dallas Mavericks,JACKAL,Denver Nuggets,CURSE,Dallas Mavericks (JACKAL),Denver Nuggets (CURSE),,,,13/08/2026 00:19:00,97,moneyline_1x2,,Dallas Mavericks (JACKAL),1.62,False
2026-08-13T00:16:53.411782+00:00,13673664495,GG League - 4x5 Min de juego,False,Dallas Mavericks,JACKAL,Denver Nuggets,CURSE,Dallas Mavericks (JACKAL),Denver Nuggets (CURSE),,,,13/08/2026 00:19:00,97,moneyline_1x2,,Denver Nuggets (CURSE),2.05,False
2026-08-13T00:16:53.411782+00:00,13673664611,GG League - 4x5 Min de juego,False,Phoenix Suns,SIGNAL,Memphis Grizzlies,PHARAOH,Phoenix Suns (SIGNAL),Memphis Grizzlies (PHARAOH),,,,13/08/2026 00:39:00,97,moneyline_1x2,,Phoenix Suns (SIGNAL),1.91,False
2026-08-13T00:16:53.411782+00:00,13673664611,GG League - 4x5 Min de juego,False,Phoenix Suns,SIGNAL,Memphis Grizzlies,PHARAOH,Phoenix Suns (SIGNAL),Memphis Grizzlies (PHARAOH),,,,13/08/2026 00:39:00,97,moneyline_1x2,,Memphis Grizzlies (PHARAOH),1.72,False
2026-08-13T00:16:53.411782+00:00,13673667032,GG League - 4x5 Min de juego,False,Denver Nuggets,DAGGER,Dallas Mavericks,JUGGERNAUT,Denver Nuggets (DAGGER),Dallas Mavericks (JUGGERNAUT),,,,13/08/2026 00:31:00,97,moneyline_1x2,,Denver Nuggets (DAGGER),1.5,False
2026-08-13T00:16:53.411782+00:00,13673667032,GG League - 4x5 Min de juego,False,Denver Nuggets,DAGGER,Dallas Mavericks,JUGGERNAUT,Denver Nuggets (DAGGER),Dallas Mavericks (JUGGERNAUT),,,,13/08/2026 00:31:00,97,moneyline_1x2,,Dallas Mavericks (JUGGERNAUT),2.3,False
2026-08-13T00:18:57.619551+00:00,13673664610,GG League - 4x5 Min de juego,False,Denver Nuggets,ADMIRAL,Charlotte Hornets,STING,Denver Nuggets (ADMIRAL),Charlotte Hornets (STING),,,,13/08/2026 00:35:00,97,moneyline_1x2,,Denver Nuggets (ADMIRAL),2.35,False
2026-08-13T00:18:57.619551+00:00,13673664610,GG League - 4x5 Min de juego,False,Denver Nuggets,ADMIRAL,Charlotte Hornets,STING,Denver Nuggets (ADMIRAL),Charlotte Hornets (STING),,,,13/08/2026 00:35:00,97,moneyline_1x2,,Charlotte Hornets (STING),1.5,False
2026-08-13T00:18:57.619551+00:00,13673664495,GG League - 4x5 Min de juego,False,Dallas Mavericks,JACKAL,Denver Nuggets,CURSE,Dallas Mavericks (JACKAL),Denver Nuggets (CURSE),,,,13/08/2026 00:19:00,97,moneyline_1x2,,Dallas Mavericks (JACKAL),1.62,False
2026-08-13T00:18:57.619551+00:00,13673664495,GG League - 4x5 Min de juego,False,Dallas Mavericks,JACKAL,Denver Nuggets,CURSE,Dallas Mavericks (JACKAL),Denver Nuggets (CURSE),,,,13/08/2026 00:19:00,97,moneyline_1x2,,Denver Nuggets (CURSE),2.05,False
2026-08-13T00:18:57.619551+00:00,13673664611,GG League - 4x5 Min de juego,False,Phoenix Suns,SIGNAL,Memphis Grizzlies,PHARAOH,Phoenix Suns (SIGNAL),Memphis Grizzlies (PHARAOH),,,,13/08/2026 00:39:00,97,moneyline_1x2,,Phoenix Suns (SIGNAL),1.91,False
2026-08-13T00:18:57.619551+00:00,13673664611,GG League - 4x5 Min de juego,False,Phoenix Suns,SIGNAL,Memphis Grizzlies,PHARAOH,Phoenix Suns (SIGNAL),Memphis Grizzlies (PHARAOH),,,,13/08/2026 00:39:00,97,moneyline_1x2,,Memphis Grizzlies (PHARAOH),1.72,False
2026-08-13T00:18:57.619551+00:00,13673667032,GG League - 4x5 Min de juego,False,Denver Nuggets,DAGGER,Dallas Mavericks,JUGGERNAUT,Denver Nuggets (DAGGER),Dallas Mavericks (JUGGERNAUT),,,,13/08/2026 00:31:00,97,moneyline_1x2,,Denver Nuggets (DAGGER),1.5,False
2026-08-13T00:18:57.619551+00:00,13673667032,GG League - 4x5 Min de juego,False,Denver Nuggets,DAGGER,Dallas Mavericks,JUGGERNAUT,Denver Nuggets (DAGGER),Dallas Mavericks (JUGGERNAUT),,,,13/08/2026 00:31:00,97,moneyline_1x2,,Dallas Mavericks (JUGGERNAUT),2.3,False
2026-08-13T00:18:57.619551+00:00,13673664429,GG League - 4x5 Min de juego,True,New York Knicks,PATIENCE,Oklahoma City Thunder,AZURE,New York Knicks (PATIENCE),Oklahoma City Thunder (AZURE),1º cuarto,4,4,13/08/2026 00:07:00,97,moneyline_1x2,,New York Knicks (PATIENCE),1.35,False
2026-08-13T00:18:57.619551+00:00,13673664429,GG League - 4x5 Min de juego,True,New York Knicks,PATIENCE,Oklahoma City Thunder,AZURE,New York Knicks (PATIENCE),Oklahoma City Thunder (AZURE),1º cuarto,4,4,13/08/2026 00:07:00,97,moneyline_1x2,,Oklahoma City Thunder (AZURE),2.8,False
2026-08-13T00:21:11.771740+00:00,13673664610,GG League - 4x5 Min de juego,False,Denver Nuggets,ADMIRAL,Charlotte Hornets,STING,Denver Nuggets (ADMIRAL),Charlotte Hornets (STING),,,,13/08/2026 00:35:00,97,moneyline_1x2,,Denver Nuggets (ADMIRAL),2.35,False
2026-08-13T00:21:11.771740+00:00,13673664610,GG League - 4x5 Min de juego,False,Denver Nuggets,ADMIRAL,Charlotte Hornets,STING,Denver Nuggets (ADMIRAL),Charlotte Hornets (STING),,,,13/08/2026 00:35:00,97,moneyline_1x2,,Charlotte Hornets (STING),1.5,False
2026-08-13T00:21:11.771740+00:00,13673664495,GG League - 4x5 Min de juego,False,Dallas Mavericks,JACKAL,Denver Nuggets,CURSE,Dallas Mavericks (JACKAL),Denver Nuggets (CURSE),,,,13/08/2026 00:19:00,97,moneyline_1x2,,Dallas Mavericks (JACKAL),1.62,False
2026-08-13T00:21:11.771740+00:00,13673664495,GG League - 4x5 Min de juego,False,Dallas Mavericks,JACKAL,Denver Nuggets,CURSE,Dallas Mavericks (JACKAL),Denver Nuggets (CURSE),,,,13/08/2026 00:19:00,97,moneyline_1x2,,Denver Nuggets (CURSE),2.05,False
2026-08-13T00:21:11.771740+00:00,13673664611,GG League - 4x5 Min de juego,False,Phoenix Suns,SIGNAL,Memphis Grizzlies,PHARAOH,Phoenix Suns (SIGNAL),Memphis Grizzlies (PHARAOH),,,,13/08/2026 00:39:00,97,moneyline_1x2,,Phoenix Suns (SIGNAL),1.91,False
2026-08-13T00:21:11.771740+00:00,13673664611,GG League - 4x5 Min de juego,False,Phoenix Suns,SIGNAL,Memphis Grizzlies,PHARAOH,Phoenix Suns (SIGNAL),Memphis Grizzlies (PHARAOH),,,,13/08/2026 00:39:00,97,moneyline_1x2,,Memphis Grizzlies (PHARAOH),1.72,False
2026-08-13T00:21:11.771740+00:00,13673667032,GG League - 4x5 Min de juego,False,Denver Nuggets,DAGGER,Dallas Mavericks,JUGGERNAUT,Denver Nuggets (DAGGER),Dallas Mavericks (JUGGERNAUT),,,,13/08/2026 00:31:00,97,moneyline_1x2,,Denver Nuggets (DAGGER),1.5,False
2026-08-13T00:21:11.771740+00:00,13673667032,GG League - 4x5 Min de juego,False,Denver Nuggets,DAGGER,Dallas Mavericks,JUGGERNAUT,Denver Nuggets (DAGGER),Dallas Mavericks (JUGGERNAUT),,,,13/08/2026 00:31:00,97,moneyline_1x2,,Dallas Mavericks (JUGGERNAUT),2.3,False
2026-08-13T00:21:11.771740+00:00,13673664429,GG League - 4x5 Min de juego,True,New York Knicks,PATIENCE,Oklahoma City Thunder,AZURE,New York Knicks (PATIENCE),Oklahoma City Thunder (AZURE),1º cuarto,6,9,13/08/2026 00:07:00,97,moneyline_1x2,,New York Knicks (PATIENCE),1.62,False
2026-08-13T00:21:11.771740+00:00,13673664429,GG League - 4x5 Min de juego,True,New York Knicks,PATIENCE,Oklahoma City Thunder,AZURE,New York Knicks (PATIENCE),Oklahoma City Thunder (AZURE),1º cuarto,6,9,13/08/2026 00:07:00,97,moneyline_1x2,,Oklahoma City Thunder (AZURE),2.05,False
2026-08-13T00:22:50.903873+00:00,13673664610,GG League - 4x5 Min de juego,False,Denver Nuggets,ADMIRAL,Charlotte Hornets,STING,Denver Nuggets (ADMIRAL),Charlotte Hornets (STING),,,,13/08/2026 00:35:00,97,moneyline_1x2,,Denver Nuggets (ADMIRAL),2.35,False
2026-08-13T00:22:50.903873+00:00,13673664610,GG League - 4x5 Min de juego,False,Denver Nuggets,ADMIRAL,Charlotte Hornets,STING,Denver Nuggets (ADMIRAL),Charlotte Hornets (STING),,,,13/08/2026 00:35:00,97,moneyline_1x2,,Charlotte Hornets (STING),1.5,False
2026-08-13T00:22:50.903873+00:00,13673664495,GG League - 4x5 Min de juego,False,Dallas Mavericks,JACKAL,Denver Nuggets,CURSE,Dallas Mavericks (JACKAL),Denver Nuggets (CURSE),,,,13/08/2026 00:19:00,97,moneyline_1x2,,Dallas Mavericks (JACKAL),1.62,False
2026-08-13T00:22:50.903873+00:00,13673664495,GG League - 4x5 Min de juego,False,Dallas Mavericks,JACKAL,Denver Nuggets,CURSE,Dallas Mavericks (JACKAL),Denver Nuggets (CURSE),,,,13/08/2026 00:19:00,97,moneyline_1x2,,Denver Nuggets (CURSE),2.05,False
2026-08-13T00:22:50.903873+00:00,13673664611,GG League - 4x5 Min de juego,False,Phoenix Suns,SIGNAL,Memphis Grizzlies,PHARAOH,Phoenix Suns (SIGNAL),Memphis Grizzlies (PHARAOH),,,,13/08/2026 00:39:00,97,moneyline_1x2,,Phoenix Suns (SIGNAL),1.91,False
2026-08-13T00:22:50.903873+00:00,13673664611,GG League - 4x5 Min de juego,False,Phoenix Suns,SIGNAL,Memphis Grizzlies,PHARAOH,Phoenix Suns (SIGNAL),Memphis Grizzlies (PHARAOH),,,,13/08/2026 00:39:00,97,moneyline_1x2,,Memphis Grizzlies (PHARAOH),1.72,False
2026-08-13T00:22:50.903873+00:00,13673667032,GG League - 4x5 Min de juego,False,Denver Nuggets,DAGGER,Dallas Mavericks,JUGGERNAUT,Denver Nuggets (DAGGER),Dallas Mavericks (JUGGERNAUT),,,,13/08/2026 00:31:00,97,moneyline_1x2,,Denver Nuggets (DAGGER),1.5,False
2026-08-13T00:22:50.903873+00:00,13673667032,GG League - 4x5 Min de juego,False,Denver Nuggets,DAGGER,Dallas Mavericks,JUGGERNAUT,Denver Nuggets (DAGGER),Dallas Mavericks (JUGGERNAUT),,,,13/08/2026 00:31:00,97,moneyline_1x2,,Dallas Mavericks (JUGGERNAUT),2.3,False
2026-08-13T00:22:50.903873+00:00,13673664429,GG League - 4x5 Min de juego,True,New York Knicks,PATIENCE,Oklahoma City Thunder,AZURE,New York Knicks (PATIENCE),Oklahoma City Thunder (AZURE),2º cuarto,8,11,13/08/2026 00:07:00,97,moneyline_1x2,,New York Knicks (PATIENCE),1.67,False
2026-08-13T00:22:50.903873+00:00,13673664429,GG League - 4x5 Min de juego,True,New York Knicks,PATIENCE,Oklahoma City Thunder,AZURE,New York Knicks (PATIENCE),Oklahoma City Thunder (AZURE),2º cuarto,8,11,13/08/2026 00:07:00,97,moneyline_1x2,,Oklahoma City Thunder (AZURE),2.0,False
2026-08-13T00:24:52.101279+00:00,13673664610,GG League - 4x5 Min de juego,False,Denver Nuggets,ADMIRAL,Charlotte Hornets,STING,Denver Nuggets (ADMIRAL),Charlotte Hornets (STING),,,,13/08/2026 00:35:00,97,moneyline_1x2,,Denver Nuggets (ADMIRAL),2.35,False
2026-08-13T00:24:52.101279+00:00,13673664610,GG League - 4x5 Min de juego,False,Denver Nuggets,ADMIRAL,Charlotte Hornets,STING,Denver Nuggets (ADMIRAL),Charlotte Hornets (STING),,,,13/08/2026 00:35:00,97,moneyline_1x2,,Charlotte Hornets (STING),1.5,False
2026-08-13T00:24:52.101279+00:00,13673664611,GG League - 4x5 Min de juego,False,Phoenix Suns,SIGNAL,Memphis Grizzlies,PHARAOH,Phoenix Suns (SIGNAL),Memphis Grizzlies (PHARAOH),,,,13/08/2026 00:39:00,97,moneyline_1x2,,Phoenix Suns (SIGNAL),1.91,False
2026-08-13T00:24:52.101279+00:00,13673664611,GG League - 4x5 Min de juego,False,Phoenix Suns,SIGNAL,Memphis Grizzlies,PHARAOH,Phoenix Suns (SIGNAL),Memphis Grizzlies (PHARAOH),,,,13/08/2026 00:39:00,97,moneyline_1x2,,Memphis Grizzlies (PHARAOH),1.72,False
2026-08-13T00:24:52.101279+00:00,13673667032,GG League - 4x5 Min de juego,False,Denver Nuggets,DAGGER,Dallas Mavericks,JUGGERNAUT,Denver Nuggets (DAGGER),Dallas Mavericks (JUGGERNAUT),,,,13/08/2026 00:31:00,97,moneyline_1x2,,Denver Nuggets (DAGGER),1.5,False
2026-08-13T00:24:52.101279+00:00,13673667032,GG League - 4x5 Min de juego,False,Denver Nuggets,DAGGER,Dallas Mavericks,JUGGERNAUT,Denver Nuggets (DAGGER),Dallas Mavericks (JUGGERNAUT),,,,13/08/2026 00:31:00,97,moneyline_1x2,,Dallas Mavericks (JUGGERNAUT),2.3,False
2026-08-13T00:26:50.287229+00:00,13673664610,GG League - 4x5 Min de juego,False,Denver Nuggets,ADMIRAL,Charlotte Hornets,STING,Denver Nuggets (ADMIRAL),Charlotte Hornets (STING),,,,13/08/2026 00:35:00,97,moneyline_1x2,,Denver Nuggets (ADMIRAL),2.35,False
2026-08-13T00:26:50.287229+00:00,13673664610,GG League - 4x5 Min de juego,False,Denver Nuggets,ADMIRAL,Charlotte Hornets,STING,Denver Nuggets (ADMIRAL),Charlotte Hornets (STING),,,,13/08/2026 00:35:00,97,moneyline_1x2,,Charlotte Hornets (STING),1.5,False
2026-08-13T00:26:50.287229+00:00,13673664438,GG League - 4x5 Min de juego,False,Charlotte Hornets,CALAMITY,Orlando Magic,HUNCHO,Charlotte Hornets (CALAMITY),Orlando Magic (HUNCHO),,,,13/08/2026 00:51:00,97,moneyline_1x2,,Charlotte Hornets (CALAMITY),2.2,False
2026-08-13T00:26:50.287229+00:00,13673664438,GG League - 4x5 Min de juego,False,Charlotte Hornets,CALAMITY,Orlando Magic,HUNCHO,Charlotte Hornets (CALAMITY),Orlando Magic (HUNCHO),,,,13/08/2026 00:51:00,97,moneyline_1x2,,Orlando Magic (HUNCHO),1.55,False
2026-08-13T00:26:50.287229+00:00,13673664611,GG League - 4x5 Min de juego,False,Phoenix Suns,SIGNAL,Memphis Grizzlies,PHARAOH,Phoenix Suns (SIGNAL),Memphis Grizzlies (PHARAOH),,,,13/08/2026 00:39:00,97,moneyline_1x2,,Phoenix Suns (SIGNAL),1.91,False
2026-08-13T00:26:50.287229+00:00,13673664611,GG League - 4x5 Min de juego,False,Phoenix Suns,SIGNAL,Memphis Grizzlies,PHARAOH,Phoenix Suns (SIGNAL),Memphis Grizzlies (PHARAOH),,,,13/08/2026 00:39:00,97,moneyline_1x2,,Memphis Grizzlies (PHARAOH),1.72,False
2026-08-13T00:26:50.287229+00:00,13673667032,GG League - 4x5 Min de juego,False,Denver Nuggets,DAGGER,Dallas Mavericks,JUGGERNAUT,Denver Nuggets (DAGGER),Dallas Mavericks (JUGGERNAUT),,,,13/08/2026 00:31:00,97,moneyline_1x2,,Denver Nuggets (DAGGER),1.5,False
2026-08-13T00:26:50.287229+00:00,13673667032,GG League - 4x5 Min de juego,False,Denver Nuggets,DAGGER,Dallas Mavericks,JUGGERNAUT,Denver Nuggets (DAGGER),Dallas Mavericks (JUGGERNAUT),,,,13/08/2026 00:31:00,97,moneyline_1x2,,Dallas Mavericks (JUGGERNAUT),2.3,False
2026-08-13T00:28:50.929961+00:00,13673664610,GG League - 4x5 Min de juego,False,Denver Nuggets,ADMIRAL,Charlotte Hornets,STING,Denver Nuggets (ADMIRAL),Charlotte Hornets (STING),,,,13/08/2026 00:35:00,97,moneyline_1x2,,Denver Nuggets (ADMIRAL),2.35,False
2026-08-13T00:28:50.929961+00:00,13673664610,GG League - 4x5 Min de juego,False,Denver Nuggets,ADMIRAL,Charlotte Hornets,STING,Denver Nuggets (ADMIRAL),Charlotte Hornets (STING),,,,13/08/2026 00:35:00,97,moneyline_1x2,,Charlotte Hornets (STING),1.5,False
2026-08-13T00:28:50.929961+00:00,13673664438,GG League - 4x5 Min de juego,False,Charlotte Hornets,CALAMITY,Orlando Magic,HUNCHO,Charlotte Hornets (CALAMITY),Orlando Magic (HUNCHO),,,,13/08/2026 00:51:00,97,moneyline_1x2,,Charlotte Hornets (CALAMITY),2.2,False
2026-08-13T00:28:50.929961+00:00,13673664438,GG League - 4x5 Min de juego,False,Charlotte Hornets,CALAMITY,Orlando Magic,HUNCHO,Charlotte Hornets (CALAMITY),Orlando Magic (HUNCHO),,,,13/08/2026 00:51:00,97,moneyline_1x2,,Orlando Magic (HUNCHO),1.55,False
2026-08-13T00:28:50.929961+00:00,13673664495,GG League - 4x5 Min de juego,True,Dallas Mavericks,JACKAL,Denver Nuggets,CURSE,Dallas Mavericks (JACKAL),Denver Nuggets (CURSE),1º cuarto,6,0,13/08/2026 00:19:00,97,moneyline_1x2,,Dallas Mavericks (JACKAL),1.22,False
2026-08-13T00:28:50.929961+00:00,13673664495,GG League - 4x5 Min de juego,True,Dallas Mavericks,JACKAL,Denver Nuggets,CURSE,Dallas Mavericks (JACKAL),Denver Nuggets (CURSE),1º cuarto,6,0,13/08/2026 00:19:00,97,moneyline_1x2,,Denver Nuggets (CURSE),3.45,False
2026-08-13T00:28:50.929961+00:00,13673664611,GG League - 4x5 Min de juego,False,Phoenix Suns,SIGNAL,Memphis Grizzlies,PHARAOH,Phoenix Suns (SIGNAL),Memphis Grizzlies (PHARAOH),,,,13/08/2026 00:39:00,97,moneyline_1x2,,Phoenix Suns (SIGNAL),1.91,False
2026-08-13T00:28:50.929961+00:00,13673664611,GG League - 4x5 Min de juego,False,Phoenix Suns,SIGNAL,Memphis Grizzlies,PHARAOH,Phoenix Suns (SIGNAL),Memphis Grizzlies (PHARAOH),,,,13/08/2026 00:39:00,97,moneyline_1x2,,Memphis Grizzlies (PHARAOH),1.72,False
2026-08-13T00:28:50.929961+00:00,13673664439,GG League - 4x5 Min de juego,False,Orlando Magic,UNDERRATED,Dallas Mavericks,SPARKZ,Orlando Magic (UNDERRATED),Dallas Mavericks (SPARKZ),,,,13/08/2026 00:55:00,97,moneyline_1x2,,Orlando Magic (UNDERRATED),2.5,False
2026-08-13T00:28:50.929961+00:00,13673664439,GG League - 4x5 Min de juego,False,Orlando Magic,UNDERRATED,Dallas Mavericks,SPARKZ,Orlando Magic (UNDERRATED),Dallas Mavericks (SPARKZ),,,,13/08/2026 00:55:00,97,moneyline_1x2,,Dallas Mavericks (SPARKZ),1.43,False
2026-08-13T00:28:50.929961+00:00,13673667032,GG League - 4x5 Min de juego,False,Denver Nuggets,DAGGER,Dallas Mavericks,JUGGERNAUT,Denver Nuggets (DAGGER),Dallas Mavericks (JUGGERNAUT),,,,13/08/2026 00:31:00,97,moneyline_1x2,,Denver Nuggets (DAGGER),1.5,False
2026-08-13T00:28:50.929961+00:00,13673667032,GG League - 4x5 Min de juego,False,Denver Nuggets,DAGGER,Dallas Mavericks,JUGGERNAUT,Denver Nuggets (DAGGER),Dallas Mavericks (JUGGERNAUT),,,,13/08/2026 00:31:00,97,moneyline_1x2,,Dallas Mavericks (JUGGERNAUT),2.3,False
2026-08-13T00:31:22.116883+00:00,13673664610,GG League - 4x5 Min de juego,False,Denver Nuggets,ADMIRAL,Charlotte Hornets,STING,Denver Nuggets (ADMIRAL),Charlotte Hornets (STING),,,,13/08/2026 00:35:00,97,moneyline_1x2,,Denver Nuggets (ADMIRAL),2.35,False
2026-08-13T00:31:22.116883+00:00,13673664610,GG League - 4x5 Min de juego,False,Denver Nuggets,ADMIRAL,Charlotte Hornets,STING,Denver Nuggets (ADMIRAL),Charlotte Hornets (STING),,,,13/08/2026 00:35:00,97,moneyline_1x2,,Charlotte Hornets (STING),1.5,False
2026-08-13T00:31:22.116883+00:00,13673664438,GG League - 4x5 Min de juego,False,Charlotte Hornets,CALAMITY,Orlando Magic,HUNCHO,Charlotte Hornets (CALAMITY),Orlando Magic (HUNCHO),,,,13/08/2026 00:51:00,97,moneyline_1x2,,Charlotte Hornets (CALAMITY),2.2,False
2026-08-13T00:31:22.116883+00:00,13673664438,GG League - 4x5 Min de juego,False,Charlotte Hornets,CALAMITY,Orlando Magic,HUNCHO,Charlotte Hornets (CALAMITY),Orlando Magic (HUNCHO),,,,13/08/2026 00:51:00,97,moneyline_1x2,,Orlando Magic (HUNCHO),1.55,False
2026-08-13T00:31:22.116883+00:00,13673664611,GG League - 4x5 Min de juego,False,Phoenix Suns,SIGNAL,Memphis Grizzlies,PHARAOH,Phoenix Suns (SIGNAL),Memphis Grizzlies (PHARAOH),,,,13/08/2026 00:39:00,97,moneyline_1x2,,Phoenix Suns (SIGNAL),1.91,False
2026-08-13T00:31:22.116883+00:00,13673664611,GG League - 4x5 Min de juego,False,Phoenix Suns,SIGNAL,Memphis Grizzlies,PHARAOH,Phoenix Suns (SIGNAL),Memphis Grizzlies (PHARAOH),,,,13/08/2026 00:39:00,97,moneyline_1x2,,Memphis Grizzlies (PHARAOH),1.72,False
2026-08-13T00:31:22.116883+00:00,13673664439,GG League - 4x5 Min de juego,False,Orlando Magic,UNDERRATED,Dallas Mavericks,SPARKZ,Orlando Magic (UNDERRATED),Dallas Mavericks (SPARKZ),,,,13/08/2026 00:55:00,97,moneyline_1x2,,Orlando Magic (UNDERRATED),2.5,False
2026-08-13T00:31:22.116883+00:00,13673664439,GG League - 4x5 Min de juego,False,Orlando Magic,UNDERRATED,Dallas Mavericks,SPARKZ,Orlando Magic (UNDERRATED),Dallas Mavericks (SPARKZ),,,,13/08/2026 00:55:00,97,moneyline_1x2,,Dallas Mavericks (SPARKZ),1.43,False
2026-08-13T00:32:50.361172+00:00,13673664610,GG League - 4x5 Min de juego,False,Denver Nuggets,ADMIRAL,Charlotte Hornets,STING,Denver Nuggets (ADMIRAL),Charlotte Hornets (STING),,,,13/08/2026 00:35:00,97,moneyline_1x2,,Denver Nuggets (ADMIRAL),2.35,False
2026-08-13T00:32:50.361172+00:00,13673664610,GG League - 4x5 Min de juego,False,Denver Nuggets,ADMIRAL,Charlotte Hornets,STING,Denver Nuggets (ADMIRAL),Charlotte Hornets (STING),,,,13/08/2026 00:35:00,97,moneyline_1x2,,Charlotte Hornets (STING),1.5,False
2026-08-13T00:32:50.361172+00:00,13673664438,GG League - 4x5 Min de juego,False,Charlotte Hornets,CALAMITY,Orlando Magic,HUNCHO,Charlotte Hornets (CALAMITY),Orlando Magic (HUNCHO),,,,13/08/2026 00:51:00,97,moneyline_1x2,,Charlotte Hornets (CALAMITY),2.2,False
2026-08-13T00:32:50.361172+00:00,13673664438,GG League - 4x5 Min de juego,False,Charlotte Hornets,CALAMITY,Orlando Magic,HUNCHO,Charlotte Hornets (CALAMITY),Orlando Magic (HUNCHO),,,,13/08/2026 00:51:00,97,moneyline_1x2,,Orlando Magic (HUNCHO),1.55,False
2026-08-13T00:32:50.361172+00:00,13673664611,GG League - 4x5 Min de juego,False,Phoenix Suns,SIGNAL,Memphis Grizzlies,PHARAOH,Phoenix Suns (SIGNAL),Memphis Grizzlies (PHARAOH),,,,13/08/2026 00:39:00,97,moneyline_1x2,,Phoenix Suns (SIGNAL),1.91,False
2026-08-13T00:32:50.361172+00:00,13673664611,GG League - 4x5 Min de juego,False,Phoenix Suns,SIGNAL,Memphis Grizzlies,PHARAOH,Phoenix Suns (SIGNAL),Memphis Grizzlies (PHARAOH),,,,13/08/2026 00:39:00,97,moneyline_1x2,,Memphis Grizzlies (PHARAOH),1.72,False
2026-08-13T00:32:50.361172+00:00,13673664439,GG League - 4x5 Min de juego,False,Orlando Magic,UNDERRATED,Dallas Mavericks,SPARKZ,Orlando Magic (UNDERRATED),Dallas Mavericks (SPARKZ),,,,13/08/2026 00:55:00,97,moneyline_1x2,,Orlando Magic (UNDERRATED),2.5,False
2026-08-13T00:32:50.361172+00:00,13673664439,GG League - 4x5 Min de juego,False,Orlando Magic,UNDERRATED,Dallas Mavericks,SPARKZ,Orlando Magic (UNDERRATED),Dallas Mavericks (SPARKZ),,,,13/08/2026 00:55:00,97,moneyline_1x2,,Dallas Mavericks (SPARKZ),1.43,False
2026-08-13T00:32:50.361172+00:00,13673667032,GG League - 4x5 Min de juego,False,Denver Nuggets,DAGGER,Dallas Mavericks,JUGGERNAUT,Denver Nuggets (DAGGER),Dallas Mavericks (JUGGERNAUT),,,,13/08/2026 00:31:00,97,moneyline_1x2,,Denver Nuggets (DAGGER),1.5,False
2026-08-13T00:32:50.361172+00:00,13673667032,GG League - 4x5 Min de juego,False,Denver Nuggets,DAGGER,Dallas Mavericks,JUGGERNAUT,Denver Nuggets (DAGGER),Dallas Mavericks (JUGGERNAUT),,,,13/08/2026 00:31:00,97,moneyline_1x2,,Dallas Mavericks (JUGGERNAUT),2.3,False
2026-08-13T00:34:52.979851+00:00,13673664610,GG League - 4x5 Min de juego,False,Denver Nuggets,ADMIRAL,Charlotte Hornets,STING,Denver Nuggets (ADMIRAL),Charlotte Hornets (STING),,,,13/08/2026 00:35:00,97,moneyline_1x2,,Denver Nuggets (ADMIRAL),2.35,False
2026-08-13T00:34:52.979851+00:00,13673664610,GG League - 4x5 Min de juego,False,Denver Nuggets,ADMIRAL,Charlotte Hornets,STING,Denver Nuggets (ADMIRAL),Charlotte Hornets (STING),,,,13/08/2026 00:35:00,97,moneyline_1x2,,Charlotte Hornets (STING),1.5,False
2026-08-13T00:34:52.979851+00:00,13673664438,GG League - 4x5 Min de juego,False,Charlotte Hornets,CALAMITY,Orlando Magic,HUNCHO,Charlotte Hornets (CALAMITY),Orlando Magic (HUNCHO),,,,13/08/2026 00:51:00,97,moneyline_1x2,,Charlotte Hornets (CALAMITY),2.2,False
2026-08-13T00:34:52.979851+00:00,13673664438,GG League - 4x5 Min de juego,False,Charlotte Hornets,CALAMITY,Orlando Magic,HUNCHO,Charlotte Hornets (CALAMITY),Orlando Magic (HUNCHO),,,,13/08/2026 00:51:00,97,moneyline_1x2,,Orlando Magic (HUNCHO),1.55,False
2026-08-13T00:34:52.979851+00:00,13673664611,GG League - 4x5 Min de juego,False,Phoenix Suns,SIGNAL,Memphis Grizzlies,PHARAOH,Phoenix Suns (SIGNAL),Memphis Grizzlies (PHARAOH),,,,13/08/2026 00:39:00,97,moneyline_1x2,,Phoenix Suns (SIGNAL),1.91,False
2026-08-13T00:34:52.979851+00:00,13673664611,GG League - 4x5 Min de juego,False,Phoenix Suns,SIGNAL,Memphis Grizzlies,PHARAOH,Phoenix Suns (SIGNAL),Memphis Grizzlies (PHARAOH),,,,13/08/2026 00:39:00,97,moneyline_1x2,,Memphis Grizzlies (PHARAOH),1.72,False
2026-08-13T00:34:52.979851+00:00,13673664439,GG League - 4x5 Min de juego,False,Orlando Magic,UNDERRATED,Dallas Mavericks,SPARKZ,Orlando Magic (UNDERRATED),Dallas Mavericks (SPARKZ),,,,13/08/2026 00:55:00,97,moneyline_1x2,,Orlando Magic (UNDERRATED),2.5,False
2026-08-13T00:34:52.979851+00:00,13673664439,GG League - 4x5 Min de juego,False,Orlando Magic,UNDERRATED,Dallas Mavericks,SPARKZ,Orlando Magic (UNDERRATED),Dallas Mavericks (SPARKZ),,,,13/08/2026 00:55:00,97,moneyline_1x2,,Dallas Mavericks (SPARKZ),1.43,False
2026-08-13T00:34:52.979851+00:00,13673664691,GG League - 4x5 Min de juego,False,Toronto Raptors,CYPHER,Brooklyn Nets,KARMA,Toronto Raptors (CYPHER),Brooklyn Nets (KARMA),,,,13/08/2026 00:59:00,97,moneyline_1x2,,Toronto Raptors (CYPHER),2.5,False
2026-08-13T00:34:52.979851+00:00,13673664691,GG League - 4x5 Min de juego,False,Toronto Raptors,CYPHER,Brooklyn Nets,KARMA,Toronto Raptors (CYPHER),Brooklyn Nets (KARMA),,,,13/08/2026 00:59:00,97,moneyline_1x2,,Brooklyn Nets (KARMA),1.43,False
2026-08-13T00:36:49.741981+00:00,13673664610,GG League - 4x5 Min de juego,False,Denver Nuggets,ADMIRAL,Charlotte Hornets,STING,Denver Nuggets (ADMIRAL),Charlotte Hornets (STING),,,,13/08/2026 00:35:00,97,moneyline_1x2,,Denver Nuggets (ADMIRAL),2.35,False
2026-08-13T00:36:49.741981+00:00,13673664610,GG League - 4x5 Min de juego,False,Denver Nuggets,ADMIRAL,Charlotte Hornets,STING,Denver Nuggets (ADMIRAL),Charlotte Hornets (STING),,,,13/08/2026 00:35:00,97,moneyline_1x2,,Charlotte Hornets (STING),1.5,False
2026-08-13T00:36:49.741981+00:00,13673664438,GG League - 4x5 Min de juego,False,Charlotte Hornets,CALAMITY,Orlando Magic,HUNCHO,Charlotte Hornets (CALAMITY),Orlando Magic (HUNCHO),,,,13/08/2026 00:51:00,97,moneyline_1x2,,Charlotte Hornets (CALAMITY),2.2,False
2026-08-13T00:36:49.741981+00:00,13673664438,GG League - 4x5 Min de juego,False,Charlotte Hornets,CALAMITY,Orlando Magic,HUNCHO,Charlotte Hornets (CALAMITY),Orlando Magic (HUNCHO),,,,13/08/2026 00:51:00,97,moneyline_1x2,,Orlando Magic (HUNCHO),1.55,False
2026-08-13T00:36:49.741981+00:00,13673664611,GG League - 4x5 Min de juego,False,Phoenix Suns,SIGNAL,Memphis Grizzlies,PHARAOH,Phoenix Suns (SIGNAL),Memphis Grizzlies (PHARAOH),,,,13/08/2026 00:39:00,97,moneyline_1x2,,Phoenix Suns (SIGNAL),1.91,False
2026-08-13T00:36:49.741981+00:00,13673664611,GG League - 4x5 Min de juego,False,Phoenix Suns,SIGNAL,Memphis Grizzlies,PHARAOH,Phoenix Suns (SIGNAL),Memphis Grizzlies (PHARAOH),,,,13/08/2026 00:39:00,97,moneyline_1x2,,Memphis Grizzlies (PHARAOH),1.72,False
2026-08-13T00:36:49.741981+00:00,13673664439,GG League - 4x5 Min de juego,False,Orlando Magic,UNDERRATED,Dallas Mavericks,SPARKZ,Orlando Magic (UNDERRATED),Dallas Mavericks (SPARKZ),,,,13/08/2026 00:55:00,97,moneyline_1x2,,Orlando Magic (UNDERRATED),2.5,False
2026-08-13T00:36:49.741981+00:00,13673664439,GG League - 4x5 Min de juego,False,Orlando Magic,UNDERRATED,Dallas Mavericks,SPARKZ,Orlando Magic (UNDERRATED),Dallas Mavericks (SPARKZ),,,,13/08/2026 00:55:00,97,moneyline_1x2,,Dallas Mavericks (SPARKZ),1.43,False
2026-08-13T00:36:49.741981+00:00,13673664496,GG League - 4x5 Min de juego,False,Milwaukee Bucks,GENERAL,Phoenix Suns,NIGHTHAWK,Milwaukee Bucks (GENERAL),Phoenix Suns (NIGHTHAWK),,,,13/08/2026 01:03:00,97,moneyline_1x2,,Milwaukee Bucks (GENERAL),3.2,False
2026-08-13T00:36:49.741981+00:00,13673664496,GG League - 4x5 Min de juego,False,Milwaukee Bucks,GENERAL,Phoenix Suns,NIGHTHAWK,Milwaukee Bucks (GENERAL),Phoenix Suns (NIGHTHAWK),,,,13/08/2026 01:03:00,97,moneyline_1x2,,Phoenix Suns (NIGHTHAWK),1.28,False
2026-08-13T00:36:49.741981+00:00,13673664691,GG League - 4x5 Min de juego,False,Toronto Raptors,CYPHER,Brooklyn Nets,KARMA,Toronto Raptors (CYPHER),Brooklyn Nets (KARMA),,,,13/08/2026 00:59:00,97,moneyline_1x2,,Toronto Raptors (CYPHER),2.5,False
2026-08-13T00:36:49.741981+00:00,13673664691,GG League - 4x5 Min de juego,False,Toronto Raptors,CYPHER,Brooklyn Nets,KARMA,Toronto Raptors (CYPHER),Brooklyn Nets (KARMA),,,,13/08/2026 00:59:00,97,moneyline_1x2,,Brooklyn Nets (KARMA),1.43,False
2026-08-13T00:38:46.825452+00:00,13673664610,GG League - 4x5 Min de juego,False,Denver Nuggets,ADMIRAL,Charlotte Hornets,STING,Denver Nuggets (ADMIRAL),Charlotte Hornets (STING),,,,13/08/2026 00:35:00,97,moneyline_1x2,,Denver Nuggets (ADMIRAL),2.35,False
2026-08-13T00:38:46.825452+00:00,13673664610,GG League - 4x5 Min de juego,False,Denver Nuggets,ADMIRAL,Charlotte Hornets,STING,Denver Nuggets (ADMIRAL),Charlotte Hornets (STING),,,,13/08/2026 00:35:00,97,moneyline_1x2,,Charlotte Hornets (STING),1.5,False
2026-08-13T00:38:46.825452+00:00,13673664438,GG League - 4x5 Min de juego,False,Charlotte Hornets,CALAMITY,Orlando Magic,HUNCHO,Charlotte Hornets (CALAMITY),Orlando Magic (HUNCHO),,,,13/08/2026 00:51:00,97,moneyline_1x2,,Charlotte Hornets (CALAMITY),2.2,False
2026-08-13T00:38:46.825452+00:00,13673664438,GG League - 4x5 Min de juego,False,Charlotte Hornets,CALAMITY,Orlando Magic,HUNCHO,Charlotte Hornets (CALAMITY),Orlando Magic (HUNCHO),,,,13/08/2026 00:51:00,97,moneyline_1x2,,Orlando Magic (HUNCHO),1.55,False
2026-08-13T00:38:46.825452+00:00,13673664611,GG League - 4x5 Min de juego,False,Phoenix Suns,SIGNAL,Memphis Grizzlies,PHARAOH,Phoenix Suns (SIGNAL),Memphis Grizzlies (PHARAOH),,,,13/08/2026 00:39:00,97,moneyline_1x2,,Phoenix Suns (SIGNAL),1.91,False
2026-08-13T00:38:46.825452+00:00,13673664611,GG League - 4x5 Min de juego,False,Phoenix Suns,SIGNAL,Memphis Grizzlies,PHARAOH,Phoenix Suns (SIGNAL),Memphis Grizzlies (PHARAOH),,,,13/08/2026 00:39:00,97,moneyline_1x2,,Memphis Grizzlies (PHARAOH),1.72,False
2026-08-13T00:38:46.825452+00:00,13673664439,GG League - 4x5 Min de juego,False,Orlando Magic,UNDERRATED,Dallas Mavericks,SPARKZ,Orlando Magic (UNDERRATED),Dallas Mavericks (SPARKZ),,,,13/08/2026 00:55:00,97,moneyline_1x2,,Orlando Magic (UNDERRATED),2.5,False
2026-08-13T00:38:46.825452+00:00,13673664439,GG League - 4x5 Min de juego,False,Orlando Magic,UNDERRATED,Dallas Mavericks,SPARKZ,Orlando Magic (UNDERRATED),Dallas Mavericks (SPARKZ),,,,13/08/2026 00:55:00,97,moneyline_1x2,,Dallas Mavericks (SPARKZ),1.43,False
2026-08-13T00:38:46.825452+00:00,13673664496,GG League - 4x5 Min de juego,False,Milwaukee Bucks,GENERAL,Phoenix Suns,NIGHTHAWK,Milwaukee Bucks (GENERAL),Phoenix Suns (NIGHTHAWK),,,,13/08/2026 01:03:00,97,moneyline_1x2,,Milwaukee Bucks (GENERAL),3.2,False
2026-08-13T00:38:46.825452+00:00,13673664496,GG League - 4x5 Min de juego,False,Milwaukee Bucks,GENERAL,Phoenix Suns,NIGHTHAWK,Milwaukee Bucks (GENERAL),Phoenix Suns (NIGHTHAWK),,,,13/08/2026 01:03:00,97,moneyline_1x2,,Phoenix Suns (NIGHTHAWK),1.28,False
2026-08-13T00:38:46.825452+00:00,13673664691,GG League - 4x5 Min de juego,False,Toronto Raptors,CYPHER,Brooklyn Nets,KARMA,Toronto Raptors (CYPHER),Brooklyn Nets (KARMA),,,,13/08/2026 00:59:00,97,moneyline_1x2,,Toronto Raptors (CYPHER),2.5,False
2026-08-13T00:38:46.825452+00:00,13673664691,GG League - 4x5 Min de juego,False,Toronto Raptors,CYPHER,Brooklyn Nets,KARMA,Toronto Raptors (CYPHER),Brooklyn Nets (KARMA),,,,13/08/2026 00:59:00,97,moneyline_1x2,,Brooklyn Nets (KARMA),1.43,False
2026-08-13T00:41:05.491471+00:00,13673664438,GG League - 4x5 Min de juego,False,Charlotte Hornets,CALAMITY,Orlando Magic,HUNCHO,Charlotte Hornets (CALAMITY),Orlando Magic (HUNCHO),,,,13/08/2026 00:51:00,97,moneyline_1x2,,Charlotte Hornets (CALAMITY),2.2,False
2026-08-13T00:41:05.491471+00:00,13673664438,GG League - 4x5 Min de juego,False,Charlotte Hornets,CALAMITY,Orlando Magic,HUNCHO,Charlotte Hornets (CALAMITY),Orlando Magic (HUNCHO),,,,13/08/2026 00:51:00,97,moneyline_1x2,,Orlando Magic (HUNCHO),1.55,False
2026-08-13T00:41:05.491471+00:00,13673664611,GG League - 4x5 Min de juego,False,Phoenix Suns,SIGNAL,Memphis Grizzlies,PHARAOH,Phoenix Suns (SIGNAL),Memphis Grizzlies (PHARAOH),,,,13/08/2026 00:39:00,97,moneyline_1x2,,Phoenix Suns (SIGNAL),1.91,False
2026-08-13T00:41:05.491471+00:00,13673664611,GG League - 4x5 Min de juego,False,Phoenix Suns,SIGNAL,Memphis Grizzlies,PHARAOH,Phoenix Suns (SIGNAL),Memphis Grizzlies (PHARAOH),,,,13/08/2026 00:39:00,97,moneyline_1x2,,Memphis Grizzlies (PHARAOH),1.72,False
2026-08-13T00:41:05.491471+00:00,13673664439,GG League - 4x5 Min de juego,False,Orlando Magic,UNDERRATED,Dallas Mavericks,SPARKZ,Orlando Magic (UNDERRATED),Dallas Mavericks (SPARKZ),,,,13/08/2026 00:55:00,97,moneyline_1x2,,Orlando Magic (UNDERRATED),2.5,False
2026-08-13T00:41:05.491471+00:00,13673664439,GG League - 4x5 Min de juego,False,Orlando Magic,UNDERRATED,Dallas Mavericks,SPARKZ,Orlando Magic (UNDERRATED),Dallas Mavericks (SPARKZ),,,,13/08/2026 00:55:00,97,moneyline_1x2,,Dallas Mavericks (SPARKZ),1.43,False
2026-08-13T00:41:05.491471+00:00,13673664440,GG League - 4x5 Min de juego,False,Los Angeles Lakers,ADMIRAL,New York Knicks,RADIANT,Los Angeles Lakers (ADMIRAL),New York Knicks (RADIANT),,,,13/08/2026 01:07:00,97,moneyline_1x2,,Los Angeles Lakers (ADMIRAL),1.5,False
2026-08-13T00:41:05.491471+00:00,13673664440,GG League - 4x5 Min de juego,False,Los Angeles Lakers,ADMIRAL,New York Knicks,RADIANT,Los Angeles Lakers (ADMIRAL),New York Knicks (RADIANT),,,,13/08/2026 01:07:00,97,moneyline_1x2,,New York Knicks (RADIANT),2.35,False
2026-08-13T00:41:05.491471+00:00,13673664496,GG League - 4x5 Min de juego,False,Milwaukee Bucks,GENERAL,Phoenix Suns,NIGHTHAWK,Milwaukee Bucks (GENERAL),Phoenix Suns (NIGHTHAWK),,,,13/08/2026 01:03:00,97,moneyline_1x2,,Milwaukee Bucks (GENERAL),3.2,False
2026-08-13T00:41:05.491471+00:00,13673664496,GG League - 4x5 Min de juego,False,Milwaukee Bucks,GENERAL,Phoenix Suns,NIGHTHAWK,Milwaukee Bucks (GENERAL),Phoenix Suns (NIGHTHAWK),,,,13/08/2026 01:03:00,97,moneyline_1x2,,Phoenix Suns (NIGHTHAWK),1.28,False
2026-08-13T00:41:05.491471+00:00,13673664691,GG League - 4x5 Min de juego,False,Toronto Raptors,CYPHER,Brooklyn Nets,KARMA,Toronto Raptors (CYPHER),Brooklyn Nets (KARMA),,,,13/08/2026 00:59:00,97,moneyline_1x2,,Toronto Raptors (CYPHER),2.5,False
2026-08-13T00:41:05.491471+00:00,13673664691,GG League - 4x5 Min de juego,False,Toronto Raptors,CYPHER,Brooklyn Nets,KARMA,Toronto Raptors (CYPHER),Brooklyn Nets (KARMA),,,,13/08/2026 00:59:00,97,moneyline_1x2,,Brooklyn Nets (KARMA),1.43,False
2026-08-13T00:42:53.149432+00:00,13673664438,GG League - 4x5 Min de juego,False,Charlotte Hornets,CALAMITY,Orlando Magic,HUNCHO,Charlotte Hornets (CALAMITY),Orlando Magic (HUNCHO),,,,13/08/2026 00:51:00,97,moneyline_1x2,,Charlotte Hornets (CALAMITY),2.2,False
2026-08-13T00:42:53.149432+00:00,13673664438,GG League - 4x5 Min de juego,False,Charlotte Hornets,CALAMITY,Orlando Magic,HUNCHO,Charlotte Hornets (CALAMITY),Orlando Magic (HUNCHO),,,,13/08/2026 00:51:00,97,moneyline_1x2,,Orlando Magic (HUNCHO),1.55,False
2026-08-13T00:42:53.149432+00:00,13673664611,GG League - 4x5 Min de juego,False,Phoenix Suns,SIGNAL,Memphis Grizzlies,PHARAOH,Phoenix Suns (SIGNAL),Memphis Grizzlies (PHARAOH),,,,13/08/2026 00:39:00,97,moneyline_1x2,,Phoenix Suns (SIGNAL),1.91,False
2026-08-13T00:42:53.149432+00:00,13673664611,GG League - 4x5 Min de juego,False,Phoenix Suns,SIGNAL,Memphis Grizzlies,PHARAOH,Phoenix Suns (SIGNAL),Memphis Grizzlies (PHARAOH),,,,13/08/2026 00:39:00,97,moneyline_1x2,,Memphis Grizzlies (PHARAOH),1.72,False
2026-08-13T00:42:53.149432+00:00,13673664439,GG League - 4x5 Min de juego,False,Orlando Magic,UNDERRATED,Dallas Mavericks,SPARKZ,Orlando Magic (UNDERRATED),Dallas Mavericks (SPARKZ),,,,13/08/2026 00:55:00,97,moneyline_1x2,,Orlando Magic (UNDERRATED),2.5,False
2026-08-13T00:42:53.149432+00:00,13673664439,GG League - 4x5 Min de juego,False,Orlando Magic,UNDERRATED,Dallas Mavericks,SPARKZ,Orlando Magic (UNDERRATED),Dallas Mavericks (SPARKZ),,,,13/08/2026 00:55:00,97,moneyline_1x2,,Dallas Mavericks (SPARKZ),1.43,False
2026-08-13T00:42:53.149432+00:00,13673664440,GG League - 4x5 Min de juego,False,Los Angeles Lakers,ADMIRAL,New York Knicks,RADIANT,Los Angeles Lakers (ADMIRAL),New York Knicks (RADIANT),,,,13/08/2026 01:07:00,97,moneyline_1x2,,Los Angeles Lakers (ADMIRAL),1.5,False
2026-08-13T00:42:53.149432+00:00,13673664440,GG League - 4x5 Min de juego,False,Los Angeles Lakers,ADMIRAL,New York Knicks,RADIANT,Los Angeles Lakers (ADMIRAL),New York Knicks (RADIANT),,,,13/08/2026 01:07:00,97,moneyline_1x2,,New York Knicks (RADIANT),2.35,False
2026-08-13T00:42:53.149432+00:00,13673664496,GG League - 4x5 Min de juego,False,Milwaukee Bucks,GENERAL,Phoenix Suns,NIGHTHAWK,Milwaukee Bucks (GENERAL),Phoenix Suns (NIGHTHAWK),,,,13/08/2026 01:03:00,97,moneyline_1x2,,Milwaukee Bucks (GENERAL),3.2,False
2026-08-13T00:42:53.149432+00:00,13673664496,GG League - 4x5 Min de juego,False,Milwaukee Bucks,GENERAL,Phoenix Suns,NIGHTHAWK,Milwaukee Bucks (GENERAL),Phoenix Suns (NIGHTHAWK),,,,13/08/2026 01:03:00,97,moneyline_1x2,,Phoenix Suns (NIGHTHAWK),1.28,False
2026-08-13T00:42:53.149432+00:00,13673664691,GG League - 4x5 Min de juego,False,Toronto Raptors,CYPHER,Brooklyn Nets,KARMA,Toronto Raptors (CYPHER),Brooklyn Nets (KARMA),,,,13/08/2026 00:59:00,97,moneyline_1x2,,Toronto Raptors (CYPHER),2.5,False
2026-08-13T00:42:53.149432+00:00,13673664691,GG League - 4x5 Min de juego,False,Toronto Raptors,CYPHER,Brooklyn Nets,KARMA,Toronto Raptors (CYPHER),Brooklyn Nets (KARMA),,,,13/08/2026 00:59:00,97,moneyline_1x2,,Brooklyn Nets (KARMA),1.43,False
2026-08-13T00:44:55.310460+00:00,13673664438,GG League - 4x5 Min de juego,False,Charlotte Hornets,CALAMITY,Orlando Magic,HUNCHO,Charlotte Hornets (CALAMITY),Orlando Magic (HUNCHO),,,,13/08/2026 00:51:00,97,moneyline_1x2,,Charlotte Hornets (CALAMITY),2.05,False
2026-08-13T00:44:55.310460+00:00,13673664438,GG League - 4x5 Min de juego,False,Charlotte Hornets,CALAMITY,Orlando Magic,HUNCHO,Charlotte Hornets (CALAMITY),Orlando Magic (HUNCHO),,,,13/08/2026 00:51:00,97,moneyline_1x2,,Orlando Magic (HUNCHO),1.62,False
2026-08-13T00:44:55.310460+00:00,13673664439,GG League - 4x5 Min de juego,False,Orlando Magic,UNDERRATED,Dallas Mavericks,SPARKZ,Orlando Magic (UNDERRATED),Dallas Mavericks (SPARKZ),,,,13/08/2026 00:55:00,97,moneyline_1x2,,Orlando Magic (UNDERRATED),2.3,False
2026-08-13T00:44:55.310460+00:00,13673664439,GG League - 4x5 Min de juego,False,Orlando Magic,UNDERRATED,Dallas Mavericks,SPARKZ,Orlando Magic (UNDERRATED),Dallas Mavericks (SPARKZ),,,,13/08/2026 00:55:00,97,moneyline_1x2,,Dallas Mavericks (SPARKZ),1.5,False
2026-08-13T00:44:55.310460+00:00,13673664440,GG League - 4x5 Min de juego,False,Los Angeles Lakers,ADMIRAL,New York Knicks,RADIANT,Los Angeles Lakers (ADMIRAL),New York Knicks (RADIANT),,,,13/08/2026 01:07:00,97,moneyline_1x2,,Los Angeles Lakers (ADMIRAL),1.5,False
2026-08-13T00:44:55.310460+00:00,13673664440,GG League - 4x5 Min de juego,False,Los Angeles Lakers,ADMIRAL,New York Knicks,RADIANT,Los Angeles Lakers (ADMIRAL),New York Knicks (RADIANT),,,,13/08/2026 01:07:00,97,moneyline_1x2,,New York Knicks (RADIANT),2.35,False
2026-08-13T00:44:55.310460+00:00,13673667031,GG League - 4x5 Min de juego,False,Oklahoma City Thunder,AZURE,New York Knicks,PATIENCE,Oklahoma City Thunder (AZURE),New York Knicks (PATIENCE),,,,13/08/2026 01:11:00,97,moneyline_1x2,,Oklahoma City Thunder (AZURE),1.5,False
2026-08-13T00:44:55.310460+00:00,13673667031,GG League - 4x5 Min de juego,False,Oklahoma City Thunder,AZURE,New York Knicks,PATIENCE,Oklahoma City Thunder (AZURE),New York Knicks (PATIENCE),,,,13/08/2026 01:11:00,97,moneyline_1x2,,New York Knicks (PATIENCE),2.35,False
2026-08-13T00:44:55.310460+00:00,13673664496,GG League - 4x5 Min de juego,False,Milwaukee Bucks,GENERAL,Phoenix Suns,NIGHTHAWK,Milwaukee Bucks (GENERAL),Phoenix Suns (NIGHTHAWK),,,,13/08/2026 01:03:00,97,moneyline_1x2,,Milwaukee Bucks (GENERAL),3.2,False
2026-08-13T00:44:55.310460+00:00,13673664496,GG League - 4x5 Min de juego,False,Milwaukee Bucks,GENERAL,Phoenix Suns,NIGHTHAWK,Milwaukee Bucks (GENERAL),Phoenix Suns (NIGHTHAWK),,,,13/08/2026 01:03:00,97,moneyline_1x2,,Phoenix Suns (NIGHTHAWK),1.28,False
2026-08-13T00:44:55.310460+00:00,13673664691,GG League - 4x5 Min de juego,False,Toronto Raptors,CYPHER,Brooklyn Nets,KARMA,Toronto Raptors (CYPHER),Brooklyn Nets (KARMA),,,,13/08/2026 00:59:00,97,moneyline_1x2,,Toronto Raptors (CYPHER),2.5,False
2026-08-13T00:44:55.310460+00:00,13673664691,GG League - 4x5 Min de juego,False,Toronto Raptors,CYPHER,Brooklyn Nets,KARMA,Toronto Raptors (CYPHER),Brooklyn Nets (KARMA),,,,13/08/2026 00:59:00,97,moneyline_1x2,,Brooklyn Nets (KARMA),1.43,False
2026-08-13T00:46:54.355124+00:00,13673664438,GG League - 4x5 Min de juego,False,Charlotte Hornets,CALAMITY,Orlando Magic,HUNCHO,Charlotte Hornets (CALAMITY),Orlando Magic (HUNCHO),,,,13/08/2026 00:51:00,97,moneyline_1x2,,Charlotte Hornets (CALAMITY),2.05,False
2026-08-13T00:46:54.355124+00:00,13673664438,GG League - 4x5 Min de juego,False,Charlotte Hornets,CALAMITY,Orlando Magic,HUNCHO,Charlotte Hornets (CALAMITY),Orlando Magic (HUNCHO),,,,13/08/2026 00:51:00,97,moneyline_1x2,,Orlando Magic (HUNCHO),1.62,False
2026-08-13T00:46:54.355124+00:00,13673664439,GG League - 4x5 Min de juego,False,Orlando Magic,UNDERRATED,Dallas Mavericks,SPARKZ,Orlando Magic (UNDERRATED),Dallas Mavericks (SPARKZ),,,,13/08/2026 00:55:00,97,moneyline_1x2,,Orlando Magic (UNDERRATED),2.3,False
2026-08-13T00:46:54.355124+00:00,13673664439,GG League - 4x5 Min de juego,False,Orlando Magic,UNDERRATED,Dallas Mavericks,SPARKZ,Orlando Magic (UNDERRATED),Dallas Mavericks (SPARKZ),,,,13/08/2026 00:55:00,97,moneyline_1x2,,Dallas Mavericks (SPARKZ),1.5,False
2026-08-13T00:46:54.355124+00:00,13673667031,GG League - 4x5 Min de juego,False,Oklahoma City Thunder,AZURE,New York Knicks,PATIENCE,Oklahoma City Thunder (AZURE),New York Knicks (PATIENCE),,,,13/08/2026 01:11:00,97,moneyline_1x2,,Oklahoma City Thunder (AZURE),1.5,False
2026-08-13T00:46:54.355124+00:00,13673667031,GG League - 4x5 Min de juego,False,Oklahoma City Thunder,AZURE,New York Knicks,PATIENCE,Oklahoma City Thunder (AZURE),New York Knicks (PATIENCE),,,,13/08/2026 01:11:00,97,moneyline_1x2,,New York Knicks (PATIENCE),2.35,False
2026-08-13T00:46:54.355124+00:00,13673664496,GG League - 4x5 Min de juego,False,Milwaukee Bucks,GENERAL,Phoenix Suns,NIGHTHAWK,Milwaukee Bucks (GENERAL),Phoenix Suns (NIGHTHAWK),,,,13/08/2026 01:03:00,97,moneyline_1x2,,Milwaukee Bucks (GENERAL),2.7,False
2026-08-13T00:46:54.355124+00:00,13673664496,GG League - 4x5 Min de juego,False,Milwaukee Bucks,GENERAL,Phoenix Suns,NIGHTHAWK,Milwaukee Bucks (GENERAL),Phoenix Suns (NIGHTHAWK),,,,13/08/2026 01:03:00,97,moneyline_1x2,,Phoenix Suns (NIGHTHAWK),1.37,False
2026-08-13T00:48:59.662285+00:00,13673664438,GG League - 4x5 Min de juego,False,Charlotte Hornets,CALAMITY,Orlando Magic,HUNCHO,Charlotte Hornets (CALAMITY),Orlando Magic (HUNCHO),,,,13/08/2026 00:51:00,97,moneyline_1x2,,Charlotte Hornets (CALAMITY),2.05,False
2026-08-13T00:48:59.662285+00:00,13673664438,GG League - 4x5 Min de juego,False,Charlotte Hornets,CALAMITY,Orlando Magic,HUNCHO,Charlotte Hornets (CALAMITY),Orlando Magic (HUNCHO),,,,13/08/2026 00:51:00,97,moneyline_1x2,,Orlando Magic (HUNCHO),1.62,False
2026-08-13T00:48:59.662285+00:00,13673664439,GG League - 4x5 Min de juego,False,Orlando Magic,UNDERRATED,Dallas Mavericks,SPARKZ,Orlando Magic (UNDERRATED),Dallas Mavericks (SPARKZ),,,,13/08/2026 00:55:00,97,moneyline_1x2,,Orlando Magic (UNDERRATED),2.3,False
2026-08-13T00:48:59.662285+00:00,13673664439,GG League - 4x5 Min de juego,False,Orlando Magic,UNDERRATED,Dallas Mavericks,SPARKZ,Orlando Magic (UNDERRATED),Dallas Mavericks (SPARKZ),,,,13/08/2026 00:55:00,97,moneyline_1x2,,Dallas Mavericks (SPARKZ),1.5,False
2026-08-13T00:48:59.662285+00:00,13673667031,GG League - 4x5 Min de juego,False,Oklahoma City Thunder,AZURE,New York Knicks,PATIENCE,Oklahoma City Thunder (AZURE),New York Knicks (PATIENCE),,,,13/08/2026 01:11:00,97,moneyline_1x2,,Oklahoma City Thunder (AZURE),1.5,False
2026-08-13T00:48:59.662285+00:00,13673667031,GG League - 4x5 Min de juego,False,Oklahoma City Thunder,AZURE,New York Knicks,PATIENCE,Oklahoma City Thunder (AZURE),New York Knicks (PATIENCE),,,,13/08/2026 01:11:00,97,moneyline_1x2,,New York Knicks (PATIENCE),2.35,False
2026-08-13T00:48:59.662285+00:00,13673664496,GG League - 4x5 Min de juego,False,Milwaukee Bucks,GENERAL,Phoenix Suns,NIGHTHAWK,Milwaukee Bucks (GENERAL),Phoenix Suns (NIGHTHAWK),,,,13/08/2026 01:03:00,97,moneyline_1x2,,Milwaukee Bucks (GENERAL),2.7,False
2026-08-13T00:48:59.662285+00:00,13673664496,GG League - 4x5 Min de juego,False,Milwaukee Bucks,GENERAL,Phoenix Suns,NIGHTHAWK,Milwaukee Bucks (GENERAL),Phoenix Suns (NIGHTHAWK),,,,13/08/2026 01:03:00,97,moneyline_1x2,,Phoenix Suns (NIGHTHAWK),1.37,False
2026-08-13T00:51:09.664939+00:00,13673664439,GG League - 4x5 Min de juego,False,Orlando Magic,UNDERRATED,Dallas Mavericks,SPARKZ,Orlando Magic (UNDERRATED),Dallas Mavericks (SPARKZ),,,,13/08/2026 00:55:00,97,moneyline_1x2,,Orlando Magic (UNDERRATED),2.3,False
2026-08-13T00:51:09.664939+00:00,13673664439,GG League - 4x5 Min de juego,False,Orlando Magic,UNDERRATED,Dallas Mavericks,SPARKZ,Orlando Magic (UNDERRATED),Dallas Mavericks (SPARKZ),,,,13/08/2026 00:55:00,97,moneyline_1x2,,Dallas Mavericks (SPARKZ),1.5,False
2026-08-13T00:51:09.664939+00:00,13673667133,GG League - 4x5 Min de juego,False,Orlando Magic,HUNCHO,Denver Nuggets,CURSE,Orlando Magic (HUNCHO),Denver Nuggets (CURSE),,,,13/08/2026 01:23:00,97,moneyline_1x2,,Orlando Magic (HUNCHO),2.2,False
2026-08-13T00:51:09.664939+00:00,13673667133,GG League - 4x5 Min de juego,False,Orlando Magic,HUNCHO,Denver Nuggets,CURSE,Orlando Magic (HUNCHO),Denver Nuggets (CURSE),,,,13/08/2026 01:23:00,97,moneyline_1x2,,Denver Nuggets (CURSE),1.55,False
2026-08-13T00:51:09.664939+00:00,13673667031,GG League - 4x5 Min de juego,False,Oklahoma City Thunder,AZURE,New York Knicks,PATIENCE,Oklahoma City Thunder (AZURE),New York Knicks (PATIENCE),,,,13/08/2026 01:11:00,97,moneyline_1x2,,Oklahoma City Thunder (AZURE),1.5,False
2026-08-13T00:51:09.664939+00:00,13673667031,GG League - 4x5 Min de juego,False,Oklahoma City Thunder,AZURE,New York Knicks,PATIENCE,Oklahoma City Thunder (AZURE),New York Knicks (PATIENCE),,,,13/08/2026 01:11:00,97,moneyline_1x2,,New York Knicks (PATIENCE),2.35,False
2026-08-13T00:51:09.664939+00:00,13673664496,GG League - 4x5 Min de juego,False,Milwaukee Bucks,GENERAL,Phoenix Suns,NIGHTHAWK,Milwaukee Bucks (GENERAL),Phoenix Suns (NIGHTHAWK),,,,13/08/2026 01:03:00,97,moneyline_1x2,,Milwaukee Bucks (GENERAL),2.7,False
2026-08-13T00:51:09.664939+00:00,13673664496,GG League - 4x5 Min de juego,False,Milwaukee Bucks,GENERAL,Phoenix Suns,NIGHTHAWK,Milwaukee Bucks (GENERAL),Phoenix Suns (NIGHTHAWK),,,,13/08/2026 01:03:00,97,moneyline_1x2,,Phoenix Suns (NIGHTHAWK),1.37,False
2026-08-13T00:52:52.658026+00:00,13673664438,GG League - 4x5 Min de juego,False,Charlotte Hornets,CALAMITY,Orlando Magic,HUNCHO,Charlotte Hornets (CALAMITY),Orlando Magic (HUNCHO),,,,13/08/2026 00:51:00,97,moneyline_1x2,,Charlotte Hornets (CALAMITY),2.05,False
2026-08-13T00:52:52.658026+00:00,13673664438,GG League - 4x5 Min de juego,False,Charlotte Hornets,CALAMITY,Orlando Magic,HUNCHO,Charlotte Hornets (CALAMITY),Orlando Magic (HUNCHO),,,,13/08/2026 00:51:00,97,moneyline_1x2,,Orlando Magic (HUNCHO),1.62,False
2026-08-13T00:52:52.658026+00:00,13673664439,GG League - 4x5 Min de juego,False,Orlando Magic,UNDERRATED,Dallas Mavericks,SPARKZ,Orlando Magic (UNDERRATED),Dallas Mavericks (SPARKZ),,,,13/08/2026 00:55:00,97,moneyline_1x2,,Orlando Magic (UNDERRATED),2.3,False
2026-08-13T00:52:52.658026+00:00,13673664439,GG League - 4x5 Min de juego,False,Orlando Magic,UNDERRATED,Dallas Mavericks,SPARKZ,Orlando Magic (UNDERRATED),Dallas Mavericks (SPARKZ),,,,13/08/2026 00:55:00,97,moneyline_1x2,,Dallas Mavericks (SPARKZ),1.5,False
2026-08-13T00:52:52.658026+00:00,13673667133,GG League - 4x5 Min de juego,False,Orlando Magic,HUNCHO,Denver Nuggets,CURSE,Orlando Magic (HUNCHO),Denver Nuggets (CURSE),,,,13/08/2026 01:23:00,97,moneyline_1x2,,Orlando Magic (HUNCHO),2.2,False
2026-08-13T00:52:52.658026+00:00,13673667133,GG League - 4x5 Min de juego,False,Orlando Magic,HUNCHO,Denver Nuggets,CURSE,Orlando Magic (HUNCHO),Denver Nuggets (CURSE),,,,13/08/2026 01:23:00,97,moneyline_1x2,,Denver Nuggets (CURSE),1.55,False
2026-08-13T00:52:52.658026+00:00,13673667031,GG League - 4x5 Min de juego,False,Oklahoma City Thunder,AZURE,New York Knicks,PATIENCE,Oklahoma City Thunder (AZURE),New York Knicks (PATIENCE),,,,13/08/2026 01:11:00,97,moneyline_1x2,,Oklahoma City Thunder (AZURE),1.5,False
2026-08-13T00:52:52.658026+00:00,13673667031,GG League - 4x5 Min de juego,False,Oklahoma City Thunder,AZURE,New York Knicks,PATIENCE,Oklahoma City Thunder (AZURE),New York Knicks (PATIENCE),,,,13/08/2026 01:11:00,97,moneyline_1x2,,New York Knicks (PATIENCE),2.35,False
2026-08-13T00:52:52.658026+00:00,13673664496,GG League - 4x5 Min de juego,False,Milwaukee Bucks,GENERAL,Phoenix Suns,NIGHTHAWK,Milwaukee Bucks (GENERAL),Phoenix Suns (NIGHTHAWK),,,,13/08/2026 01:03:00,97,moneyline_1x2,,Milwaukee Bucks (GENERAL),2.7,False
2026-08-13T00:52:52.658026+00:00,13673664496,GG League - 4x5 Min de juego,False,Milwaukee Bucks,GENERAL,Phoenix Suns,NIGHTHAWK,Milwaukee Bucks (GENERAL),Phoenix Suns (NIGHTHAWK),,,,13/08/2026 01:03:00,97,moneyline_1x2,,Phoenix Suns (NIGHTHAWK),1.37,False
2026-08-13T01:14:52.520398+00:00,13673664438,GG League - 4x5 Min de juego,True,Charlotte Hornets,CALAMITY,Orlando Magic,HUNCHO,Charlotte Hornets (CALAMITY),Orlando Magic (HUNCHO),4º cuarto,50,44,13/08/2026 00:51:00,97,moneyline_1x2,,Charlotte Hornets (CALAMITY),1.03,False
2026-08-13T01:14:52.520398+00:00,13673664438,GG League - 4x5 Min de juego,True,Charlotte Hornets,CALAMITY,Orlando Magic,HUNCHO,Charlotte Hornets (CALAMITY),Orlando Magic (HUNCHO),4º cuarto,50,44,13/08/2026 00:51:00,97,moneyline_1x2,,Orlando Magic (HUNCHO),7.5,False
2026-08-13T01:16:53.068997+00:00,13673667133,GG League - 4x5 Min de juego,False,Orlando Magic,HUNCHO,Denver Nuggets,CURSE,Orlando Magic (HUNCHO),Denver Nuggets (CURSE),,,,13/08/2026 01:23:00,97,moneyline_1x2,,Orlando Magic (HUNCHO),2.2,False
2026-08-13T01:16:53.068997+00:00,13673667133,GG League - 4x5 Min de juego,False,Orlando Magic,HUNCHO,Denver Nuggets,CURSE,Orlando Magic (HUNCHO),Denver Nuggets (CURSE),,,,13/08/2026 01:23:00,97,moneyline_1x2,,Denver Nuggets (CURSE),1.55,False
